time,open,high,low,close,Upper 2.0 R edge,Lower 2.0 R edge,VWAP,MA 1,MA 2
1779894000,4433.89,4438.57,4428.14,4432.14,4549.87,4477.820000000001,4465.460212712596,,
1779894900,4432.14,4436.01,4429.8,4436.01,4549.87,4477.820000000001,4464.996526153254,,
1779895800,4436.01,4441.61,4432.9,4434.09,4549.87,4477.820000000001,4464.507657689311,,
1779896700,4434.09,4438.68,4430.94,4436.39,4549.87,4477.820000000001,4464.094357253672,,
1779897600,4436.39,4441.91,4434.18,4440.16,4549.87,4477.820000000001,4463.779189664902,,
1779898500,4440.16,4447.61,4439.76,4446.8,4549.87,4477.820000000001,4463.610038121472,,
1779899400,4446.8,4453.25,4445.11,4450.64,4549.87,4477.820000000001,4463.49144015469,,
1779900300,4450.64,4453.28,4449.27,4450.64,4549.87,4477.820000000001,4463.374488640724,,
1779901200,4450.64,4451.69,4441.25,4444.13,4549.87,4477.820000000001,4463.118493621625,,
1779902100,4444.13,4451.21,4443.18,4449.65,4549.87,4477.820000000001,4462.950461082267,,
1779903000,4449.65,4454.29,4449.65,4450.49,4549.87,4477.820000000001,4462.861135703344,,
1779903900,4450.49,4454.03,4449.92,4450.38,4549.87,4477.820000000001,4462.794280775459,,
1779904800,4450.38,4452.2,4447.76,4450.05,4549.87,4477.820000000001,4462.719568709053,,
1779905700,4450.05,4458.24,4449.75,4455.42,4549.87,4477.820000000001,4462.664027477857,,
1779906600,4455.42,4456.45,4451.2,4453.07,4549.87,4477.820000000001,4462.627706555861,,
1779907500,4453.07,4454.91,4452.08,4454.22,4549.87,4477.820000000001,4462.599565387055,,
1779908400,4454.22,4454.61,4450.48,4451.75,4549.87,4477.820000000001,4462.551667671257,,
1779909300,4451.75,4454.01,4449.61,4451.06,4549.87,4477.820000000001,4462.486262503871,,
1779910200,4451.06,4454.8,4449.48,4453.49,4549.87,4477.820000000001,4462.430072934983,,
1779911100,4453.49,4453.74,4448.86,4450.98,4549.87,4477.820000000001,4462.346677013181,,
1779912000,4450.98,4455.4,4449.86,4455.4,4549.87,4477.820000000001,4462.323224457391,,
1779912900,4455.4,4458.91,4454.65,4454.91,4549.87,4477.820000000001,4462.30581842742,,
1779913800,4454.91,4455.65,4451.58,4453.71,4549.87,4477.820000000001,4462.290167349564,,
1779914700,4453.71,4456.38,4452.67,4455.48,4549.87,4477.820000000001,4462.276387908348,,
1779919200,4455.48,4465.78,4455.15,4457.41,4549.87,4477.820000000001,4459.446666666667,,
1779920100,4457.41,4461.86,4456.21,4459.49,4549.87,4477.820000000001,4459.3441157035095,,
1779921000,4459.49,4462.28,4454.77,4458.1,4549.87,4477.820000000001,4458.993102274975,,
1779921900,4458.1,4458.78,4454.74,4457.06,4549.87,4477.820000000001,4458.5992225555665,,
1779922800,4457.06,4457.82,4451.34,4453.42,4549.87,4477.820000000001,4457.370308443824,,
1779923700,4453.42,4454.79,4449.09,4450.29,4549.87,4477.820000000001,4455.802409638554,,
1779924600,4450.29,4454.19,4448.84,4450.66,4549.87,4477.820000000001,4455.0700648620605,,
1779925500,4450.66,4450.7,4443.49,4446.95,4549.87,4477.820000000001,4453.610362116335,,
1779926400,4446.95,4452.26,4444.23,4444.61,4549.87,4477.820000000001,4452.165158524243,,
1779927300,4444.61,4453.97,4443.66,4445.92,4549.87,4477.820000000001,4451.33215233386,,
1779928200,4445.92,4453.19,4443.55,4452.17,4549.87,4477.820000000001,4451.097409297922,,
1779929100,4452.17,4457.82,4450.56,4457.03,4549.87,4477.820000000001,4451.506462127483,,
1779930000,4457.03,4458.81,4437.45,4438.2,4549.87,4477.820000000001,4450.270157020959,,
1779930900,4438.2,4440.57,4416.97,4419,4549.87,4477.820000000001,4446.3319039963435,,
1779931800,4419,4426.43,4415.85,4417.83,4549.87,4477.820000000001,4442.35831585602,,
1779932700,4417.83,4420.36,4406.6,4409.65,4549.87,4477.820000000001,4438.644696419092,,
1779933600,4409.65,4412.64,4396.02,4402.5,4549.87,4477.820000000001,4434.890001518257,,
1779934500,4402.5,4408.72,4399.74,4406.19,4549.87,4477.820000000001,4433.22980335863,,
1779935400,4406.19,4410.42,4400.63,4402.11,4549.87,4477.820000000001,4431.554737610755,,
1779936300,4402.11,4402.5,4392.49,4394.37,,,4429.3668364772875,,
1779937200,4394.37,4397.98,4389.94,4394.11,,,4427.266270699675,,
1779938100,4394.11,4394.45,4381.71,4387.36,,,4424.664344715242,,
1779939000,4387.36,4387.73,4370.67,4376.54,,,4421.259795713377,,
1779939900,4376.54,4379.35,4368.21,4374.74,,,4418.908688615695,,
1779940800,4374.74,4382.19,4369.28,4376.43,4563.2300000000005,4302.18,4416.939328259703,,
1779941700,4376.43,4377.14,4365.85,4368.2,4563.2300000000005,4302.18,4415.059697931409,,
1779942600,4368.2,4375.03,4368.13,4373.83,4563.2300000000005,4302.18,4413.600740627876,,
1779943500,4373.83,4375.44,4367.89,4372.76,4563.2300000000005,4302.18,4411.980822365399,,
1779944400,4372.76,4377.57,4366.94,4375.42,4563.2300000000005,4302.18,4410.660014711409,,
1779945300,4375.42,4379.99,4371.33,4378.55,4563.2300000000005,4302.18,4409.771478999814,,
1779946200,4378.55,4393.55,4374.77,4389.44,4563.2300000000005,4302.18,4408.579510901917,,
1779947100,4389.44,4395.65,4387.53,4388.05,4563.2300000000005,4302.18,4407.828811041829,,
1779948000,4388.05,4390.34,4374.24,4375.89,4563.2300000000005,4302.18,4406.778400313784,,
1779948900,4375.89,4384.95,4373.91,4380.21,4563.2300000000005,4302.18,4406.100339566096,,
1779949800,4380.21,4385.45,4376.82,4380.4,4563.2300000000005,4302.18,4405.4954991893555,,
1779950700,4380.4,4384.46,4379.01,4383.5,4563.2300000000005,4302.18,4405.080118300473,,
1779951600,4383.5,4392.13,4383.43,4388.71,4563.2300000000005,4302.18,4404.659912307095,,
1779952500,4388.71,4396.47,4386.22,4392.68,4563.2300000000005,4302.18,4404.39341752074,,
1779953400,4392.68,4393.74,4385.29,4389.32,4563.2300000000005,4302.18,4404.123694336341,,
1779954300,4389.32,4391.02,4382.64,4387.52,4563.2300000000005,4302.18,4403.776261194819,,
1779955200,4387.52,4394.94,4386.39,4393.36,4563.2300000000005,4302.18,4403.49574081463,,
1779956100,4393.36,4394.45,4387.5,4389.78,4563.2300000000005,4302.18,4403.262899364339,,
1779957000,4389.78,4395.03,4386.21,4389.87,4563.2300000000005,4302.18,4403.0471688717935,,
1779957900,4389.87,4391.83,4385.58,4386.9,4563.2300000000005,4302.18,4402.855632349631,,
1779958800,4386.9,4391.08,4386.18,4389.29,4563.2300000000005,4302.18,4402.651667780735,,
1779959700,4389.29,4399.05,4388.53,4396.37,4563.2300000000005,4302.18,4402.5169252689475,,
1779960600,4396.37,4397.14,4390.02,4391.05,4563.2300000000005,4302.18,4402.333161314172,,
1779961500,4391.05,4396.45,4389.6,4393.44,4563.2300000000005,4302.18,4402.214646373185,,
1779962400,4393.44,4404.23,4391.39,4399.17,4563.2300000000005,4302.18,4402.156297017374,,
1779963300,4399.17,4402.58,4393.82,4401.16,4563.2300000000005,4302.18,4402.120737238068,,
1779964200,4401.16,4402.4,4387.9,4388.97,4563.2300000000005,4302.18,4401.98871120932,,
1779965100,4388.97,4388.97,4374.84,4382.95,4563.2300000000005,4302.18,4401.359060699063,,
1779966000,4382.95,4389.48,4381.58,4386.9,4563.2300000000005,4302.18,4401.021888248447,,
1779966900,4386.9,4390.59,4384.34,4384.84,4563.2300000000005,4302.18,4400.830852381806,,
1779967800,4384.84,4390.36,4380.84,4385.71,4563.2300000000005,4302.18,4400.504833295187,,
1779968700,4385.71,4388.5,4381.08,4388.03,4563.2300000000005,4302.18,4400.212629051887,,
1779969600,4388.03,4393.02,4387.86,4392.46,4563.2300000000005,4302.18,4400.081175553647,,
1779970500,4392.46,4392.85,4379.47,4384.79,4563.2300000000005,4302.18,4399.819136690011,,
1779971400,4384.79,4403.01,4383.69,4402.47,4563.2300000000005,4302.18,4399.70612842013,,
1779972300,4402.47,4433.78,4401.6,4432.1,4563.2300000000005,4302.18,4400.422329321353,,
1779973200,4432.1,4439.02,4424.94,4426.65,4563.2300000000005,4302.18,4401.610058018644,,
1779974100,4426.65,4434.22,4425.66,4428.67,4563.2300000000005,4302.18,4402.217982235161,,
1779975000,4428.67,4430.89,4417.97,4422.06,4563.2300000000005,4302.18,4403.18444418812,,
1779975900,4422.06,4434.38,4421.4,4430.12,4563.2300000000005,4302.18,4404.033189007343,,
1779976800,4430.12,4467.48,4420.36,4463.95,4563.2300000000005,4302.18,4406.454041160388,,
1779977700,4463.95,4473.07,4451.03,4460.67,4563.2300000000005,4302.18,4410.174891560507,,
1779978600,4460.67,4471.59,4452.77,4468.77,4563.2300000000005,4302.18,4412.4660593985745,,
1779979500,4468.77,4480.35,4461.91,4469.76,4563.2300000000005,4302.18,4414.7753091736095,,
1779980400,4469.76,4480.74,4468.64,4471.33,4563.2300000000005,4302.18,4416.301290138193,,
1779981300,4471.33,4482.2,4469.22,4476.7,4563.2300000000005,4302.18,4417.486674000345,,
1779982200,4476.7,4484.88,4476.7,4479.24,4563.2300000000005,4302.18,4418.794387891564,,
1779983100,4479.24,4482.38,4478.52,4482.09,4563.2300000000005,4302.18,4419.628631521361,,
1779984000,4482.09,4485.66,4477.82,4484.27,4563.2300000000005,4302.18,4420.45484741489,,
1779984900,4484.27,4502.87,4483.92,4500.52,4563.2300000000005,4302.18,4422.003277746277,,
1779985800,4500.52,4506.33,4497.42,4504.31,4563.2300000000005,4302.18,4423.238071173933,,
1779986700,4504.31,4511.04,4504.17,4510.97,4563.2300000000005,4302.18,4424.346292774188,,
1779987600,4510.97,4514.52,4503.45,4503.83,4563.2300000000005,4302.18,4425.528712588786,,
1779988500,4503.83,4506.86,4501.1,4502.1,4563.2300000000005,4302.18,4426.553171300434,,
1779989400,4502.1,4507.06,4502.08,4504.91,4563.2300000000005,4302.18,4427.233270362263,,
1779990300,4504.91,4510.08,4504.54,4508.79,4563.2300000000005,4302.18,4427.834411897023,,
1779991200,4508.79,4516.43,4506.07,4507.65,4563.2300000000005,4302.18,4428.62127212525,,
1779992100,4507.65,4512.77,4505.16,4506.07,4563.2300000000005,4302.18,4429.350201936545,,
1779993000,4506.07,4506.29,4500.78,4501.72,4563.2300000000005,4302.18,4429.922196867101,,
1779993900,4501.72,4503.66,4498.37,4501.31,4563.2300000000005,4302.18,4430.426798441878,,
1779994800,4501.31,4503.69,4498.56,4499.64,4563.2300000000005,4302.18,4430.926980951694,,
1779995700,4499.64,4503.03,4499.52,4499.57,4563.2300000000005,4302.18,4431.294919428917,,
1779996600,4499.57,4501.87,4498.87,4499.08,4563.2300000000005,4302.18,4431.605076687706,,
1779997500,4499.08,4500.46,4497.16,4497.67,4563.2300000000005,4302.18,4432.078932039651,,
1779998400,4497.67,4498.71,4494.75,4497.02,4563.2300000000005,4302.18,4432.334822766423,,
1779999300,4497.02,4500.7,4496.29,4499.31,4563.2300000000005,4302.18,4432.537454857461,,
1780000200,4499.31,4500.58,4494.86,4495.33,4563.2300000000005,4302.18,4432.690748485038,,
1780001100,4495.33,4496.47,4494.32,4495.4,4563.2300000000005,4302.18,4432.823339084335,,
1780005600,4495.4,4498.73,4491.34,4493.71,4563.2300000000005,4302.18,4494.593333333333,,
1780006500,4493.71,4496.44,4492.32,4495.68,4563.2300000000005,4302.18,4494.691179487179,,
1780007400,4495.68,4496.57,4492.75,4495.43,4563.2300000000005,4302.18,4494.75948295473,,
1780008300,4495.43,4496.08,4490.91,4491.4,4563.2300000000005,4302.18,4494.3539536922435,,
1780009200,4491.4,4495.75,4490.7,4494.52,4563.2300000000005,4302.18,4494.210010639821,,
1780010100,4494.52,4497.13,4491.57,4492.14,4563.2300000000005,4302.18,4494.127208888419,,
1780011000,4492.14,4494.87,4489.15,4490.1,4563.2300000000005,4302.18,4493.656081361379,,
1780011900,4490.1,4496.53,4488.92,4495.18,4563.2300000000005,4302.18,4493.6385205327415,,
1780012800,4495.18,4498.28,4491.9,4497.49,4563.2300000000005,4302.18,4494.277197487677,,
1780013700,4497.49,4500.53,4495.78,4500.26,4563.2300000000005,4302.18,4494.9755757943285,,
1780014600,4500.26,4500.53,4493.2,4498.22,4563.2300000000005,4302.18,4495.26963740508,,
1780015500,4498.22,4498.33,4493.35,4496.17,4563.2300000000005,4302.18,4495.3395749491965,,
1780016400,4496.17,4515.48,4492.53,4515.04,4563.2300000000005,4302.18,4498.18257166235,,
1780017300,4515.04,4520.83,4504.89,4505.37,4563.2300000000005,4302.18,4499.842268036407,,
1780018200,4505.37,4508.55,4502.46,4506.48,4563.2300000000005,4302.18,4500.518625415628,,
1780019100,4506.48,4507.55,4501.09,4506.26,4563.2300000000005,4302.18,4500.875810230976,,
1780020000,4506.26,4511.14,4504.14,4506.85,4563.2300000000005,4302.18,4501.326441918586,,
1780020900,4506.85,4508.85,4501.82,4502.93,4563.2300000000005,4302.18,4501.456901013893,,
1780021800,4502.93,4507.66,4498.26,4504.96,4563.2300000000005,4302.18,4501.569096977249,,
1780022700,4504.96,4508.12,4501.06,4501.59,,,4501.666371008733,,
1780023600,4501.59,4501.87,4494.83,4496.17,,,4501.416375947709,,
1780024500,4496.17,4499.19,4495.16,4496.75,,,4501.214282442187,,
1780025400,4496.75,4499.05,4494.7,4498.22,,,4501.098776680287,,
1780026300,4498.22,4501.82,4496.46,4501.45,,,4501.063807440582,,
1780027200,4501.45,4505.39,4501.22,4502.18,4577.43,4435.929999999999,4501.114341587046,,
1780028100,4502.18,4511.77,4501.91,4508.98,4577.43,4435.929999999999,4501.339540704808,,
1780029000,4508.98,4510.94,4508.33,4510.45,4577.43,4435.929999999999,4501.56207402395,,
1780029900,4510.45,4515.05,4508.18,4513.94,4577.43,4435.929999999999,4501.7939114203955,,
1780030800,4513.94,4515.54,4508.71,4511.89,4577.43,4435.929999999999,4501.999232660868,,
1780031700,4511.89,4512.18,4509.4,4509.77,4577.43,4435.929999999999,4502.136752007526,,
1780032600,4509.77,4512.65,4502.55,4506.72,4577.43,4435.929999999999,4502.3792094574765,,
1780033500,4506.72,4515.69,4503.9,4515.01,4577.43,4435.929999999999,4502.706349405673,,
1780034400,4515.01,4522.49,4511.13,4515.7,4577.43,4435.929999999999,4503.531760845661,,
1780035300,4515.7,4521.52,4509.85,4516.66,4577.43,4435.929999999999,4504.0749004204035,,
1780036200,4516.66,4520.85,4511.34,4516.54,4577.43,4435.929999999999,4504.498994598425,,
1780037100,4516.54,4524.11,4515.1,4523.62,4577.43,4435.929999999999,4504.974673789558,,
1780038000,4523.62,4523.97,4516,4516.3,4577.43,4435.929999999999,4505.421030012127,,
1780038900,4516.3,4517.13,4510.74,4514.04,4577.43,4435.929999999999,4505.670836785318,,
1780039800,4514.04,4526.22,4512.78,4525.14,4577.43,4435.929999999999,4506.214723847498,,
1780040700,4525.14,4526.18,4521.99,4524.78,4577.43,4435.929999999999,4506.585705016364,,
1780041600,4524.78,4524.94,4514.11,4515.2,4577.43,4435.929999999999,4506.908255475155,,
1780042500,4515.2,4517.96,4512.42,4516.89,4577.43,4435.929999999999,4507.11610937879,,
1780043400,4516.89,4518,4513.95,4515.08,4577.43,4435.929999999999,4507.269194903389,,
1780044300,4515.08,4516.44,4510,4515.08,4577.43,4435.929999999999,4507.398289068001,,
1780045200,4515.08,4530.3,4513.18,4529.13,4577.43,4435.929999999999,4507.81312089142,,
1780046100,4529.13,4532.39,4522.19,4528.7,4577.43,4435.929999999999,4508.331657315957,,
1780047000,4528.7,4532.63,4524.69,4532.35,4577.43,4435.929999999999,4508.768028991206,,
1780047900,4532.35,4539.82,4529.58,4531.11,4577.43,4435.929999999999,4509.325381607121,,
1780048800,4531.11,4531.11,4525.44,4528.54,4577.43,4435.929999999999,4509.654918371865,,
1780049700,4528.54,4530.98,4525.75,4530.4,4577.43,4435.929999999999,4509.9741354118005,,
1780050600,4530.4,4543.13,4530.39,4537.85,4577.43,4435.929999999999,4510.56188180687,,
1780051500,4537.85,4541.02,4535.25,4538.54,4577.43,4435.929999999999,4511.046472191152,,
1780052400,4538.54,4540.42,4530.62,4532.14,4577.43,4435.929999999999,4511.486078969926,,
1780053300,4532.14,4534.52,4526.77,4528.06,4577.43,4435.929999999999,4511.847001299964,,
1780054200,4528.06,4531.36,4525.84,4530.98,4577.43,4435.929999999999,4512.126144235111,,
1780055100,4530.98,4538.9,4527.29,4538.35,4577.43,4435.929999999999,4512.641405678412,,
1780056000,4538.35,4538.54,4526.91,4528.26,4577.43,4435.929999999999,4513.093063504765,,
1780056900,4528.26,4531.97,4519.93,4522.42,4577.43,4435.929999999999,4513.380250657812,,
1780057800,4522.42,4523.39,4512.46,4514.15,4577.43,4435.929999999999,4513.4805192321055,,
1780058700,4514.15,4524.15,4512.59,4523.16,4577.43,4435.929999999999,4513.631436932693,,
1780059600,4523.16,4526.87,4516.9,4522.65,4577.43,4435.929999999999,4513.905972582226,,
1780060500,4522.65,4529.13,4521.19,4528.08,4577.43,4435.929999999999,4514.19017382478,,
1780061400,4528.08,4535.5,4522.3,4533.03,4577.43,4435.929999999999,4514.902481275612,,
1780062300,4533.03,4540.72,4529.56,4536.64,4577.43,4435.929999999999,4515.655963141124,,
1780063200,4536.64,4552.64,4535.05,4543.77,4577.43,4435.929999999999,4516.841080332068,,
1780064100,4543.77,4545.19,4526.02,4529.71,4577.43,4435.929999999999,4517.619511254172,,
1780065000,4529.71,4541.84,4525.25,4540.23,4577.43,4435.929999999999,4518.374144596807,,
1780065900,4540.23,4570.64,4536.51,4564.05,4577.43,4435.929999999999,4520.65719563195,,
1780066800,4564.05,4595.32,4563.86,4589.81,4577.43,4435.929999999999,4524.14235086535,,
1780067700,4589.81,4591.57,4577.94,4578.59,4577.43,4435.929999999999,4526.156763546125,,
1780068600,4578.59,4583.36,4561.24,4566.64,4577.43,4435.929999999999,4527.613215580251,,
1780069500,4566.64,4571.52,4557.5,4571.15,4577.43,4435.929999999999,4528.51792936272,,
1780070400,4571.15,4572.25,4559.79,4563.65,4577.43,4435.929999999999,4529.080418145607,,
1780071300,4563.65,4567.73,4560.3,4563.04,4577.43,4435.929999999999,4529.587288541538,,
1780072200,4563.04,4573.52,4561.91,4569.38,4577.43,4435.929999999999,4530.29084663899,,
1780073100,4569.38,4569.39,4560.99,4566.78,4577.43,4435.929999999999,4530.749643266475,,
1780074000,4566.78,4568.41,4563.33,4563.93,4577.43,4435.929999999999,4531.14024437669,,
1780074900,4563.93,4566.89,4560.69,4561.98,4577.43,4435.929999999999,4531.648630436816,,
1780075800,4561.98,4562.36,4553.09,4553.97,4577.43,4435.929999999999,4531.990734861158,,
1780076700,4553.97,4557.56,4551.42,4553.39,4577.43,4435.929999999999,4532.245597615153,,
1780077600,4553.39,4558.7,4552.39,4558.13,4577.43,4435.929999999999,4532.516585449881,,
1780078500,4558.13,4560.19,4555.45,4559.21,4577.43,4435.929999999999,4532.733972473248,,
1780079400,4559.21,4561.52,4557.44,4557.86,4577.43,4435.929999999999,4532.8917974375345,,
1780080300,4557.86,4557.86,4550.69,4553.32,4577.43,4435.929999999999,4533.20388185549,,
1780081200,4553.32,4560.11,4552.33,4558.3,4577.43,4435.929999999999,4533.388117426044,,
1780082100,4558.3,4559.04,4554.74,4555.27,4577.43,4435.929999999999,4533.541188528496,,
1780083000,4555.27,4556.27,4551.13,4551.51,4577.43,4435.929999999999,4533.712860289244,,
1780083900,4551.51,4551.68,4542.77,4545.72,4577.43,4435.929999999999,4533.96500668964,,
1780084800,4545.72,4549.16,4542.8,4548.79,4577.43,4435.929999999999,4534.056878709197,,
1780085700,4548.79,4548.82,4541.94,4542.35,4577.43,4435.929999999999,4534.089703599412,,
1780086600,4542.35,4543.73,4541.01,4543.42,4577.43,4435.929999999999,4534.10371039357,,
1780264800,4543.42,4543.42,4517.57,4534.31,,,4531.766666666666,,
1780265700,4534.31,4536.48,4530.91,4533.12,,,4532.404036044745,,
1780266600,4533.12,4536.48,4530.76,4535.53,,,4532.841816871452,,
1780267500,4535.53,4540.44,4534.73,4535.22,,,4533.518304336422,,
1780268400,4535.22,4543.26,4534.61,4542.62,,,4534.329743520863,,
1780269300,4542.62,4545.32,4540.1,4544.99,,,4535.410962193499,,
1780270200,4544.99,4545.88,4538.19,4541.91,,,4536.232905846239,,
1780271100,4541.91,4544.82,4538.26,4539.15,,,4536.806966611536,,
1780272000,4539.15,4546.14,4537.17,4540.35,,,4537.583105592707,,
1780272900,4540.35,4544.36,4537.42,4543.33,,,4538.059035904004,,
1780273800,4543.33,4545.14,4535.23,4535.97,,,4538.129649957518,,
1780274700,4535.97,4542.76,4535.68,4540.55,,,4538.271977287908,,
1780275600,4540.55,4541.48,4525.81,4533.88,,,4537.56030159597,,
1780276500,4533.88,4536.56,4527.89,4528.81,,,4536.928160533808,,
1780277400,4528.81,4533.83,4526.96,4533.03,,,4536.449777944861,,
1780278300,4533.03,4533.59,4523.71,4525.14,,,4535.754899687534,,
1780279200,4525.14,4534.04,4524.24,4532.06,,,4535.411646999702,,
1780280100,4532.06,4534.63,4529.47,4530.38,,,4535.281799248388,,
1780281000,4530.38,4531.11,4522.27,4523,,,4534.623588142128,,
1780281900,4523,4525.11,4521.09,4521.56,,,4534.0439069162885,,
1780282800,4521.56,4525.54,4515.4,4518.83,,,4533.361114026016,,
1780283700,4518.83,4521.37,4513.49,4520.43,,,4532.68069813069,,
1780284600,4520.43,4523.96,4509.53,4510.58,,,4532.044515768446,,
1780285500,4510.58,4516.37,4509.74,4516.28,,,4531.603273948125,,
1780286400,4516.28,4519.78,4512.28,4514.75,4577.019999999999,4488.170000000001,4531.252556942523,,
1780287300,4514.75,4518.59,4514.72,4515.82,4577.019999999999,4488.170000000001,4531.0244180219515,,
1780288200,4515.82,4517.28,4513.53,4514.52,4577.019999999999,4488.170000000001,4530.719433593497,,
1780289100,4514.52,4515.15,4507.94,4514.44,4577.019999999999,4488.170000000001,4530.272478622797,,
1780290000,4514.44,4519.11,4513.54,4518.21,4577.019999999999,4488.170000000001,4529.970977049664,,
1780290900,4518.21,4523.64,4517.63,4520.51,4577.019999999999,4488.170000000001,4529.779306044998,,
1780291800,4520.51,4522.14,4512.58,4519.85,4577.019999999999,4488.170000000001,4529.236829871896,,
1780292700,4519.85,4525.36,4516.96,4517.85,4577.019999999999,4488.170000000001,4528.907313437517,,
1780293600,4517.85,4518.62,4512.44,4514.02,4577.019999999999,4488.170000000001,4528.336576126094,,
1780294500,4514.02,4515.7,4504.78,4514.44,4577.019999999999,4488.170000000001,4527.6757781629685,,
1780295400,4514.44,4514.87,4501.51,4504.58,4577.019999999999,4488.170000000001,4526.899663648926,,
1780296300,4504.58,4505.06,4500.1,4501.55,4577.019999999999,4488.170000000001,4526.002532673247,,
1780297200,4501.55,4510.11,4500.56,4507.26,4577.019999999999,4488.170000000001,4525.344094345718,,
1780298100,4507.26,4508.37,4503.18,4503.73,4577.019999999999,4488.170000000001,4524.873024411232,,
1780299000,4503.73,4507.76,4497.79,4498.08,4577.019999999999,4488.170000000001,4524.216291915098,,
1780299900,4498.08,4502.99,4492.3,4502.99,4577.019999999999,4488.170000000001,4523.423574963707,,
1780300800,4502.99,4504.4,4493.37,4495.64,4577.019999999999,4488.170000000001,4522.515830839638,,
1780301700,4495.64,4496.97,4489.96,4496.04,4577.019999999999,4488.170000000001,4521.738254730558,,
1780302600,4496.04,4500.37,4492.55,4499.9,4577.019999999999,4488.170000000001,4521.242914677727,,
1780303500,4499.9,4502.55,4495.35,4497.96,4577.019999999999,4488.170000000001,4520.717721280389,,
1780304400,4497.96,4500.69,4497.37,4499.59,4577.019999999999,4488.170000000001,4520.375459138595,,
1780305300,4499.59,4506.33,4496.27,4496.31,4577.019999999999,4488.170000000001,4519.9548014737165,,
1780306200,4496.31,4499.23,4489.01,4498.18,4577.019999999999,4488.170000000001,4519.309632911108,,
1780307100,4498.18,4498.32,4493.67,4495.78,4577.019999999999,4488.170000000001,4518.875609563958,,
1780308000,4495.78,4502.04,4495.73,4501.68,4577.019999999999,4488.170000000001,4518.607912371957,,
1780308900,4501.68,4503.35,4496.08,4500.79,4577.019999999999,4488.170000000001,4518.333538757059,,
1780309800,4500.79,4507.35,4500.4,4505.89,4577.019999999999,4488.170000000001,4518.114911093391,,
1780310700,4505.89,4510.97,4502.42,4503.85,4577.019999999999,4488.170000000001,4517.9051004515795,,
1780311600,4503.85,4506.7,4499.76,4504.88,4577.019999999999,4488.170000000001,4517.6443269977735,,
1780312500,4504.88,4512.9,4503.99,4510.62,4577.019999999999,4488.170000000001,4517.5100595859685,,
1780313400,4510.62,4512.21,4506.16,4507.04,4577.019999999999,4488.170000000001,4517.377361772985,,
1780314300,4507.04,4509.72,4505.4,4505.73,4577.019999999999,4488.170000000001,4517.247019350705,,
1780315200,4505.73,4509.57,4502.96,4503.31,4577.019999999999,4488.170000000001,4517.051596374839,,
1780316100,4503.31,4507.78,4497.34,4505.61,4577.019999999999,4488.170000000001,4516.7237984153535,,
1780317000,4505.61,4508.22,4497.68,4507.32,4577.019999999999,4488.170000000001,4516.410669580047,,
1780317900,4507.32,4510.35,4498.5,4502.01,4577.019999999999,4488.170000000001,4516.103001328243,,
1780318800,4502.01,4503.86,4471.94,4483.97,4577.019999999999,4488.170000000001,4513.991359339998,,
1780319700,4483.97,4489.56,4462.31,4464.85,4577.019999999999,4488.170000000001,4510.756984079742,,
1780320600,4464.85,4478.68,4458.91,4466.84,4577.019999999999,4488.170000000001,4507.607356470789,,
1780321500,4466.84,4469.64,4448.2,4449.69,4577.019999999999,4488.170000000001,4504.694471709629,,
1780322400,4449.69,4462.02,4447.65,4461.15,4577.019999999999,4488.170000000001,4502.386388482974,,
1780323300,4461.15,4464.81,4449.67,4456.08,4577.019999999999,4488.170000000001,4500.7132553196525,,
1780324200,4456.08,4461.57,4453.58,4459.92,4577.019999999999,4488.170000000001,4499.597068105565,,
1780325100,4459.92,4461.22,4452.22,4458.7,4577.019999999999,4488.170000000001,4498.536395833371,,
1780326000,4458.7,4465.33,4455.09,4464.32,4577.019999999999,4488.170000000001,4497.678405024791,,
1780326900,4464.32,4470.24,4463.1,4468.2,4577.019999999999,4488.170000000001,4497.1541635053945,,
1780327800,4468.2,4479.71,4467.96,4472.23,4577.019999999999,4488.170000000001,4496.3998971738065,,
1780328700,4472.23,4475.41,4468.51,4473.93,4577.019999999999,4488.170000000001,4496.063988538839,,
1780329600,4473.93,4478.38,4465.05,4467.05,4577.019999999999,4488.170000000001,4495.686463659223,,
1780330500,4467.05,4469.53,4462.81,4467.86,4577.019999999999,4488.170000000001,4495.316352787629,,
1780331400,4467.86,4472.55,4467.57,4468.08,4577.019999999999,4488.170000000001,4494.979912475003,,
1780332300,4468.08,4482.06,4467.24,4479.96,4577.019999999999,4488.170000000001,4494.649214872709,,
1780333200,4479.96,4480.94,4471.49,4475.04,4577.019999999999,4488.170000000001,4494.342815795655,,
1780334100,4475.04,4482.76,4472.34,4482.39,4577.019999999999,4488.170000000001,4494.147498369706,,
1780335000,4482.39,4491.63,4480.15,4491.62,4577.019999999999,4488.170000000001,4493.958061640596,,
1780335900,4491.62,4495.51,4487.23,4487.31,4577.019999999999,4488.170000000001,4493.882900435678,,
1780336800,4487.31,4489.93,4486.04,4488.63,4577.019999999999,4488.170000000001,4493.838240373499,,
1780337700,4488.63,4490.03,4486.33,4486.43,4577.019999999999,4488.170000000001,4493.799088225514,,
1780338600,4486.43,4488.04,4484.73,4487.75,4577.019999999999,4488.170000000001,4493.76303520776,,
1780339500,4487.75,4488.58,4486.32,4486.53,4577.019999999999,4488.170000000001,4493.732085291509,,
1780340400,4486.53,4488.24,4484.71,4485.33,4577.019999999999,4488.170000000001,4493.686060576053,,
1780341300,4485.33,4486.6,4484.29,4484.58,4577.019999999999,4488.170000000001,4493.6384124087945,,
1780342200,4484.58,4485.69,4482.84,4483.27,4577.019999999999,4488.170000000001,4493.578627973221,,
1780343100,4483.27,4484.36,4478.95,4481.12,4577.019999999999,4488.170000000001,4493.4205058540265,,
1780344000,4481.12,4484.38,4480.05,4483.55,4577.019999999999,4488.170000000001,4493.3778394722385,,
1780344900,4483.55,4484.42,4482.02,4482.98,4577.019999999999,4488.170000000001,4493.354269161735,,
1780345800,4482.98,4484.76,4481.97,4482.6,4577.019999999999,4488.170000000001,4493.3309759337635,,
1780346700,4482.6,4485.72,4481.33,4484.53,4577.019999999999,4488.170000000001,4493.301602558596,,
1780351200,4484.53,4486.13,4481.42,4484.59,4577.019999999999,4488.170000000001,4484.046666666666,,
1780352100,4484.59,4485.21,4481.35,4481.46,4577.019999999999,4488.170000000001,4483.281416290565,,
1780353000,4481.46,4483.58,4479.5,4481.45,4577.019999999999,4488.170000000001,4482.843559843061,,
1780353900,4481.45,4486.42,4481.23,4485.34,4577.019999999999,4488.170000000001,4483.155527005432,,
1780354800,4485.34,4487.68,4481.6,4486.15,4577.019999999999,4488.170000000001,4483.529130592754,,
1780355700,4486.15,4488.23,4485.16,4487.13,4577.019999999999,4488.170000000001,4483.870183206462,,
1780356600,4487.13,4487.45,4480.47,4483.28,4577.019999999999,4488.170000000001,4483.844741220839,,
1780357500,4483.28,4485.85,4478.95,4484.45,4577.019999999999,4488.170000000001,4483.696454394238,,
1780358400,4484.45,4485.31,4476.39,4481.23,4577.019999999999,4488.170000000001,4482.8631841901915,,
1780359300,4481.23,4493.86,4480.67,4493.67,4577.019999999999,4488.170000000001,4484.26540952666,,
1780360200,4493.67,4497.13,4484.95,4486.98,4577.019999999999,4488.170000000001,4484.979508370693,,
1780361100,4486.98,4487.61,4480.57,4481.2,4577.019999999999,4488.170000000001,4484.763792027863,,
1780362000,4481.2,4491.5,4472.97,4490.01,4577.019999999999,4488.170000000001,4484.779340880938,,
1780362900,4490.01,4492.42,4480.73,4486.22,4577.019999999999,4488.170000000001,4485.0650887885095,,
1780363800,4486.22,4489.41,4479.54,4479.82,4577.019999999999,4488.170000000001,4484.799067294611,,
1780364700,4479.82,4482.35,4462.79,4473.92,4577.019999999999,4488.170000000001,4483.284666429543,,
1780365600,4473.92,4481.02,4472.15,4480.43,4577.019999999999,4488.170000000001,4482.806689784017,,
1780366500,4480.43,4484.66,4478.53,4481.98,4577.019999999999,4488.170000000001,4482.759695991007,,
1780367400,4481.98,4485.57,4474.24,4476.41,4577.019999999999,4488.170000000001,4482.536626194323,,
1780368300,4476.41,4486.53,4473.42,4486.09,,,4482.51559892885,,
1780369200,4486.09,4492.64,4485.62,4488.11,,,4482.7902594674115,,
1780370100,4488.11,4497.73,4485.56,4495.11,,,4483.227069989624,,
1780371000,4495.11,4499.42,4492.76,4497.13,,,4483.718656575213,,
1780371900,4497.13,4499.59,4495.23,4499.36,,,4483.9905003239155,,
1780372800,4499.36,4505.44,4497.74,4504.53,4551.68,4403.53,4484.435238914594,,
1780373700,4504.53,4510.03,4503.97,4504.66,4551.68,4403.53,4485.050353496562,,
1780374600,4504.66,4511.21,4503.37,4510.3,4551.68,4403.53,4485.858783069387,,
1780375500,4510.3,4518.38,4509.79,4517.57,4551.68,4403.53,4486.485344931192,,
1780376400,4517.57,4518.79,4515.13,4518.7,4551.68,4403.53,4487.1513906032105,,
1780377300,4518.7,4521.97,4516.63,4519.8,4551.68,4403.53,4487.974562939545,,
1780378200,4519.8,4528.16,4519.51,4524.39,4551.68,4403.53,4490.041308819004,,
1780379100,4524.39,4526.28,4516.29,4517.07,4551.68,4403.53,4490.82074398916,,
1780380000,4517.07,4524.81,4516.97,4518.79,4551.68,4403.53,4491.817921526608,,
1780380900,4518.79,4533.9,4517.87,4532.95,4551.68,4403.53,4493.220353794601,,
1780381800,4532.95,4538.59,4531.85,4532.77,4551.68,4403.53,4494.498272021907,,
1780382700,4532.77,4536.91,4532.06,4535.85,4551.68,4403.53,4495.396130762461,,
1780383600,4535.85,4541.65,4533.3,4539.86,4551.68,4403.53,4496.615735194384,,
1780384500,4539.86,4540.53,4533.22,4533.87,4551.68,4403.53,4497.433314093177,,
1780385400,4533.87,4535.28,4531,4531.73,4551.68,4403.53,4498.038105013744,,
1780386300,4531.73,4535.41,4527.89,4534.94,4551.68,4403.53,4498.760266317073,,
1780387200,4534.94,4539.23,4532.98,4534.84,4551.68,4403.53,4499.704193239014,,
1780388100,4534.84,4535.41,4529.4,4531.15,4551.68,4403.53,4500.443072692152,,
1780389000,4531.15,4533.46,4528.11,4528.89,4551.68,4403.53,4500.946139127082,,
1780389900,4528.89,4530.31,4525.97,4526.66,4551.68,4403.53,4501.309021416733,,
1780390800,4526.66,4534.24,4525.19,4533.92,4551.68,4403.53,4501.837220446905,,
1780391700,4533.92,4535.74,4525.03,4526.63,4551.68,4403.53,4502.370330481399,,
1780392600,4526.63,4527.37,4520.99,4525.42,4551.68,4403.53,4502.843170049521,,
1780393500,4525.42,4531.54,4524.81,4529.83,4551.68,4403.53,4503.218283055777,,
1780394400,4529.83,4531.66,4527.5,4528.91,4551.68,4403.53,4503.525477401299,,
1780395300,4528.91,4529.66,4524.48,4528.37,4551.68,4403.53,4503.794075464767,,
1780396200,4528.37,4528.86,4525.43,4528.86,4551.68,4403.53,4503.9976343533735,,
1780397100,4528.86,4533.89,4528.65,4533.02,4551.68,4403.53,4504.321790230638,,
1780398000,4533.02,4534.6,4528.57,4528.68,4551.68,4403.53,4504.659357038361,,
1780398900,4528.68,4530.17,4526.34,4529.96,4551.68,4403.53,4504.928059222224,,
1780399800,4529.96,4530.72,4526.25,4526.82,4551.68,4403.53,4505.185712661292,,
1780400700,4526.82,4530.59,4525.46,4527.56,4551.68,4403.53,4505.479356323042,,
1780401600,4527.56,4528.59,4524.93,4526.25,4551.68,4403.53,4505.76231243991,,
1780402500,4526.25,4534.05,4523.94,4529.32,4551.68,4403.53,4506.22895070756,,
1780403400,4529.32,4533.69,4521.64,4525,4551.68,4403.53,4506.801784799778,,
1780404300,4525,4525.95,4513.41,4514.65,4551.68,4403.53,4507.052969175623,,
1780405200,4514.65,4524.77,4511.5,4514.01,4551.68,4403.53,4507.437297348974,,
1780406100,4514.01,4517.26,4509.87,4510.69,4551.68,4403.53,4507.578912858778,,
1780407000,4510.69,4514.44,4506.12,4508.44,4551.68,4403.53,4507.693231487615,,
1780407900,4508.44,4513.8,4502.24,4502.24,4551.68,4403.53,4507.641940866107,,
1780408800,4502.24,4506.92,4497.85,4504.2,4551.68,4403.53,4507.463058353377,,
1780409700,4504.2,4505.08,4490.21,4495.61,4551.68,4403.53,4507.008678001558,,
1780410600,4495.61,4505.43,4495.6,4504.3,4551.68,4403.53,4506.886656871269,,
1780411500,4504.3,4506.34,4500.85,4504.04,4551.68,4403.53,4506.8275507485305,,
1780412400,4504.04,4508.02,4501.62,4503.26,4551.68,4403.53,4506.77414186772,,
1780413300,4503.26,4506.11,4501.29,4505.25,4551.68,4403.53,4506.730144630191,,
1780414200,4505.25,4508.43,4500.18,4502.43,4551.68,4403.53,4506.670037637285,,
1780415100,4502.43,4507.06,4501.06,4502.07,4551.68,4403.53,4506.623773111521,,
1780416000,4502.07,4502.85,4497.95,4498.08,4551.68,4403.53,4506.518670497238,,
1780416900,4498.08,4498.38,4490.06,4490.17,4551.68,4403.53,4506.316663671423,,
1780417800,4490.17,4491.5,4486.15,4489.72,4551.68,4403.53,4506.060702975482,,
1780418700,4489.72,4491.84,4488.94,4491.77,4551.68,4403.53,4505.911958261461,,
1780419600,4491.77,4493.03,4486.77,4489.53,4551.68,4403.53,4505.673701314071,,
1780420500,4489.53,4491.75,4486.3,4490.92,4551.68,4403.53,4505.430169091495,,
1780421400,4490.92,4491.66,4482.16,4484.47,4551.68,4403.53,4505.166612508233,,
1780422300,4484.47,4486.49,4482.58,4484.43,4551.68,4403.53,4504.986586673836,,
1780423200,4484.43,4488.42,4484.14,4485.05,4551.68,4403.53,4504.813909935282,,
1780424100,4485.05,4490.93,4483.93,4488.5,4551.68,4403.53,4504.650276285513,,
1780425000,4488.5,4489.42,4478.47,4480.39,4551.68,4403.53,4504.461444402672,,
1780425900,4480.39,4490.3,4480.1,4487.31,4551.68,4403.53,4504.33831858402,,
1780426800,4487.31,4489.15,4487,4487.14,4551.68,4403.53,4504.244629087398,,
1780427700,4487.14,4489.57,4485.56,4489.55,4551.68,4403.53,4504.150857508716,,
1780428600,4489.55,4490.19,4483.34,4487.38,4551.68,4403.53,4504.040844444896,,
1780429500,4487.38,4488.68,4485.6,4488.16,4551.68,4403.53,4503.899513218966,,
1780430400,4488.16,4489.91,4486.21,4489.91,4551.68,4403.53,4503.852586666177,,
1780431300,4489.91,4491.11,4488.57,4489.78,4551.68,4403.53,4503.824064387649,,
1780432200,4489.78,4491.01,4488.71,4488.88,4551.68,4403.53,4503.791754631718,,
1780433100,4488.88,4489.94,4486.24,4489.37,4551.68,4403.53,4503.744557849079,,
1780437600,4489.37,4493.18,4487.36,4489.35,4551.68,4403.53,4489.963333333334,,
1780438500,4489.35,4491.81,4487.6,4490.13,4551.68,4403.53,4489.915774591796,,
1780439400,4490.13,4491.34,4487.3,4488.95,4551.68,4403.53,4489.759183800624,,
1780440300,4488.95,4492.34,4483.72,4485.02,4551.68,4403.53,4488.892044574881,,
1780441200,4485.02,4488.96,4474.38,4477.5,4551.68,4403.53,4486.423229721326,,
1780442100,4477.5,4477.56,4461.87,4467.61,4551.68,4403.53,4480.908841692839,,
1780443000,4467.61,4474.94,4462.19,4474.87,4551.68,4403.53,4478.534479266195,,
1780443900,4474.87,4475.27,4468.91,4474.39,4551.68,4403.53,4477.859633277907,,
1780444800,4474.39,4479.8,4473.68,4475.9,4551.68,4403.53,4477.679005639982,,
1780445700,4475.9,4483.32,4474.4,4483.16,4551.68,4403.53,4477.884879420408,,
1780446600,4483.16,4496.77,4481.27,4495.57,4551.68,4403.53,4479.013415409505,,
1780447500,4495.57,4495.68,4485.67,4485.85,4551.68,4403.53,4479.67521271629,,
1780448400,4485.85,4487.45,4467,4471.34,4551.68,4403.53,4478.80374614725,,
1780449300,4471.34,4472.66,4463.2,4467.06,4551.68,4403.53,4477.59015512042,,
1780450200,4467.06,4473.02,4464.91,4470.46,4551.68,4403.53,4476.867327462105,,
1780451100,4470.46,4477.21,4470.02,4475.66,4551.68,4403.53,4476.722138289404,,
1780452000,4475.66,4481.32,4472.87,4480.49,4551.68,4403.53,4476.802019603393,,
1780452900,4480.49,4480.98,4473.94,4478.77,4551.68,4403.53,4476.838688083283,,
1780453800,4478.77,4484.95,4474.85,4478.8,4551.68,4403.53,4476.955853856296,,
1780454700,4478.8,4482.01,4472.86,4481.81,,,4477.0564101846185,,
1780455600,4481.81,4487.59,4481.69,4485.49,,,4477.35893913524,,
1780456500,4485.49,4487.18,4483.06,4483.3,,,4477.573884135852,,
1780457400,4483.3,4485.81,4483.09,4484.34,,,4477.697792217138,,
1780458300,4484.34,4486.17,4482.4,4484.34,,,4477.80353034518,,
1780459200,4484.34,4487.08,4484.05,4487.01,4535.95,4414.7,4477.953342046651,,
1780460100,4487.01,4488.27,4476.9,4476.91,4535.95,4414.7,4478.00452243723,,
1780461000,4476.91,4477.2,4470.88,4473.37,4535.95,4414.7,4477.919487168238,,
1780461900,4473.37,4474.05,4468.15,4469.28,4535.95,4414.7,4477.788501939296,,
1780462800,4469.28,4473.63,4467.19,4473.41,4535.95,4414.7,4477.604493856686,,
1780463700,4473.41,4474.16,4465.96,4468.42,4535.95,4414.7,4477.425441923916,,
1780464600,4468.42,4468.84,4458.8,4461.9,4535.95,4414.7,4476.6996612326275,,
1780465500,4461.9,4468.24,4456.46,4456.85,4535.95,4414.7,4476.0831250711635,,
1780466400,4456.85,4467.46,4456.59,4466.09,4535.95,4414.7,4475.412707512845,,
1780467300,4466.09,4470.8,4458.86,4462.59,4535.95,4414.7,4474.901651516102,,
1780468200,4462.59,4465.24,4457.12,4460.55,4535.95,4414.7,4474.180910301954,,
1780469100,4460.55,4463.07,4455.02,4462.95,4535.95,4414.7,4473.756891234859,,
1780470000,4462.95,4472.29,4459.66,4469.65,4535.95,4414.7,4473.513135528287,,
1780470900,4469.65,4469.9,4455.91,4455.91,4535.95,4414.7,4473.122118613051,,
1780471800,4455.91,4463.37,4453.94,4458.7,4535.95,4414.7,4472.590215218551,,
1780472700,4458.7,4463.87,4452.66,4453.18,4535.95,4414.7,4472.222465029466,,
1780473600,4453.18,4459.28,4450.75,4455.48,4535.95,4414.7,4471.692490806508,,
1780474500,4455.48,4457.5,4450.65,4457.32,4535.95,4414.7,4471.246417835094,,
1780475400,4457.32,4458.97,4454.39,4456.45,4535.95,4414.7,4470.930452034708,,
1780476300,4456.45,4457.77,4440.12,4443.92,4535.95,4414.7,4470.251867102686,,
1780477200,4443.92,4459.01,4441.47,4451.13,4535.95,4414.7,4469.774395368129,,
1780478100,4451.13,4452.03,4439.4,4440.05,4535.95,4414.7,4469.118916277875,,
1780479000,4440.05,4448.46,4438.88,4446.79,4535.95,4414.7,4468.568926989509,,
1780479900,4446.79,4447.87,4440.84,4443.08,4535.95,4414.7,4468.129457070546,,
1780480800,4443.08,4467.17,4440.9,4462.9,4535.95,4414.7,4467.481542564805,,
1780481700,4462.9,4464.26,4453.54,4459.86,4535.95,4414.7,4467.235619884422,,
1780482600,4459.86,4462.93,4453.03,4454.03,4535.95,4414.7,4467.051971556768,,
1780483500,4454.03,4461.01,4453.75,4458.98,4535.95,4414.7,4466.927638275108,,
1780484400,4458.98,4468.24,4458.91,4462.01,4535.95,4414.7,4466.844122825692,,
1780485300,4462.01,4465.67,4459.08,4464.54,4535.95,4414.7,4466.783605672547,,
1780486200,4464.54,4467,4459.47,4460.06,4535.95,4414.7,4466.717185325184,,
1780487100,4460.06,4464.92,4458.4,4462.47,4535.95,4414.7,4466.640048215779,,
1780488000,4462.47,4464.63,4457.1,4458.4,4535.95,4414.7,4466.519972213446,,
1780488900,4458.4,4462.16,4451.85,4452.75,4535.95,4414.7,4466.259587633991,,
1780489800,4452.75,4460.62,4448.26,4458.93,4535.95,4414.7,4465.964762198281,,
1780490700,4458.93,4467.06,4455.24,4460.23,4535.95,4414.7,4465.826194724589,,
1780491600,4460.23,4465.87,4457.83,4462.17,4535.95,4414.7,4465.704578529431,,
1780492500,4462.17,4463.33,4445.71,4448.45,4535.95,4414.7,4465.314710238506,,
1780493400,4448.45,4453.15,4426.66,4426.86,4535.95,4414.7,4463.837523176113,,
1780494300,4426.86,4450.14,4426.06,4445.18,4535.95,4414.7,4462.583710562498,,
1780495200,4445.18,4456.82,4442.25,4454.57,4535.95,4414.7,4462.057561791304,,
1780496100,4454.57,4458.58,4445.36,4451.89,4535.95,4414.7,4461.664959321593,,
1780497000,4451.89,4453.64,4446.97,4448.12,4535.95,4414.7,4461.311427406459,,
1780497900,4448.12,4459.58,4447.72,4456.96,4535.95,4414.7,4461.1511370195085,,
1780498800,4456.96,4458.3,4444.9,4445.84,4535.95,4414.7,4460.865276059809,,
1780499700,4445.84,4450.82,4439.36,4444.9,4535.95,4414.7,4460.371374769807,,
1780500600,4444.9,4445.49,4436.6,4439.95,4535.95,4414.7,4459.8799070219975,,
1780501500,4439.95,4443.74,4437.86,4442.19,4535.95,4414.7,4459.623765430921,,
1780502400,4442.19,4443.99,4437.11,4439.13,4535.95,4414.7,4459.32785701025,,
1780503300,4439.13,4441.25,4433.66,4437.47,4535.95,4414.7,4458.9415952176205,,
1780504200,4437.47,4440.69,4435.42,4438.89,4535.95,4414.7,4458.655517258674,,
1780505100,4438.89,4442.82,4436.75,4441.75,4535.95,4414.7,4458.371389483166,,
1780506000,4441.75,4448.64,4441.43,4441.91,4535.95,4414.7,4458.125186633318,,
1780506900,4441.91,4443.44,4437.68,4438.85,4535.95,4414.7,4457.888941108459,,
1780507800,4438.85,4442.12,4435.5,4440.48,4535.95,4414.7,4457.707406289146,,
1780508700,4440.48,4440.74,4436.87,4438.93,4535.95,4414.7,4457.565532909542,,
1780509600,4438.93,4440.57,4435.52,4436.9,4535.95,4414.7,4457.4021894404605,,
1780510500,4436.9,4440.69,4434.53,4440.15,4535.95,4414.7,4457.251708085939,,
1780511400,4440.15,4442.43,4436.8,4439.84,4535.95,4414.7,4457.112056049699,,
1780512300,4439.84,4442.89,4439.37,4442.01,4535.95,4414.7,4457.015330933272,,
1780513200,4442.01,4449.94,4441.36,4449.61,4535.95,4414.7,4456.91421830743,,
1780514100,4449.61,4452.22,4446.4,4447.99,4535.95,4414.7,4456.833871458521,,
1780515000,4447.99,4449.65,4446.52,4446.89,4535.95,4414.7,4456.7715989813205,,
1780515900,4446.89,4447.27,4442.93,4443.7,4535.95,4414.7,4456.641143464661,,
1780516800,4443.7,4445.36,4438.53,4439.82,4535.95,4414.7,4456.554614759587,,
1780517700,4439.82,4440.11,4437.25,4438.8,4535.95,4414.7,4456.440638083994,,
1780518600,4438.8,4439.49,4432.19,4433.35,4535.95,4414.7,4456.330791347185,,
1780519500,4433.35,4434.9,4430.18,4434.27,4535.95,4414.7,4456.213041740826,,
1780524000,4434.27,4440.36,4428.94,4431.67,4535.95,4414.7,4433.656666666667,,
1780524900,4431.67,4435.74,4423.48,4434.15,4535.95,4414.7,4432.2343131296075,,
1780525800,4434.15,4440.48,4434.05,4436.62,4535.95,4414.7,4433.837734294348,,
1780526700,4436.62,4452.83,4436.47,4448.93,4535.95,4414.7,4437.464264241656,,
1780527600,4448.93,4450.17,4445.03,4447.5,4535.95,4414.7,4439.316785421521,,
1780528500,4447.5,4451.49,4446.88,4450.65,4535.95,4414.7,4440.497336869266,,
1780529400,4450.65,4453.95,4445.98,4453.59,4535.95,4414.7,4442.067605086197,,
1780530300,4453.59,4464.61,4453.54,4456.95,4535.95,4414.7,4445.128069607474,,
1780531200,4456.95,4465.12,4452.66,4453.37,4535.95,4414.7,4447.816267119951,,
1780532100,4453.37,4456.7,4447.39,4450.81,4535.95,4414.7,4448.36808491133,,
1780533000,4450.81,4452.83,4444.05,4448.3,4535.95,4414.7,4448.371018418369,,
1780533900,4448.3,4452.82,4444.84,4448.36,4535.95,4414.7,4448.400049447873,,
1780534800,4448.36,4467.28,4443.12,4464.31,4535.95,4414.7,4449.86069517057,,
1780535700,4464.31,4473.6,4459.58,4465.89,4535.95,4414.7,4451.4871035543865,,
1780536600,4465.89,4470.1,4458.72,4459.31,4535.95,4414.7,4452.505106004129,,
1780537500,4459.31,4467.25,4456.73,4465.67,4535.95,4414.7,4453.467086864666,,
1780538400,4465.67,4467.14,4455.43,4463.02,4535.95,4414.7,4454.011758994408,,
1780539300,4463.02,4463.65,4458.61,4460.43,4535.95,4414.7,4454.295483153693,,
1780540200,4460.43,4464.78,4457.36,4462.38,4535.95,4414.7,4454.654269733249,,
1780541100,4462.38,4476.71,4462.35,4474.92,,,4455.510060583814,,
1780542000,4472.24,4477.19,4470.46,4471.94,,,4456.103000502576,,
1780542900,4471.94,4472.52,4465.76,4469.3,,,4456.429619568903,,
1780543800,4469.3,4470.85,4460.61,4460.61,,,4456.606343912925,,
1780544700,4460.61,4464.99,4458.33,4463.65,,,4456.742869364475,,
1780545600,4463.65,4471.2,4462.06,4471.14,4534.560000000001,4382.159999999999,4457.005110549898,,
1780546500,4471.14,4476.29,4469.98,4474.75,4534.560000000001,4382.159999999999,4457.339524450717,,
1780547400,4474.75,4484,4474.61,4482.61,4534.560000000001,4382.159999999999,4458.070471390462,,
1780548300,4482.61,4483.72,4478.58,4480.97,4534.560000000001,4382.159999999999,4458.433713533877,,
1780549200,4480.97,4482.43,4471.27,4477.01,4534.560000000001,4382.159999999999,4458.844145977738,,
1780550100,4477.01,4477.46,4470.78,4473.34,4534.560000000001,4382.159999999999,4459.119476070943,,
1780551000,4473.34,4475.73,4470.77,4474.63,4534.560000000001,4382.159999999999,4459.614936654152,,
1780551900,4474.63,4474.87,4466.8,4469.09,4534.560000000001,4382.159999999999,4459.984987260625,,
1780552800,4469.09,4477.13,4467.96,4473.97,4534.560000000001,4382.159999999999,4460.373792359721,,
1780553700,4473.97,4474.26,4466.75,4472.18,4534.560000000001,4382.159999999999,4460.682124175812,,
1780554600,4472.18,4476.79,4468.98,4469.2,4534.560000000001,4382.159999999999,4461.039245982322,,
1780555500,4469.2,4470.28,4462.8,4467.77,4534.560000000001,4382.159999999999,4461.184098629873,,
1780556400,4467.77,4470.79,4461.96,4464,4534.560000000001,4382.159999999999,4461.320656677847,,
1780557300,4464,4470.69,4461.56,4465.13,4534.560000000001,4382.159999999999,4461.4169031672145,,
1780558200,4465.13,4467.73,4459.8,4461.41,4534.560000000001,4382.159999999999,4461.449280181531,,
1780559100,4461.41,4462.41,4459.33,4461.61,4534.560000000001,4382.159999999999,4461.443393897347,,
1780560000,4461.61,4467.87,4459.62,4460.45,4534.560000000001,4382.159999999999,4461.472242358125,,
1780560900,4460.45,4465.41,4458.45,4463.45,4534.560000000001,4382.159999999999,4461.50017000901,,
1780561800,4463.45,4469.44,4459.59,4463.45,4534.560000000001,4382.159999999999,4461.590751292289,,
1780562700,4463.45,4465.96,4459.5,4463.28,4534.560000000001,4382.159999999999,4461.619872734609,,
1780563600,4463.28,4469.31,4460.88,4463.39,4534.560000000001,4382.159999999999,4461.686501071902,,
1780564500,4463.39,4467.53,4462.82,4464.58,4534.560000000001,4382.159999999999,4461.748398087114,,
1780565400,4464.58,4469.48,4461.6,4467.9,4534.560000000001,4382.159999999999,4461.848858758615,,
1780566300,4467.9,4475.58,4467.41,4470.33,4534.560000000001,4382.159999999999,4462.008295103832,,
1780567200,4470.33,4472.04,4467.45,4471.28,4534.560000000001,4382.159999999999,4462.13100790371,,
1780568100,4471.28,4471.51,4464.21,4467.55,4534.560000000001,4382.159999999999,4462.2036194012535,,
1780569000,4467.55,4472.7,4466.39,4471.25,4534.560000000001,4382.159999999999,4462.298386789345,,
1780569900,4471.25,4473.89,4468.45,4473.69,4534.560000000001,4382.159999999999,4462.434131714329,,
1780570800,4473.69,4478.8,4468.65,4473.43,4534.560000000001,4382.159999999999,4462.631863296803,,
1780571700,4473.43,4491.43,4473.4,4489.65,4534.560000000001,4382.159999999999,4463.230617431177,,
1780572600,4489.65,4492.71,4482.25,4491.42,4534.560000000001,4382.159999999999,4463.99983869729,,
1780573500,4491.42,4514.74,4491.39,4511.43,4534.560000000001,4382.159999999999,4465.443604214742,,
1780574400,4511.43,4513.83,4491.52,4493.88,4534.560000000001,4382.159999999999,4466.618353413305,,
1780575300,4493.88,4499.81,4491.06,4498.13,4534.560000000001,4382.159999999999,4467.250839467681,,
1780576200,4498.13,4502.19,4496.88,4502.09,4534.560000000001,4382.159999999999,4467.890688200306,,
1780577100,4502.09,4511.1,4498.9,4503.96,4534.560000000001,4382.159999999999,4468.689270369358,,
1780578000,4503.96,4510.12,4500.23,4503.24,4534.560000000001,4382.159999999999,4469.60263209243,,
1780578900,4503.24,4509.42,4501.61,4504.61,4534.560000000001,4382.159999999999,4470.240407504478,,
1780579800,4504.61,4515,4501.85,4514.57,4534.560000000001,4382.159999999999,4472.05080599724,,
1780580700,4514.57,4515.43,4495.38,4495.81,4534.560000000001,4382.159999999999,4473.267427028301,,
1780581600,4495.81,4499.92,4485.9,4487.63,4534.560000000001,4382.159999999999,4473.9896538045305,,
1780582500,4487.63,4493.89,4484.01,4486.2,4534.560000000001,4382.159999999999,4474.388504833714,,
1780583400,4486.2,4486.88,4472.3,4474.83,4534.560000000001,4382.159999999999,4474.494842577287,,
1780584300,4474.83,4475.52,4457.21,4465.95,4534.560000000001,4382.159999999999,4474.194946660743,,
1780585200,4465.95,4474.61,4463.48,4471.84,4534.560000000001,4382.159999999999,4474.112233392469,,
1780586100,4471.84,4473.96,4469.16,4470.84,4534.560000000001,4382.159999999999,4474.072300003614,,
1780587000,4470.84,4477.32,4469.62,4472.58,4534.560000000001,4382.159999999999,4474.060538961884,,
1780587900,4472.58,4479.09,4469.99,4477.37,4534.560000000001,4382.159999999999,4474.078028165842,,
1780588800,4477.37,4484.03,4475.28,4479,4534.560000000001,4382.159999999999,4474.14857385585,,
1780589700,4479,4485.22,4479,4483.46,4534.560000000001,4382.159999999999,4474.236599146438,,
1780590600,4483.46,4484.16,4479.72,4481.37,4534.560000000001,4382.159999999999,4474.346201310642,,
1780591500,4481.37,4484.02,4480.24,4482.65,4534.560000000001,4382.159999999999,4474.40278251298,,
1780592400,4482.65,4482.65,4475.91,4475.93,4534.560000000001,4382.159999999999,4474.429162418163,,
1780593300,4475.93,4479.3,4474,4476.86,4534.560000000001,4382.159999999999,4474.446991241563,,
1780594200,4476.86,4481.44,4476.22,4476.85,4534.560000000001,4382.159999999999,4474.475129272564,,
1780595100,4476.85,4480.27,4476.84,4478.04,4534.560000000001,4382.159999999999,4474.495622595116,,
1780596000,4478.04,4480.47,4476.34,4479.02,4534.560000000001,4382.159999999999,4474.521318973815,,
1780596900,4479.02,4481.12,4477.34,4478.15,4534.560000000001,4382.159999999999,4474.544159720198,,
1780597800,4478.15,4478.15,4472.63,4474.35,4534.560000000001,4382.159999999999,4474.546888418186,,
1780598700,4474.35,4479.38,4473.73,4478.07,4534.560000000001,4382.159999999999,4474.559283663082,,
1780599600,4478.07,4483.43,4476.18,4478.15,4534.560000000001,4382.159999999999,4474.5865807340315,,
1780600500,4478.15,4480.21,4477.72,4480.14,4534.560000000001,4382.159999999999,4474.604930953432,,
1780601400,4480.14,4480.45,4477.39,4477.9,4534.560000000001,4382.159999999999,4474.624742638788,,
1780602300,4477.9,4482.46,4476.79,4480.91,4534.560000000001,4382.159999999999,4474.672230349716,,
1780603200,4480.91,4481.64,4477.73,4477.73,4534.560000000001,4382.159999999999,4474.68917211626,,
1780604100,4477.73,4479.1,4476.53,4477.7,4534.560000000001,4382.159999999999,4474.696820380204,,
1780605000,4477.7,4477.7,4475.02,4475.16,4534.560000000001,4382.159999999999,4474.700143665127,,
1780605900,4475.16,4476.04,4474.3,4474.88,4534.560000000001,4382.159999999999,4474.701106118955,,
1780610400,4474.88,4476.28,4472.65,4475.4,4534.560000000001,4382.159999999999,4474.776666666667,,
1780611300,4475.4,4480.9,4474.61,4478.81,4534.560000000001,4382.159999999999,4476.742088129091,,
1780612200,4478.81,4481.54,4475.11,4475.12,4534.560000000001,4382.159999999999,4476.958380756149,,
1780613100,4475.12,4476.1,4468.77,4469.7,4534.560000000001,4382.159999999999,4475.266677253683,,
1780614000,4469.7,4473.99,4464.04,4470.61,4534.560000000001,4382.159999999999,4473.482531851576,,
1780614900,4470.61,4473.31,4466.23,4468.95,4534.560000000001,4382.159999999999,4472.852839747856,,
1780615800,4468.95,4469.52,4461.68,4462.97,4534.560000000001,4382.159999999999,4471.8745550772055,,
1780616700,4462.97,4466.05,4460.18,4461.34,4534.560000000001,4382.159999999999,4470.4998521304,,
1780617600,4461.34,4464.91,4454.1,4455.4,4534.560000000001,4382.159999999999,4467.407285470914,,
1780618500,4455.4,4457.73,4450.48,4457.59,4534.560000000001,4382.159999999999,4464.996909961922,,
1780619400,4457.59,4466.87,4456.02,4463.11,4534.560000000001,4382.159999999999,4464.648039552166,,
1780620300,4463.11,4466.29,4458.08,4459.24,4534.560000000001,4382.159999999999,4464.275545615183,,
1780621200,4459.24,4469.86,4452.69,4459.66,4534.560000000001,4382.159999999999,4463.496718825733,,
1780622100,4459.66,4465.07,4448.92,4458.81,4534.560000000001,4382.159999999999,4462.589085712012,,
1780623000,4458.81,4459.63,4445.32,4446,4534.560000000001,4382.159999999999,4461.324198350283,,
1780623900,4446,4450.95,4444.1,4446.72,4534.560000000001,4382.159999999999,4460.255081784264,,
1780624800,4446.72,4450.95,4442.33,4449.41,4534.560000000001,4382.159999999999,4459.365828692729,,
1780625700,4449.41,4455.02,4445.51,4451.21,4534.560000000001,4382.159999999999,4459.019242025705,,
1780626600,4451.21,4451.8,4438.28,4442.86,4534.560000000001,4382.159999999999,4457.866738745512,,
1780627500,4442.86,4449.84,4439.86,4440.42,,,4457.117213437406,,
1780628400,4440.42,4441.07,4436.03,4440.94,,,4456.140013921479,,
1780629300,4440.94,4443.91,4435.13,4436.72,,,4455.328853099752,,
1780630200,4436.72,4442.39,4436.16,4440.89,,,4454.859205792918,,
1780631100,4440.89,4443.3,4439.11,4442.3,,,4454.590551251334,,
1780632000,4442.3,4444.63,4438.28,4441.63,4521.379999999998,4392.580000000002,4454.253727371548,,
1780632900,4441.63,4443.74,4438.77,4439.59,4521.379999999998,4392.580000000002,4453.906759805224,,
1780633800,4439.59,4444.07,4437.49,4440.86,4521.379999999998,4392.580000000002,4453.593985355583,,
1780634700,4440.86,4446.65,4439.54,4444.96,4521.379999999998,4392.580000000002,4453.366677427922,,
1780635600,4444.96,4450.08,4443.2,4449,4521.379999999998,4392.580000000002,4453.168459353701,,
1780636500,4449,4449.29,4442.11,4444.6,4521.379999999998,4392.580000000002,4452.994221909795,,
1780637400,4444.6,4447.85,4439.37,4443.57,4521.379999999998,4392.580000000002,4452.582744934003,,
1780638300,4443.57,4448.19,4438.46,4439.97,4521.379999999998,4392.580000000002,4452.237880469334,,
1780639200,4439.97,4442.57,4435.23,4436.39,4521.379999999998,4392.580000000002,4451.477880074536,,
1780640100,4436.39,4446.43,4428.23,4442.44,4521.379999999998,4392.580000000002,4450.826733080477,,
1780641000,4442.44,4450.06,4442.3,4448.31,4521.379999999998,4392.580000000002,4450.685739205875,,
1780641900,4448.31,4456.14,4446.74,4452.71,4521.379999999998,4392.580000000002,4450.719953782847,,
1780642800,4452.71,4463.48,4451.73,4458.53,4521.379999999998,4392.580000000002,4450.9471136325465,,
1780643700,4458.53,4467.33,4458.42,4467.15,4521.379999999998,4392.580000000002,4451.3387342943315,,
1780644600,4467.15,4467.17,4459.43,4462.08,4521.379999999998,4392.580000000002,4451.623695459816,,
1780645500,4462.08,4465.16,4460.67,4460.82,4521.379999999998,4392.580000000002,4451.7876050342,,
1780646400,4460.82,4463.41,4458.62,4461.06,4521.379999999998,4392.580000000002,4452.021688126787,,
1780647300,4461.06,4466.87,4459.76,4466.84,4521.379999999998,4392.580000000002,4452.330449445042,,
1780648200,4466.84,4468.13,4461.01,4461.84,4521.379999999998,4392.580000000002,4452.5559229060245,,
1780649100,4461.84,4464.51,4461.53,4462.72,4521.379999999998,4392.580000000002,4452.690395246387,,
1780650000,4462.72,4469.39,4458.79,4466.22,4521.379999999998,4392.580000000002,4453.03190826298,,
1780650900,4466.22,4469.32,4462.01,4463.02,4521.379999999998,4392.580000000002,4453.369929298008,,
1780651800,4463.02,4466.87,4459.18,4465.86,4521.379999999998,4392.580000000002,4453.578917042222,,
1780652700,4465.86,4469.21,4462.66,4464.82,4521.379999999998,4392.580000000002,4453.719714597793,,
1780653600,4464.82,4465.18,4462.96,4465.16,4521.379999999998,4392.580000000002,4453.825140738333,,
1780654500,4465.16,4468.08,4464.47,4465.95,4521.379999999998,4392.580000000002,4453.94700018015,,
1780655400,4465.95,4466.95,4461.71,4464.59,4521.379999999998,4392.580000000002,4454.058261607741,,
1780656300,4464.59,4467.9,4464.35,4466.4,4521.379999999998,4392.580000000002,4454.184245209181,,
1780657200,4466.4,4467.06,4460.99,4461.35,4521.379999999998,4392.580000000002,4454.299007214545,,
1780658100,4461.35,4466.12,4457.93,4465.96,4521.379999999998,4392.580000000002,4454.450041155901,,
1780659000,4465.96,4467.15,4463.06,4464.83,4521.379999999998,4392.580000000002,4454.596278271099,,
1780659900,4464.83,4475.33,4463.95,4470.05,4521.379999999998,4392.580000000002,4454.839386900967,,
1780660800,4470.05,4471.24,4464.15,4469.34,4521.379999999998,4392.580000000002,4455.078149026894,,
1780661700,4469.34,4475.78,4461.39,4464.01,4521.379999999998,4392.580000000002,4455.317764656878,,
1780662600,4464.01,4464.31,4439.56,4446.1,4521.379999999998,4392.580000000002,4454.991559495679,,
1780663500,4446.1,4449.04,4404.81,4406.62,4521.379999999998,4392.580000000002,4453.004393408752,,
1780664400,4406.62,4420.66,4399.65,4418.43,4521.379999999998,4392.580000000002,4450.59498632609,,
1780665300,4418.43,4421.09,4403.81,4404.3,4521.379999999998,4392.580000000002,4448.995745920122,,
1780666200,4404.3,4409.56,4385.91,4389.44,4521.379999999998,4392.580000000002,4445.483409653847,,
1780667100,4389.44,4391.06,4365.24,4365.65,4521.379999999998,4392.580000000002,4441.43825013192,,
1780668000,4365.65,4379.25,4363.66,4366.09,4521.379999999998,4392.580000000002,4436.755741287166,,
1780668900,4366.09,4370.33,4352.8,4361.04,4521.379999999998,4392.580000000002,4433.09095993309,,
1780669800,4361.04,4363.9,4344.48,4349.2,4521.379999999998,4392.580000000002,4429.660673390794,,
1780670700,4349.2,4370.05,4348.12,4369.58,4521.379999999998,4392.580000000002,4427.453982951433,,
1780671600,4369.58,4372.52,4352.81,4352.9,4521.379999999998,4392.580000000002,4425.579391026771,,
1780672500,4352.9,4357.77,4348.15,4351.44,4521.379999999998,4392.580000000002,4423.438876628695,,
1780673400,4351.44,4354.79,4335.35,4338.78,4521.379999999998,4392.580000000002,4421.586416002243,,
1780674300,4338.78,4341.86,4333.97,4335.56,4521.379999999998,4392.580000000002,4420.065206460407,,
1780675200,4335.56,4338.99,4328.77,4332.91,4521.379999999998,4392.580000000002,4417.749271346549,,
1780676100,4332.91,4333.77,4325.22,4329.65,4521.379999999998,4392.580000000002,4415.554303904885,,
1780677000,4329.65,4332.31,4323.22,4327.72,4521.379999999998,4392.580000000002,4413.797048750941,,
1780677900,4327.72,4344.83,4324.92,4344.59,4521.379999999998,4392.580000000002,4412.279788706662,,
1780678800,4344.59,4346.84,4336.45,4339.5,4521.379999999998,4392.580000000002,4411.088637182628,,
1780679700,4339.5,4342.97,4335.58,4342.35,4521.379999999998,4392.580000000002,4409.806841871755,,
1780680600,4342.35,4347.24,4339.56,4341.05,4521.379999999998,4392.580000000002,4408.809687684908,,
1780681500,4341.05,4343.67,4337.58,4341.59,4521.379999999998,4392.580000000002,4407.968434230082,,
1780682400,4341.59,4341.99,4322.66,4322.85,4521.379999999998,4392.580000000002,4406.68560787577,,
1780683300,4322.85,4330.84,4321.63,4325.75,4521.379999999998,4392.580000000002,4404.952725588892,,
1780684200,4325.75,4327.05,4315.11,4317.85,4521.379999999998,4392.580000000002,4403.674685783319,,
1780685100,4317.85,4326.93,4315.94,4322.42,4521.379999999998,4392.580000000002,4402.237394386472,,
1780686000,4322.42,4323.85,4315.13,4315.36,4521.379999999998,4392.580000000002,4401.11312120686,,
1780686900,4315.36,4324.35,4313.83,4323.75,4521.379999999998,4392.580000000002,4399.96673236866,,
1780687800,4323.75,4325.08,4313.95,4318.8,4521.379999999998,4392.580000000002,4398.551083004729,,
1780688700,4318.8,4323.78,4316.6,4318.51,4521.379999999998,4392.580000000002,4396.689317437728,,
1780689600,4318.51,4318.83,4311.66,4315.34,4521.379999999998,4392.580000000002,4395.849256093612,,
1780690500,4315.34,4326.49,4313.67,4322.28,4521.379999999998,4392.580000000002,4395.385968766584,,
1780691400,4322.28,4324.91,4320.77,4323.82,4521.379999999998,4392.580000000002,4395.094802748688,,
1780869600,4323.82,4330.22,4309.76,4330.1,,,4323.36,,
1780870500,4330.1,4330.4,4315.86,4316.33,,,4322.141089478669,,
1780871400,4316.33,4328.94,4314.88,4326.09,,,4322.40944168529,,
1780872300,4326.09,4326.7,4315.37,4317.09,,,4321.7947062692365,,
1780873200,4317.09,4334.1,4317,4330.83,,,4322.642662786802,,
1780874100,4330.83,4334.5,4328.23,4333.83,,,4323.563597513939,,
1780875000,4333.83,4340.51,4332.61,4338.94,,,4324.912724129425,,
1780875900,4338.94,4347.13,4335.01,4343.53,,,4326.9056131307125,,
1780876800,4343.66,4346.74,4340.56,4343.24,,,4328.725793188435,,
1780877700,4343.24,4353.27,4341.46,4351.3,,,4330.480812489148,,
1780878600,4351.3,4352.35,4341.91,4345.23,,,4332.042767240766,,
1780879500,4345.23,4345.9,4339.71,4342.22,,,4333.036639125711,,
1780880400,4342.22,4345.25,4326.92,4327.1,,,4333.044706580871,,
1780881300,4327.1,4327.4,4311.06,4314.64,,,4330.661661679113,,
1780882200,4314.64,4327.31,4299.84,4326.16,,,4328.631750820174,,
1780883100,4326.16,4329.67,4319.26,4325.51,,,4328.2685268650175,,
1780884000,4325.51,4330.65,4314.72,4316.75,,,4327.757325800451,,
1780884900,4316.75,4319.67,4311.27,4314.93,,,4327.255206285597,,
1780885800,4314.93,4317.82,4307.17,4315.82,,,4326.442025720762,,
1780886700,4315.82,4320.79,4309.22,4310.6,,,4325.806782065047,,
1780887600,4310.6,4314.16,4304.21,4304.76,,,4325.112660693582,,
1780888500,4304.76,4311.94,4303.58,4307.05,,,4324.672868863218,,
1780889400,4307.05,4310.01,4304.83,4309.91,,,4324.316956876074,,
1780890300,4309.91,4317.02,4309.45,4316.83,,,4324.135153611893,,
1780891200,4316.83,4320.28,4313.34,4318.6,4436.07,4209.02,4323.993072069652,,
1780892100,4318.6,4321.66,4316.13,4319.89,4436.07,4209.02,4323.895322949743,,
1780893000,4319.89,4320.16,4307.55,4307.6,4436.07,4209.02,4323.5863821200755,,
1780893900,4307.6,4313.88,4307.6,4312.55,4436.07,4209.02,4323.3690020431,,
1780894800,4312.55,4315.99,4305.2,4305.22,4436.07,4209.02,4323.0153134694365,,
1780895700,4305.22,4313.94,4304.45,4311.74,4436.07,4209.02,4322.68006356182,,
1780896600,4311.74,4312.67,4268.45,4287.95,4436.07,4209.02,4320.3902847506915,,
1780897500,4287.95,4295.75,4284.96,4291.8,4436.07,4209.02,4319.042767912132,,
1780898400,4291.8,4307.96,4291.8,4303.62,4436.07,4209.02,4318.190161622299,,
1780899300,4303.62,4311.25,4299.53,4305.81,4436.07,4209.02,4317.771266203507,,
1780900200,4305.81,4306.31,4294.09,4298.32,4436.07,4209.02,4317.254971315337,,
1780901100,4298.32,4300.72,4293.27,4300.02,4436.07,4209.02,4316.814340307831,,
1780902000,4300.02,4308.4,4294.9,4305.17,4436.07,4209.02,4316.401958196922,,
1780902900,4305.17,4316.89,4300.64,4306.14,4436.07,4209.02,4316.188327411201,,
1780903800,4306.14,4311.75,4301.4,4301.77,4436.07,4209.02,4315.943553673029,,
1780904700,4301.77,4302.68,4294.39,4294.39,4436.07,4209.02,4315.552774498517,,
1780905600,4294.39,4297.17,4289.58,4291.79,4436.07,4209.02,4315.028506294311,,
1780906500,4291.79,4293.5,4285.3,4288.17,4436.07,4209.02,4314.509976441417,,
1780907400,4288.17,4292.1,4286.47,4290.79,4436.07,4209.02,4314.093976804923,,
1780908300,4290.79,4293.75,4285.38,4288.74,4436.07,4209.02,4313.62885827575,,
1780909200,4288.74,4291.98,4284.51,4288.88,4436.07,4209.02,4313.307677189639,,
1780910100,4288.88,4290.83,4279.25,4279.67,4436.07,4209.02,4312.9951772818395,,
1780911000,4279.67,4296.29,4273,4293.62,4436.07,4209.02,4312.259754308433,,
1780911900,4293.62,4301.83,4290.96,4294.18,4436.07,4209.02,4311.976459796952,,
1780912800,4294.18,4297.52,4285.82,4294.51,4436.07,4209.02,4311.693012660816,,
1780913700,4294.51,4295.95,4289.7,4293.71,4436.07,4209.02,4311.480180238902,,
1780914600,4293.71,4305.55,4292.27,4304.84,4436.07,4209.02,4311.24303957953,,
1780915500,4304.84,4305.03,4296.74,4301.94,4436.07,4209.02,4311.10712341541,,
1780916400,4301.94,4318.24,4297.11,4318.24,4436.07,4209.02,4311.1086995878895,,
1780917300,4318.24,4330.71,4312.53,4325.25,4436.07,4209.02,4311.500455903475,,
1780918200,4325.25,4333.13,4322.34,4324.03,4436.07,4209.02,4311.777393562182,,
1780919100,4324.03,4332.78,4321.38,4331.37,4436.07,4209.02,4312.016764073722,,
1780920000,4331.37,4334.66,4322.56,4322.95,4436.07,4209.02,4312.304157248646,,
1780920900,4322.95,4331.79,4320.27,4329.73,4436.07,4209.02,4312.552478387546,,
1780921800,4329.73,4339.26,4327.7,4335.6,4436.07,4209.02,4312.874435711217,,
1780922700,4335.6,4337.98,4327.17,4332.99,4436.07,4209.02,4313.17188668241,,
1780923600,4332.99,4334.88,4323.1,4323.76,4436.07,4209.02,4313.4684931398615,,
1780924500,4323.76,4336.05,4321.63,4331.26,4436.07,4209.02,4313.772412605878,,
1780925400,4331.26,4346.52,4331.01,4336.34,4436.07,4209.02,4315.028404982526,,
1780926300,4336.34,4339.1,4326.22,4326.98,4436.07,4209.02,4315.632199024884,,
1780927200,4326.98,4330.71,4316.66,4319.42,4436.07,4209.02,4315.859666588868,,
1780928100,4319.42,4324.28,4315.86,4319.98,4436.07,4209.02,4315.9778133683385,,
1780929000,4319.98,4324.03,4314.64,4322.53,4436.07,4209.02,4316.078109545797,,
1780929900,4322.53,4331.48,4317,4330.9,4436.07,4209.02,4316.281993606584,,
1780930800,4330.9,4336.18,4324.67,4325.46,4436.07,4209.02,4316.462980851923,,
1780931700,4325.46,4335.94,4322.67,4330.64,4436.07,4209.02,4316.702180464156,,
1780932600,4330.64,4339.22,4328.63,4339.15,4436.07,4209.02,4317.065519156468,,
1780933500,4339.15,4345.6,4334.6,4341.83,4436.07,4209.02,4317.398350296285,,
1780934400,4341.83,4343.81,4338.12,4340.98,4436.07,4209.02,4317.725786037278,,
1780935300,4340.98,4343.84,4339.73,4340.81,4436.07,4209.02,4318.0389446971,,
1780936200,4340.81,4346.41,4340.56,4343.86,4436.07,4209.02,4318.393504877032,,
1780937100,4343.86,4345.93,4337.84,4340.57,4436.07,4209.02,4318.601734553978,,
1780938000,4340.57,4342.41,4336.11,4338.76,4436.07,4209.02,4318.829684955748,,
1780938900,4338.76,4340.44,4334.19,4339.14,4436.07,4209.02,4319.055671072732,,
1780939800,4339.14,4339.65,4331.97,4334.1,4436.07,4209.02,4319.250884670707,,
1780940700,4334.1,4339.36,4334.09,4339.13,4436.07,4209.02,4319.433322229101,,
1780941600,4339.13,4345.29,4338.61,4341.27,4436.07,4209.02,4319.605902248637,,
1780942500,4341.27,4345.95,4341.27,4342.63,4436.07,4209.02,4319.819600113046,,
1780943400,4342.63,4344.61,4336.22,4336.59,4436.07,4209.02,4319.981622690356,,
1780944300,4336.59,4337.01,4332.84,4334.47,4436.07,4209.02,4320.085232626881,,
1780945200,4334.47,4338.11,4329.63,4329.78,4436.07,4209.02,4320.179663437562,,
1780946100,4329.78,4331.52,4326.09,4327.62,4436.07,4209.02,4320.240748426534,,
1780947000,4327.62,4330.41,4324.29,4325.09,4436.07,4209.02,4320.2873189058355,,
1780947900,4325.09,4330.1,4323.33,4326.59,4436.07,4209.02,4320.3575184334095,,
1780948800,4326.59,4329.81,4326.4,4328.26,4436.07,4209.02,4320.376502112406,,
1780949700,4328.26,4328.29,4324.56,4326.37,4436.07,4209.02,4320.390694700247,,
1780950600,4326.37,4328.43,4325.35,4326.24,4436.07,4209.02,4320.399863719701,,
1780951500,4326.24,4330.45,4325.95,4329.4,4436.07,4209.02,4320.411939760131,,
1780956000,4329.4,4330.6,4324.16,4325.18,4436.07,4209.02,4326.6466666666665,,
1780956900,4325.18,4327.11,4322.67,4325.04,4436.07,4209.02,4325.724981404385,,
1780957800,4325.04,4327.43,4324.8,4327.43,4436.07,4209.02,4325.961864447087,,
1780958700,4327.43,4328.79,4326.08,4327.84,4436.07,4209.02,4326.250029279719,,
1780959600,4327.84,4328.74,4325.11,4327.25,4436.07,4209.02,4326.390554754658,,
1780960500,4327.25,4328.36,4320.43,4320.51,4436.07,4209.02,4325.734215981705,,
1780961400,4320.51,4322.28,4315.09,4319.54,4436.07,4209.02,4324.22484268898,,
1780962300,4319.54,4319.98,4312.62,4317.63,4436.07,4209.02,4322.4271515243245,,
1780963200,4317.63,4323.72,4315.28,4322.59,4436.07,4209.02,4321.787645135665,,
1780964100,4322.59,4323.19,4316.4,4316.67,4436.07,4209.02,4321.233045516355,,
1780965000,4316.67,4323.09,4315.13,4318.33,4436.07,4209.02,4320.906310467227,,
1780965900,4318.33,4321.12,4314.94,4319.81,4436.07,4209.02,4320.6503674676715,,
1780966800,4319.81,4327.76,4318.41,4324.09,4436.07,4209.02,4321.206338316952,,
1780967700,4324.09,4338.11,4322.23,4335.37,4436.07,4209.02,4322.88137146951,,
1780968600,4335.37,4338.79,4333,4335.63,4436.07,4209.02,4324.188673950076,,
1780969500,4335.63,4338.23,4333.1,4336.38,4436.07,4209.02,4325.172325031311,,
1780970400,4336.38,4336.87,4328.15,4332.93,4436.07,4209.02,4325.7309249400405,,
1780971300,4332.93,4335.96,4330.02,4335.3,4436.07,4209.02,4326.188436188636,,
1780972200,4335.3,4339.61,4331.15,4338.26,4436.07,4209.02,4326.833064865802,,
1780973100,4338.26,4340.79,4334.88,4335.99,,,4327.349254435252,,
1780974000,4335.99,4341.38,4331.16,4338.69,,,4327.92615574844,,
1780974900,4338.69,4342.15,4333.63,4336.6,,,4328.365887983121,,
1780975800,4336.6,4337.97,4333.39,4337.43,,,4328.595199757786,,
1780976700,4337.43,4341.79,4334.25,4336.47,,,4328.844276533046,,
1780977600,4336.47,4339.28,4332.13,4332.15,4379.55,4277.65,4328.977109639201,,
1780978500,4332.15,4332.96,4328.72,4330.38,4379.55,4277.65,4329.014805244819,,
1780979400,4330.38,4330.51,4324.36,4328.09,4379.55,4277.65,4328.978503487286,,
1780980300,4328.09,4332.73,4326.07,4332.23,4379.55,4277.65,4329.0080230157155,,
1780981200,4332.23,4337.08,4330.93,4331.5,4379.55,4277.65,4329.118159750247,,
1780982100,4331.5,4335.46,4330.9,4332.55,4379.55,4277.65,4329.227197756667,,
1780983000,4332.55,4351.5,4332.34,4348.29,4379.55,4277.65,4330.235726388468,,
1780983900,4348.29,4348.91,4341.69,4343.42,4379.55,4277.65,4330.806177949676,,
1780984800,4343.42,4348.75,4340.15,4341.32,4379.55,4277.65,4331.340519094147,,
1780985700,4341.32,4345.9,4338.01,4338.72,4379.55,4277.65,4331.653003863131,,
1780986600,4338.72,4339.63,4331.71,4336.49,4379.55,4277.65,4331.790561233511,,
1780987500,4336.49,4340.21,4330.22,4330.51,4379.55,4277.65,4331.845453067162,,
1780988400,4330.51,4334.66,4327.29,4327.34,4379.55,4277.65,4331.758285549194,,
1780989300,4327.34,4332.11,4322.9,4331.08,4379.55,4277.65,4331.6522698676645,,
1780990200,4331.08,4331.18,4322.21,4328.44,4379.55,4277.65,4331.534424903081,,
1780991100,4328.44,4330.06,4325.21,4326.59,4379.55,4277.65,4331.450922111054,,
1780992000,4326.59,4336.06,4321.22,4331.56,4379.55,4277.65,4331.384735581637,,
1780992900,4331.56,4335.51,4331.3,4334.49,4379.55,4277.65,4331.4567424144025,,
1780993800,4334.49,4336.73,4330.4,4334.93,4379.55,4277.65,4331.506110733039,,
1780994700,4334.93,4335.34,4325.91,4326.48,4379.55,4277.65,4331.471532165856,,
1780995600,4326.48,4330.92,4325.24,4328.39,4379.55,4277.65,4331.413929274346,,
1780996500,4328.39,4336.1,4324.1,4326.76,4379.55,4277.65,4331.361251621292,,
1780997400,4326.76,4330.95,4324.91,4326.96,4379.55,4277.65,4331.293906653921,,
1780998300,4326.96,4333.53,4326.52,4332.08,4379.55,4277.65,4331.286054921697,,
1780999200,4332.08,4335.75,4325.4,4335.25,4379.55,4277.65,4331.30582673988,,
1781000100,4335.25,4336.7,4331.27,4333.79,4379.55,4277.65,4331.343090418281,,
1781001000,4333.79,4335.12,4329.61,4332.64,4379.55,4277.65,4331.354935366433,,
1781001900,4332.64,4340.14,4330.16,4339,4379.55,4277.65,4331.423923589731,,
1781002800,4339,4340.28,4335.61,4337.95,4379.55,4277.65,4331.524102589789,,
1781003700,4337.95,4340.46,4336.04,4338.69,4379.55,4277.65,4331.606019417646,,
1781004600,4338.69,4340.07,4336.83,4338.93,4379.55,4277.65,4331.683544937566,,
1781005500,4338.93,4343.72,4337.38,4339.71,4379.55,4277.65,4331.782973331265,,
1781006400,4339.71,4343.99,4339.64,4341.04,4379.55,4277.65,4331.923899853537,,
1781007300,4341.04,4342.83,4335.3,4335.82,4379.55,4277.65,4332.035863671631,,
1781008200,4335.82,4341.86,4334.82,4340.89,4379.55,4277.65,4332.1752583481675,,
1781009100,4340.89,4344.3,4336.71,4341.34,4379.55,4277.65,4332.325491345301,,
1781010000,4341.34,4345.26,4338.21,4340.92,4379.55,4277.65,4332.585018386296,,
1781010900,4340.92,4342.03,4330.13,4330.87,4379.55,4277.65,4332.631201848931,,
1781011800,4330.87,4334.44,4325.23,4330.29,4379.55,4277.65,4332.502938619071,,
1781012700,4330.29,4363.36,4326.51,4328.51,4379.55,4277.65,4332.9219362313615,,
1781013600,4328.51,4336,4319.71,4321.11,4379.55,4277.65,4332.50532070395,,
1781014500,4321.11,4323.63,4306.09,4318.45,4379.55,4277.65,4331.330679144188,,
1781015400,4318.45,4320.63,4285.18,4285.32,4379.55,4277.65,4329.032945665492,,
1781016300,4285.32,4300.74,4278.58,4300.41,4379.55,4277.65,4326.493192847944,,
1781017200,4300.41,4302,4289.51,4294.77,4379.55,4277.65,4325.131375498264,,
1781018100,4294.77,4296.89,4277.14,4279.14,4379.55,4277.65,4323.280898430276,,
1781019000,4279.14,4281.89,4263.07,4279.79,4379.55,4277.65,4320.235397151809,,
1781019900,4279.79,4285.68,4272.25,4272.25,4379.55,4277.65,4318.264865497921,,
1781020800,4272.25,4281.07,4258.43,4259.92,4379.55,4277.65,4315.293217222633,,
1781021700,4259.92,4266.39,4252.77,4263.38,4379.55,4277.65,4311.988377326428,,
1781022600,4263.38,4267.63,4236.53,4244.7,4379.55,4277.65,4308.1381925854585,,
1781023500,4244.7,4254,4238.9,4251.91,4379.55,4277.65,4304.944905215342,,
1781024400,4251.91,4264.31,4251.22,4261.08,4379.55,4277.65,4302.885549623283,,
1781025300,4261.08,4267.78,4258.45,4262.98,4379.55,4277.65,4301.447143020171,,
1781026200,4262.98,4267.96,4260.94,4264.75,4379.55,4277.65,4300.564681076962,,
1781027100,4264.75,4266.74,4256.02,4262.98,4379.55,4277.65,4299.657253702412,,
1781028000,4262.98,4266.78,4259.51,4265.33,4379.55,4277.65,4298.787991921671,,
1781028900,4265.33,4274.19,4263.03,4270.78,4379.55,4277.65,4298.1685385524,,
1781029800,4270.78,4273.81,4263.58,4264.25,4379.55,4277.65,4297.698872404009,,
1781030700,4264.25,4271.55,4262.14,4269.96,4379.55,4277.65,4297.371899781725,,
1781031600,4269.96,4271.6,4258.04,4258.68,4379.55,4277.65,4297.007141194006,,
1781032500,4258.68,4258.75,4252.78,4257.36,4379.55,4277.65,4296.441918051557,,
1781033400,4257.36,4260.15,4250.27,4250.93,4379.55,4277.65,4295.657143592119,,
1781034300,4250.93,4259.68,4249.81,4258.71,4379.55,4277.65,4294.8836640919935,,
1781035200,4258.71,4260.97,4255.57,4258.37,4379.55,4277.65,4294.684813442378,,
1781036100,4258.37,4260.4,4257.88,4259.13,4379.55,4277.65,4294.596886575962,,
1781037000,4259.13,4261.93,4257.61,4261.25,4379.55,4277.65,4294.536145368013,,
1781037900,4261.25,4261.91,4259.21,4260.32,4379.55,4277.65,4294.482230679335,,
1781042400,4260.32,4260.32,4250.26,4254.98,4379.55,4277.65,4255.1866666666665,,
1781043300,4254.98,4256.33,4252.62,4256.28,4379.55,4277.65,4255.134655312247,,
1781044200,4256.28,4257.3,4247.34,4248.99,4379.55,4277.65,4253.2696297084485,,
1781045100,4248.99,4249.5,4232.33,4237.29,4379.55,4277.65,4247.710228557076,,
1781046000,4237.29,4247.2,4235.25,4235.8,4379.55,4277.65,4245.799967781429,,
1781046900,4235.8,4236.48,4222.78,4224.11,4379.55,4277.65,4241.574946857044,,
1781047800,4224.11,4229.59,4216.46,4218.24,4379.55,4277.65,4238.005313286259,,
1781048700,4218.24,4224.47,4210.19,4221.66,4379.55,4277.65,4233.196440339238,,
1781049600,4221.66,4226.21,4216.38,4224.76,4379.55,4277.65,4230.738302153995,,
1781050500,4224.76,4228.11,4217.55,4217.55,4379.55,4277.65,4229.331684568044,,
1781051400,4217.55,4218.56,4199.17,4204.32,4379.55,4277.65,4225.879386963787,,
1781052300,4204.32,4220.65,4199.69,4217.75,4379.55,4277.65,4224.109200179549,,
1781053200,4217.75,4218.26,4187.18,4203.35,4379.55,4277.65,4220.579419595119,,
1781054100,4203.35,4216.27,4197.07,4201.89,4379.55,4277.65,4218.950058034927,,
1781055000,4201.89,4206.81,4184.59,4187.28,4379.55,4277.65,4216.277432733815,,
1781055900,4187.28,4195.47,4183.42,4188.64,4379.55,4277.65,4214.087974693993,,
1781056800,4188.64,4191.63,4179.56,4182.75,4379.55,4277.65,4212.422486004094,,
1781057700,4182.75,4188.31,4178.04,4187.86,4379.55,4277.65,4211.085705367129,,
1781058600,4187.86,4192.42,4174.11,4184.24,4379.55,4277.65,4209.285746234073,,
1781059500,4184.24,4190.44,4173.26,4173.98,,,4207.594892866267,,
1781060400,4173.98,4180.52,4173.09,4178.07,,,4206.2825480738065,,
1781061300,4178.07,4180.98,4173.82,4177.12,,,4205.318475457735,,
1781062200,4177.12,4182.92,4176.32,4179.82,,,4204.514996917375,,
1781063100,4179.82,4186.45,4179.59,4184.76,,,4203.955274814784,,
1781064000,4184.76,4187.09,4180.69,4181.18,4287.9400000000005,4113.74,4203.477177961141,,
1781064900,4181.18,4182.92,4173.71,4174.54,4287.9400000000005,4113.74,4202.808575606645,,
1781065800,4174.54,4175.5,4173.03,4173.49,4287.9400000000005,4113.74,4202.1152336186615,,
1781066700,4173.49,4175.68,4172.42,4174.69,4287.9400000000005,4113.74,4201.652434942494,,
1781067600,4174.69,4180.41,4173.39,4179.67,4287.9400000000005,4113.74,4201.06698562785,,
1781068500,4179.67,4187.21,4175.54,4187.13,4287.9400000000005,4113.74,4200.6435515007515,,
1781069400,4187.13,4198.95,4181.61,4198.11,4287.9400000000005,4113.74,4200.247984284118,,
1781070300,4198.11,4208.95,4197.48,4205.13,4287.9400000000005,4113.74,4200.380094286955,,
1781071200,4205.13,4221.93,4205.13,4212.98,4287.9400000000005,4113.74,4200.848482094031,,
1781072100,4212.98,4216.65,4208.12,4211.5,4287.9400000000005,4113.74,4201.146611258252,,
1781073000,4211.5,4213.45,4204.92,4207.62,4287.9400000000005,4113.74,4201.341039134104,,
1781073900,4207.62,4209.82,4201.83,4203.9,4287.9400000000005,4113.74,4201.4398078024615,,
1781074800,4203.9,4207.75,4197.17,4200.16,4287.9400000000005,4113.74,4201.446913092759,,
1781075700,4200.16,4203.54,4193.59,4194.81,4287.9400000000005,4113.74,4201.36128135605,,
1781076600,4194.81,4196.91,4187.94,4189.62,4287.9400000000005,4113.74,4201.124004536586,,
1781077500,4189.62,4192.92,4181.44,4185.98,4287.9400000000005,4113.74,4200.793527124575,,
1781078400,4185.98,4187.34,4161.27,4166.5,4287.9400000000005,4113.74,4199.614826920715,,
1781079300,4166.5,4178.54,4166.17,4172.2,4287.9400000000005,4113.74,4198.868673073275,,
1781080200,4172.2,4179.24,4166.37,4170.48,4287.9400000000005,4113.74,4198.244453043078,,
1781081100,4170.48,4176.34,4166.23,4168.76,4287.9400000000005,4113.74,4197.55348910809,,
1781082000,4168.76,4174.01,4164.78,4165.16,4287.9400000000005,4113.74,4196.924765870027,,
1781082900,4165.16,4174.83,4164.26,4166.3,4287.9400000000005,4113.74,4196.336962977601,,
1781083800,4166.3,4179.29,4165.83,4171.51,4287.9400000000005,4113.74,4195.806500386542,,
1781084700,4171.51,4174.79,4163.08,4168.69,4287.9400000000005,4113.74,4195.33072158199,,
1781085600,4168.69,4170.97,4155.52,4160.96,4287.9400000000005,4113.74,4194.749123346033,,
1781086500,4160.96,4169.92,4159.56,4165.2,4287.9400000000005,4113.74,4194.30081748148,,
1781087400,4165.2,4171.36,4164.12,4171.35,4287.9400000000005,4113.74,4193.8778400012025,,
1781088300,4171.35,4178.68,4169.7,4174.67,4287.9400000000005,4113.74,4193.551743103297,,
1781089200,4174.67,4176.06,4153.61,4168.44,4287.9400000000005,4113.74,4192.550408756358,,
1781090100,4168.44,4171.6,4156.68,4166.43,4287.9400000000005,4113.74,4191.740143045103,,
1781091000,4166.43,4167.88,4154.36,4154.46,4287.9400000000005,4113.74,4190.918291111606,,
1781091900,4154.46,4163.37,4145.78,4147.65,4287.9400000000005,4113.74,4190.017714545621,,
1781092800,4147.65,4152.47,4134.62,4136.26,4287.9400000000005,4113.74,4188.760952449288,,
1781093700,4136.26,4142.91,4130.25,4140.79,4287.9400000000005,4113.74,4187.621903375704,,
1781094600,4140.79,4173.25,4139.9,4160.04,4287.9400000000005,4113.74,4186.107052943326,,
1781095500,4160.04,4169.53,4142.19,4146.9,4287.9400000000005,4113.74,4185.0201509357275,,
1781096400,4146.9,4158.02,4144.87,4151.35,4287.9400000000005,4113.74,4183.979928630818,,
1781097300,4151.35,4151.35,4132.92,4149.78,4287.9400000000005,4113.74,4182.916107477372,,
1781098200,4149.78,4178.88,4141.93,4178.88,4287.9400000000005,4113.74,4182.092726444553,,
1781099100,4178.88,4186.08,4173.68,4179.59,4287.9400000000005,4113.74,4181.993596221077,,
1781100000,4179.59,4180.6,4170.32,4174.23,4287.9400000000005,4113.74,4181.728468255636,,
1781100900,4174.23,4175.34,4159.55,4161.19,4287.9400000000005,4113.74,4181.195811765099,,
1781101800,4161.19,4163.35,4149.92,4149.97,4287.9400000000005,4113.74,4180.4189997303265,,
1781102700,4149.97,4151.8,4118.27,4124.82,4287.9400000000005,4113.74,4178.73575335491,,
1781103600,4124.82,4136.36,4119.17,4123.49,4287.9400000000005,4113.74,4176.971120063553,,
1781104500,4123.49,4136.7,4113.28,4127.65,4287.9400000000005,4113.74,4175.532293451323,,
1781105400,4127.65,4131.21,4122.04,4128.55,4287.9400000000005,4113.74,4174.28310807669,,
1781106300,4128.55,4130.99,4106.56,4128.8,4287.9400000000005,4113.74,4172.473612328313,,
1781107200,4128.8,4132.81,4123.04,4129.15,4287.9400000000005,4113.74,4171.382656732485,,
1781108100,4129.15,4134.58,4126.08,4127.43,4287.9400000000005,4113.74,4170.645819901669,,
1781109000,4127.43,4131.97,4120.4,4122.21,4287.9400000000005,4113.74,4169.841329219038,,
1781109900,4122.21,4123.16,4115.98,4121.72,4287.9400000000005,4113.74,4169.092020928127,,
1781110800,4121.72,4134.77,4114.89,4117.96,4287.9400000000005,4113.74,4168.366731790116,,
1781111700,4117.96,4120.21,4109.17,4110.96,4287.9400000000005,4113.74,4167.525877633393,,
1781112600,4110.96,4112.32,4101.77,4102.21,4287.9400000000005,4113.74,4166.707713438022,,
1781113500,4102.21,4113.32,4100.81,4111.62,4287.9400000000005,4113.74,4165.725258397709,,
1781114400,4111.62,4120.29,4111.45,4115.92,4287.9400000000005,4113.74,4165.039877709527,,
1781115300,4115.92,4118.04,4109.51,4112.41,4287.9400000000005,4113.74,4164.339023670488,,
1781116200,4112.41,4112.41,4104.67,4104.88,4287.9400000000005,4113.74,4163.6335049543895,,
1781117100,4104.88,4107.76,4096.93,4101.55,4287.9400000000005,4113.74,4162.959530984481,,
1781118000,4101.55,4102.13,4087.31,4088.89,4287.9400000000005,4113.74,4162.238572399285,,
1781118900,4088.89,4091.92,4081.61,4084.72,4287.9400000000005,4113.74,4161.372595205871,,
1781119800,4084.72,4091.8,4082.22,4091.45,4287.9400000000005,4113.74,4160.3417191208155,,
1781120700,4091.45,4092.41,4081.62,4082.96,4287.9400000000005,4113.74,4159.2787951971895,,
1781121600,4082.96,4083.05,4069.77,4072.14,4287.9400000000005,4113.74,4158.673849379247,,
1781122500,4072.14,4080.05,4071.19,4078.45,4287.9400000000005,4113.74,4158.380258461825,,
1781123400,4078.45,4078.45,4071.32,4072.66,4287.9400000000005,4113.74,4158.151959021697,,
1781124300,4072.66,4072.66,4067.03,4071.31,4287.9400000000005,4113.74,4157.868590693054,,
1781128800,4071.31,4071.77,4050.15,4056.06,4287.9400000000005,4113.74,4059.3266666666664,,
1781129700,4056.06,4056.95,4036.11,4044.61,4287.9400000000005,4113.74,4051.5846803468517,,
1781130600,4044.61,4068.9,4044.25,4062.58,4287.9400000000005,4113.74,4053.832426202549,,
1781131500,4062.58,4066.74,4045.3,4046.09,4287.9400000000005,4113.74,4053.5440472505093,,
1781132400,4046.09,4053.57,4023.64,4029.98,4287.9400000000005,4113.74,4049.8951506121653,,
1781133300,4029.98,4064.43,4024.8,4061.19,4287.9400000000005,4113.74,4049.9633147131,,
1781134200,4061.19,4063.97,4054.62,4055.82,4287.9400000000005,4113.74,4050.8992631455494,,
1781135100,4055.82,4057.12,4044.3,4046.82,4287.9400000000005,4113.74,4050.707255562764,,
1781136000,4046.82,4059.11,4035.7,4051.79,4287.9400000000005,4113.74,4050.2671932037897,,
1781136900,4051.79,4072.18,4049.34,4067.26,4287.9400000000005,4113.74,4052.721361714358,,
1781137800,4067.26,4076.35,4059.01,4062.97,4287.9400000000005,4113.74,4054.255937897621,,
1781138700,4062.97,4077.77,4062.82,4075.63,4287.9400000000005,4113.74,4055.769510919051,,
1781139600,4075.63,4089.51,4065.94,4086.93,4287.9400000000005,4113.74,4059.4205271612536,,
1781140500,4086.93,4108.7,4085.74,4104.61,4287.9400000000005,4113.74,4063.2321495837327,,
1781141400,4104.61,4118.13,4103.97,4113.68,4287.9400000000005,4113.74,4066.3161061848355,,
1781142300,4113.68,4117.01,4097.8,4101.58,4287.9400000000005,4113.74,4068.2809625291748,,
1781143200,4101.58,4102.45,4088.65,4089.23,4287.9400000000005,4113.74,4069.5661860231703,,
1781144100,4089.23,4095.91,4081.18,4082.28,4287.9400000000005,4113.74,4070.287328395088,,
1781145000,4082.28,4084.94,4054.99,4059.39,4287.9400000000005,4113.74,4070.0396189433877,,
1781145900,4059.39,4073.57,4051.92,4067.78,,,4069.7795880609924,,
1781146800,4067.78,4078.5,4064.32,4065.27,,,4069.7623015629874,,
1781147700,4065.27,4071.32,4056.68,4063.03,,,4069.5172748056584,,
1781148600,4063.03,4071.78,4062.11,4067.43,,,4069.4490051779926,,
1781149500,4067.43,4075.57,4064.58,4072.74,,,4069.4783632080553,,
1781150400,4072.74,4083.13,4069.85,4082.82,4222.51,3961.56,4069.6936974210475,,
1781151300,4082.82,4085.38,4076.25,4077.61,4222.51,3961.56,4069.8907504541053,,
1781152200,4077.61,4083.76,4074.69,4082,4222.51,3961.56,4070.086326576747,,
1781153100,4082,4085.91,4079.67,4082.65,4222.51,3961.56,4070.307524281058,,
1781154000,4082.65,4083.24,4075.04,4077.23,4222.51,3961.56,4070.482772915624,,
1781154900,4077.23,4081.13,4072.56,4074.73,4222.51,3961.56,4070.6151668114003,,
1781155800,4074.73,4099.53,4074.25,4099.4,4222.51,3961.56,4071.3767946886237,,
1781156700,4099.4,4106.29,4093.37,4094.05,4222.51,3961.56,4072.1284800344674,,
1781157600,4094.05,4094.76,4075.92,4084.17,4222.51,3961.56,4072.5459217460143,,
1781158500,4084.17,4092.88,4081.65,4086.55,4222.51,3961.56,4072.846620547884,,
1781159400,4086.55,4092.86,4082.97,4092.77,4222.51,3961.56,4073.1503128310956,,
1781160300,4092.77,4097.53,4091.02,4094.34,4222.51,3961.56,4073.5027776658694,,
1781161200,4094.34,4098.33,4091.56,4096.65,4222.51,3961.56,4073.994370855475,,
1781162100,4096.65,4110.3,4096.3,4107.64,4222.51,3961.56,4074.5953128618735,,
1781163000,4107.64,4110.45,4101.39,4107.51,4222.51,3961.56,4075.081597348852,,
1781163900,4107.51,4108.06,4098.92,4104.86,4222.51,3961.56,4075.4283678863917,,
1781164800,4104.86,4112.67,4103.89,4106.17,4222.51,3961.56,4075.9761639124918,,
1781165700,4106.17,4108.38,4097.12,4097.12,4222.51,3961.56,4076.3508524140975,,
1781166600,4097.12,4099.57,4090.22,4090.55,4222.51,3961.56,4076.6890578821726,,
1781167500,4090.55,4092.07,4084.47,4084.48,4222.51,3961.56,4076.932905992174,,
1781168400,4084.48,4087.49,4080.68,4086.14,4222.51,3961.56,4077.0357182697867,,
1781169300,4086.14,4088.91,4078.74,4079.51,4222.51,3961.56,4077.0972584364226,,
1781170200,4079.51,4091.85,4077.42,4091.62,4222.51,3961.56,4077.2064555302754,,
1781171100,4091.62,4096.4,4089.75,4091.64,4222.51,3961.56,4077.356027195789,,
1781172000,4091.64,4094.26,4087.98,4092.11,4222.51,3961.56,4077.5042021180466,,
1781172900,4092.11,4094.58,4086.73,4087.66,4222.51,3961.56,4077.62614003816,,
1781173800,4087.66,4093.05,4086.46,4090.44,4222.51,3961.56,4077.736823386554,,
1781174700,4090.44,4092.96,4087.55,4089.93,4222.51,3961.56,4077.82784666087,,
1781175600,4089.93,4093.31,4086.15,4086.18,4222.51,3961.56,4077.9628782213326,,
1781176500,4086.18,4091.23,4083.46,4090.31,4222.51,3961.56,4078.09631467045,,
1781177400,4090.31,4095.92,4081.69,4084.72,4222.51,3961.56,4078.2584644385124,,
1781178300,4084.72,4087.53,4079.71,4080.21,4222.51,3961.56,4078.2994683763413,,
1781179200,4080.21,4087.04,4072.57,4076.28,4222.51,3961.56,4078.3033286953414,,
1781180100,4076.28,4081.96,4061.1,4068.79,4222.51,3961.56,4078.0430544835654,,
1781181000,4068.79,4077.33,4057.14,4073.08,4222.51,3961.56,4077.742888221769,,
1781181900,4073.08,4085.15,4069.42,4081.76,4222.51,3961.56,4077.7691147673454,,
1781182800,4081.76,4086.11,4071.92,4073.06,4222.51,3961.56,4077.7485253814198,,
1781183700,4073.06,4081.75,4072.22,4075.31,4222.51,3961.56,4077.718771744573,,
1781184600,4075.31,4082.68,4066.96,4076.35,4222.51,3961.56,4077.604373850126,,
1781185500,4076.35,4092.64,4073.42,4083.26,4222.51,3961.56,4077.8575918551114,,
1781186400,4083.26,4085.41,4052.91,4061.02,4222.51,3961.56,4077.3948533217317,,
1781187300,4061.02,4084.85,4056.05,4074.69,4222.51,3961.56,4077.1907826153765,,
1781188200,4074.69,4083.45,4070.51,4076.13,4222.51,3961.56,4077.1754280134587,,
1781189100,4076.13,4081,4072.19,4073.35,4222.51,3961.56,4077.131704864245,,
1781190000,4073.35,4088.11,4070.23,4080.49,4222.51,3961.56,4077.20836996675,,
1781190900,4080.49,4089.18,4074.59,4081.43,4222.51,3961.56,4077.2943902339994,,
1781191800,4081.43,4090.33,4077.41,4088.38,4222.51,3961.56,4077.4473195702312,,
1781192700,4088.38,4095.49,4085.64,4088.76,4222.51,3961.56,4077.6540741966264,,
1781193600,4088.76,4103.2,4086.75,4102.5,4222.51,3961.56,4077.9958935543405,,
1781194500,4102.5,4107.59,4079.48,4079.67,4222.51,3961.56,4078.1856841792473,,
1781195400,4079.67,4087.93,4078.51,4081.88,4222.51,3961.56,4078.251880418164,,
1781196300,4081.88,4084.27,4077.99,4080.26,4222.51,3961.56,4078.285115329168,,
1781197200,4080.26,4080.85,4071.87,4075.98,4222.51,3961.56,4078.2541598518624,,
1781198100,4075.98,4102.22,4074.23,4101.19,4222.51,3961.56,4078.5058630156477,,
1781199000,4101.19,4169.94,4101.19,4166.44,4222.51,3961.56,4081.6085604259074,,
1781199900,4166.44,4166.75,4146.68,4151.85,4222.51,3961.56,4083.8755090381637,,
1781200800,4151.85,4155.67,4131.15,4146.83,4222.51,3961.56,4085.964658745876,,
1781201700,4146.83,4162.97,4145.18,4152.89,4222.51,3961.56,4087.675812025969,,
1781202600,4152.89,4165.01,4148.94,4164.6,4222.51,3961.56,4088.8524031779434,,
1781203500,4164.6,4171.51,4160.26,4161.82,4222.51,3961.56,4089.6309924402876,,
1781204400,4161.82,4189.27,4161.82,4188.18,4222.51,3961.56,4091.221097341385,,
1781205300,4188.18,4198.29,4186.08,4195.59,4222.51,3961.56,4092.932662432687,,
1781206200,4195.59,4220.13,4195.56,4210.24,4222.51,3961.56,4095.121689730194,,
1781207100,4210.24,4215.41,4207.26,4208.51,4222.51,3961.56,4096.656201667708,,
1781208000,4208.51,4218.57,4208.21,4213.7,4222.51,3961.56,4097.327761933328,,
1781208900,4213.7,4216.39,4212.16,4214.12,4222.51,3961.56,4097.725877528403,,
1781209800,4214.12,4216.54,4209.59,4209.69,4222.51,3961.56,4098.118420500868,,
1781210700,4209.69,4213.06,4209.19,4212.28,4222.51,3961.56,4098.354884633301,,
1781215200,4212.28,4218.16,4204.91,4209.23,4222.51,3961.56,4210.766666666666,,
1781216100,4209.23,4215.78,4205.04,4214.84,4222.51,3961.56,4211.371873310158,,
1781217000,4214.84,4228.14,4211.09,4225.54,4222.51,3961.56,4215.668072639767,,
1781217900,4225.54,4246.49,4224.76,4243.22,4222.51,3961.56,4223.852947485821,,
1781218800,4243.22,4245.93,4220.33,4223.27,4222.51,3961.56,4225.405554149196,,
1781219700,4223.27,4226.36,4213.74,4216.24,4222.51,3961.56,4224.22963540537,,
1781220600,4216.24,4223.5,4214.1,4219.09,4222.51,3961.56,4223.374491814026,,
1781221500,4219.09,4224.66,4214.88,4219.48,4222.51,3961.56,4222.821032018916,,
1781222400,4219.48,4225.63,4212.19,4216.49,4222.51,3961.56,4221.819861516124,,
1781223300,4216.49,4230.44,4206.93,4220.03,4222.51,3961.56,4221.3866737962435,,
1781224200,4220.03,4228.76,4202.19,4203.82,4222.51,3961.56,4220.166412227418,,
1781225100,4203.82,4208.53,4200.12,4208.39,4222.51,3961.56,4218.474913194169,,
1781226000,4208.39,4211.04,4182.56,4187,4222.51,3961.56,4214.342518078387,,
1781226900,4187,4193.7,4178.77,4180.84,4222.51,3961.56,4211.597884787579,,
1781227800,4180.84,4186.79,4171.27,4179.36,4222.51,3961.56,4208.557945727587,,
1781228700,4179.36,4191.39,4179.2,4186.74,4222.51,3961.56,4207.00007103186,,
1781229600,4186.74,4199.99,4183.67,4193.9,4222.51,3961.56,4206.099758940611,,
1781230500,4193.9,4194.45,4186.58,4188.36,4222.51,3961.56,4205.477619454288,,
1781231400,4188.36,4193.36,4182.43,4186.18,4222.51,3961.56,4204.518923374399,,
1781232300,4186.18,4193.71,4183.62,4191.4,,,4203.888327726264,,
1781233200,4191.4,4196.04,4189.38,4193.72,,,4203.464429798194,,
1781234100,4193.72,4203.75,4192.97,4203.6,,,4203.316953649358,,
1781235000,4203.6,4204.93,4198.62,4199.14,,,4203.236366769572,,
1781235900,4199.14,4201.42,4195.5,4197.15,,,4203.098311876412,,
1781236800,4197.15,4201.05,4191.85,4194.24,4290.579999999999,4091.7300000000014,4202.939355134563,,
1781237700,4194.24,4195.56,4190.32,4192.67,4290.579999999999,4091.7300000000014,4202.761076986288,,
1781238600,4192.67,4198.34,4191.53,4193.42,4290.579999999999,4091.7300000000014,4202.601163161905,,
1781239500,4193.42,4194.23,4189.57,4190.01,4290.579999999999,4091.7300000000014,4202.407687307409,,
1781240400,4190.01,4193,4181.9,4188.76,4290.579999999999,4091.7300000000014,4202.022507749709,,
1781241300,4188.76,4189.55,4184.68,4187.06,4290.579999999999,4091.7300000000014,4201.654738547878,,
1781242200,4187.06,4187.73,4172.44,4180.41,4290.579999999999,4091.7300000000014,4200.34774920975,,
1781243100,4180.41,4180.89,4170.51,4172.91,4290.579999999999,4091.7300000000014,4199.181051958103,,
1781244000,4172.91,4185.5,4172.86,4182.89,4290.579999999999,4091.7300000000014,4198.471145226344,,
1781244900,4182.89,4183.3,4178.94,4181.98,4290.579999999999,4091.7300000000014,4198.029787841481,,
1781245800,4181.98,4182.53,4172.26,4176.42,4290.579999999999,4091.7300000000014,4197.419996444083,,
1781246700,4176.42,4184.98,4174.09,4184.09,4290.579999999999,4091.7300000000014,4197.004591202059,,
1781247600,4184.09,4185.12,4175.93,4178.24,4290.579999999999,4091.7300000000014,4196.538758923682,,
1781248500,4178.24,4179.99,4173.68,4174.07,4290.579999999999,4091.7300000000014,4196.130945076178,,
1781249400,4174.07,4184.59,4170.13,4182.87,4290.579999999999,4091.7300000000014,4195.7335197435195,,
1781250300,4182.87,4194.59,4173.68,4194.54,4290.579999999999,4091.7300000000014,4195.473080687394,,
1781251200,4194.54,4204.78,4191.77,4203.81,4290.579999999999,4091.7300000000014,4195.669706016375,,
1781252100,4203.81,4220.59,4199.32,4213.3,4290.579999999999,4091.7300000000014,4196.424901897059,,
1781253000,4213.3,4222.57,4211.62,4218.32,4290.579999999999,4091.7300000000014,4197.066113591897,,
1781253900,4218.32,4225.95,4214.45,4219.48,4290.579999999999,4091.7300000000014,4197.578373144076,,
1781254800,4219.48,4225.38,4217.35,4224.05,4290.579999999999,4091.7300000000014,4198.083875850108,,
1781255700,4224.05,4226.84,4219.07,4220.88,4290.579999999999,4091.7300000000014,4198.658039066893,,
1781256600,4220.88,4227.86,4219.2,4225.24,4290.579999999999,4091.7300000000014,4199.146232089454,,
1781257500,4225.24,4227.96,4221.32,4221.73,4290.579999999999,4091.7300000000014,4199.537106602242,,
1781258400,4221.73,4225.46,4218.64,4221.36,4290.579999999999,4091.7300000000014,4199.866705281086,,
1781259300,4221.36,4222.29,4202.7,4206.83,4290.579999999999,4091.7300000000014,4200.1270432084875,,
1781260200,4206.83,4218.57,4206.47,4215.35,4290.579999999999,4091.7300000000014,4200.369818558979,,
1781261100,4215.35,4218.68,4209.29,4210.88,4290.579999999999,4091.7300000000014,4200.537193938287,,
1781262000,4210.88,4212.04,4204.97,4207.43,4290.579999999999,4091.7300000000014,4200.647809270107,,
1781262900,4207.43,4210.23,4202.16,4202.61,4290.579999999999,4091.7300000000014,4200.703131954465,,
1781263800,4202.61,4210.61,4197.45,4209.68,4290.579999999999,4091.7300000000014,4200.778203210498,,
1781264700,4209.68,4215.05,4206.4,4206.8,4290.579999999999,4091.7300000000014,4200.881228541517,,
1781265600,4206.8,4214.29,4202.62,4214.27,4290.579999999999,4091.7300000000014,4201.054938329148,,
1781266500,4214.27,4215.32,4200.25,4201.12,4290.579999999999,4091.7300000000014,4201.129093814763,,
1781267400,4201.12,4201.82,4191.18,4196.78,4290.579999999999,4091.7300000000014,4201.040127255838,,
1781268300,4196.78,4200.61,4188.5,4191.81,4290.579999999999,4091.7300000000014,4200.898765109182,,
1781269200,4191.81,4201.02,4186.54,4198.33,4290.579999999999,4091.7300000000014,4200.76059396216,,
1781270100,4198.33,4206.71,4197.02,4202.82,4290.579999999999,4091.7300000000014,4200.784106207908,,
1781271000,4202.82,4210.24,4182.35,4190.78,4290.579999999999,4091.7300000000014,4200.4004130851645,,
1781271900,4190.78,4193.97,4183.16,4185.94,4290.579999999999,4091.7300000000014,4199.726993276894,,
1781272800,4185.94,4198.38,4184.78,4193.09,4290.579999999999,4091.7300000000014,4199.429245837853,,
1781273700,4193.09,4199.41,4182.6,4188.48,4290.579999999999,4091.7300000000014,4199.123445579508,,
1781274600,4188.48,4193.11,4180.93,4184.49,4290.579999999999,4091.7300000000014,4198.719826684671,,
1781275500,4184.49,4208.5,4177.1,4203.94,4290.579999999999,4091.7300000000014,4198.613412498185,,
1781276400,4203.94,4215.31,4200.06,4214.11,4290.579999999999,4091.7300000000014,4198.9158057619325,,
1781277300,4214.11,4235.55,4212.54,4225.85,4290.579999999999,4091.7300000000014,4199.527742597972,,
1781278200,4225.85,4228.49,4210.41,4211.03,4290.579999999999,4091.7300000000014,4199.969700323714,,
1781279100,4211.03,4218.89,4206.81,4211.86,4290.579999999999,4091.7300000000014,4200.261963086682,,
1781280000,4211.86,4224.96,4208.02,4221.73,4290.579999999999,4091.7300000000014,4200.67374592928,,
1781280900,4221.73,4233.01,4215.72,4216.88,4290.579999999999,4091.7300000000014,4201.10829890786,,
1781281800,4216.88,4220.47,4211.63,4213.32,4290.579999999999,4091.7300000000014,4201.358615291986,,
1781282700,4213.32,4218.16,4211.25,4215.98,4290.579999999999,4091.7300000000014,4201.591672966917,,
1781283600,4215.98,4226.41,4214.99,4218.5,4290.579999999999,4091.7300000000014,4201.950221220825,,
1781284500,4218.5,4223.67,4213.86,4218.91,4290.579999999999,4091.7300000000014,4202.144832439249,,
1781285400,4218.91,4223.53,4213.91,4222.33,4290.579999999999,4091.7300000000014,4202.329604037896,,
1781286300,4222.33,4224.51,4219.59,4221.33,4290.579999999999,4091.7300000000014,4202.494252900337,,
1781287200,4221.33,4228.44,4218.2,4226.99,4290.579999999999,4091.7300000000014,4202.78683189815,,
1781288100,4226.99,4235.26,4224.38,4226.38,4290.579999999999,4091.7300000000014,4203.082490677815,,
1781289000,4226.38,4230.04,4224.28,4229.29,4290.579999999999,4091.7300000000014,4203.241476754379,,
1781289900,4229.29,4229.29,4214.01,4215.52,4290.579999999999,4091.7300000000014,4203.381365825696,,
1781290800,4215.52,4219.51,4214.17,4217.52,4290.579999999999,4091.7300000000014,4203.461857717427,,
1781291700,4217.52,4217.52,4207.8,4208.52,4290.579999999999,4091.7300000000014,4203.509385944588,,
1781292600,4208.52,4210.26,4201.83,4205.12,4290.579999999999,4091.7300000000014,4203.530171288315,,
1781293500,4205.12,4211.24,4203.61,4210.74,4290.579999999999,4091.7300000000014,4203.5697371111355,,
1781294400,4210.74,4213.58,4209.37,4212.52,4290.579999999999,4091.7300000000014,4203.590427663543,,
1781295300,4212.52,4216.99,4212.17,4214.42,4290.579999999999,4091.7300000000014,4203.606834903107,,
1781296200,4214.42,4214.51,4212.24,4213.43,4290.579999999999,4091.7300000000014,4203.613630006918,,
1781474400,4213.43,4309.04,4213.43,4298.96,,,4273.81,,
1781475300,4298.96,4306.26,4283.53,4286.64,,,4281.20992375143,,
1781476200,4286.64,4288.61,4279.73,4284.83,,,4281.90819696519,,
1781477100,4284.83,4291.72,4284.35,4285.19,,,4282.488515903323,,
1781478000,4285.19,4288.37,4281.88,4283.12,,,4282.716389885819,,
1781478900,4283.12,4284.55,4280.73,4283.43,,,4282.732045803903,,
1781479800,4283.43,4286.11,4281.51,4285.11,,,4282.819587618157,,
1781480700,4285.11,4295.12,4284.17,4294.08,,,4283.622062572103,,
1781481600,4294.08,4301.1,4293.19,4299.93,,,4285.303018281678,,
1781482500,4299.93,4308.23,4299.7,4300.9,,,4287.151671906521,,
1781483400,4300.9,4305.78,4295.62,4297.62,,,4288.553164531928,,
1781484300,4297.62,4299.92,4291.13,4292.49,,,4289.086796982022,,
1781485200,4292.49,4300.33,4285.41,4296.11,,,4290.123793972222,,
1781486100,4296.11,4306.55,4289.06,4303.4,,,4291.305245797097,,
1781487000,4303.4,4319.59,4300.91,4317.76,,,4293.381109015283,,
1781487900,4317.76,4319.04,4313.21,4316.72,,,4294.85213478014,,
1781488800,4316.72,4326.6,4316.09,4326.46,,,4296.403752551824,,
1781489700,4326.46,4330.97,4324.15,4328.09,,,4297.527058165234,,
1781490600,4328.09,4334.11,4327.76,4330.24,,,4299.180482826426,,
1781491500,4330.24,4335.45,4327.7,4329.65,,,4300.460783237869,,
1781492400,4329.65,4331.23,4321.89,4325.32,,,4301.471521403225,,
1781493300,4325.32,4329.21,4321.48,4323.91,,,4302.283195384262,,
1781494200,4323.91,4327.25,4321.04,4323.46,,,4302.766355213181,,
1781495100,4323.46,4327.43,4323,4324.97,,,4303.055290496863,,
1781496000,4324.97,4327.58,4322.72,4326.3,4387.950000000001,4217.049999999999,4303.428482427995,,
1781496900,4326.3,4327.7,4320.57,4327.04,4387.950000000001,4217.049999999999,4303.87274836818,,
1781497800,4327.04,4330.08,4325.3,4327.76,4387.950000000001,4217.049999999999,4304.178391558449,,
1781498700,4327.76,4329.35,4326.44,4328.3,4387.950000000001,4217.049999999999,4304.445859879391,,
1781499600,4328.3,4330.76,4323.67,4328.55,4387.950000000001,4217.049999999999,4304.97250400244,,
1781500500,4328.55,4332.89,4326.03,4330.24,4387.950000000001,4217.049999999999,4305.553963618595,,
1781501400,4330.24,4332.8,4312.44,4312.51,4387.950000000001,4217.049999999999,4306.118681731985,,
1781502300,4312.51,4316.23,4307.07,4310.16,4387.950000000001,4217.049999999999,4306.271367830569,,
1781503200,4310.16,4313.48,4302.76,4308.93,4387.950000000001,4217.049999999999,4306.379366115652,,
1781504100,4308.93,4309.53,4302.95,4305.09,4387.950000000001,4217.049999999999,4306.359969087216,,
1781505000,4305.09,4307.1,4300.74,4306.49,4387.950000000001,4217.049999999999,4306.297687974199,,
1781505900,4306.49,4309.69,4304.17,4308.08,4387.950000000001,4217.049999999999,4306.319373424764,,
1781506800,4308.08,4314.4,4305.14,4313.64,4387.950000000001,4217.049999999999,4306.444308521596,,
1781507700,4313.64,4318.76,4313.02,4316.65,4387.950000000001,4217.049999999999,4306.659920012942,,
1781508600,4316.65,4317.36,4312.01,4316.52,4387.950000000001,4217.049999999999,4306.862595456492,,
1781509500,4316.52,4325.35,4312.51,4323.16,4387.950000000001,4217.049999999999,4307.178140435532,,
1781510400,4323.16,4329.71,4321.62,4328.98,4387.950000000001,4217.049999999999,4307.662140111363,,
1781511300,4328.98,4332.7,4327.16,4328.59,4387.950000000001,4217.049999999999,4308.168590575455,,
1781512200,4328.59,4345.28,4327.69,4340.83,4387.950000000001,4217.049999999999,4308.92727640744,,
1781513100,4340.83,4343.04,4334.03,4334.13,4387.950000000001,4217.049999999999,4309.389234447327,,
1781514000,4334.13,4342.98,4334.11,4339.96,4387.950000000001,4217.049999999999,4309.917723349938,,
1781514900,4339.96,4343.15,4336.36,4338.9,4387.950000000001,4217.049999999999,4310.510758851681,,
1781515800,4338.9,4341.05,4334.91,4335.74,4387.950000000001,4217.049999999999,4310.933483930455,,
1781516700,4335.74,4340.91,4335.13,4336.62,4387.950000000001,4217.049999999999,4311.303644728667,,
1781517600,4336.62,4340.36,4335.66,4337.7,4387.950000000001,4217.049999999999,4311.640788122468,,
1781518500,4337.7,4339.37,4336.02,4338.36,4387.950000000001,4217.049999999999,4311.93813947919,,
1781519400,4338.36,4340.35,4335.29,4337.66,4387.950000000001,4217.049999999999,4312.211201081316,,
1781520300,4337.66,4341.41,4336.14,4338.13,4387.950000000001,4217.049999999999,4312.567324683583,,
1781521200,4338.13,4339.74,4336.14,4337.83,4387.950000000001,4217.049999999999,4312.896152557138,,
1781522100,4337.83,4341.49,4336.11,4341,4387.950000000001,4217.049999999999,4313.30150628681,,
1781523000,4341,4347.56,4338.09,4338.47,4387.950000000001,4217.049999999999,4313.784844753613,,
1781523900,4338.47,4338.64,4331.78,4335.08,4387.950000000001,4217.049999999999,4314.230158841124,,
1781524800,4335.08,4338.6,4330.44,4331.13,4387.950000000001,4217.049999999999,4314.6289806565,,
1781525700,4331.13,4338.08,4324.55,4337.09,4387.950000000001,4217.049999999999,4315.109921157105,,
1781526600,4337.09,4346.62,4334.62,4345.12,4387.950000000001,4217.049999999999,4315.695574514715,,
1781527500,4345.12,4349.45,4343.17,4349,4387.950000000001,4217.049999999999,4316.283160817883,,
1781528400,4349,4350.34,4341.12,4349.03,4387.950000000001,4217.049999999999,4317.000475149494,,
1781529300,4349.03,4355.9,4349.01,4353.25,4387.950000000001,4217.049999999999,4317.772119715459,,
1781530200,4353.25,4368.94,4352.18,4363.11,4387.950000000001,4217.049999999999,4320.3062870728745,,
1781531100,4363.11,4364.62,4354.35,4355.26,4387.950000000001,4217.049999999999,4321.949156227991,,
1781532000,4355.26,4369.48,4353.79,4357.37,4387.950000000001,4217.049999999999,4323.640075315655,,
1781532900,4357.37,4364.14,4353.9,4363.5,4387.950000000001,4217.049999999999,4324.923641176485,,
1781533800,4363.5,4365.24,4353.86,4357.02,4387.950000000001,4217.049999999999,4325.957584306071,,
1781534700,4357.02,4363.55,4355.42,4356.72,4387.950000000001,4217.049999999999,4326.751511836667,,
1781535600,4356.72,4359.26,4349.39,4351.06,4387.950000000001,4217.049999999999,4327.335603155436,,
1781536500,4351.06,4358.22,4349.94,4354.06,4387.950000000001,4217.049999999999,4327.796788713461,,
1781537400,4354.06,4359.79,4349.14,4357.42,4387.950000000001,4217.049999999999,4328.239148315145,,
1781538300,4357.42,4360.69,4354.77,4356.25,4387.950000000001,4217.049999999999,4328.649681476254,,
1781539200,4356.25,4358.67,4348.91,4351.64,4387.950000000001,4217.049999999999,4328.89224727537,,
1781540100,4351.64,4352.54,4338.94,4342.98,4387.950000000001,4217.049999999999,4329.0895055141345,,
1781541000,4342.98,4343.05,4336.09,4336.17,4387.950000000001,4217.049999999999,4329.176329943307,,
1781541900,4336.17,4339.74,4334.47,4339.17,4387.950000000001,4217.049999999999,4329.274949236741,,
1781542800,4339.17,4339.18,4330.63,4333.88,4387.950000000001,4217.049999999999,4329.3476183183875,,
1781543700,4333.88,4334.8,4328.84,4329.75,4387.950000000001,4217.049999999999,4329.369400606158,,
1781544600,4329.75,4329.88,4321.02,4321.96,4387.950000000001,4217.049999999999,4329.309443258392,,
1781545500,4321.96,4325.23,4320.32,4324.72,4387.950000000001,4217.049999999999,4329.249286781863,,
1781546400,4324.72,4325,4317.71,4324.1,4387.950000000001,4217.049999999999,4329.167742933364,,
1781547300,4324.1,4328.05,4322.75,4324.65,4387.950000000001,4217.049999999999,4329.131473178187,,
1781548200,4324.65,4326.18,4321.73,4324.89,4387.950000000001,4217.049999999999,4329.090424512424,,
1781549100,4324.89,4327.24,4323.89,4325.56,4387.950000000001,4217.049999999999,4329.059101547654,,
1781550000,4325.56,4326.67,4320.73,4322.44,4387.950000000001,4217.049999999999,4329.010300304299,,
1781550900,4322.44,4324.51,4320.86,4321.39,4387.950000000001,4217.049999999999,4328.962050589232,,
1781551800,4321.39,4323.73,4317.98,4318.99,4387.950000000001,4217.049999999999,4328.869170852312,,
1781552700,4318.99,4321.25,4316.47,4320.61,4387.950000000001,4217.049999999999,4328.75393914759,,
1781553600,4320.61,4322.05,4315.63,4315.84,4387.950000000001,4217.049999999999,4328.708318201582,,
1781554500,4315.84,4318.58,4310.55,4312.64,4387.950000000001,4217.049999999999,4328.650024317039,,
1781555400,4312.64,4313.05,4308.36,4309.8,4387.950000000001,4217.049999999999,4328.58726884654,,
1781556300,4309.8,4310.68,4306.5,4309.23,4387.950000000001,4217.049999999999,4328.522254774612,,
1781560800,4309.23,4315.36,4308.62,4310.19,4387.950000000001,4217.049999999999,4311.389999999999,,
1781561700,4310.19,4313.5,4305.71,4308.61,4387.950000000001,4217.049999999999,4310.270653855578,,
1781562600,4308.61,4314.74,4306.55,4312.47,4387.950000000001,4217.049999999999,4310.563668902154,,
1781563500,4312.47,4314.37,4310.45,4311.8,4387.950000000001,4217.049999999999,4310.9020943296855,,
1781564400,4311.8,4316.46,4311.48,4313.21,4387.950000000001,4217.049999999999,4311.361911615914,,
1781565300,4313.21,4315.6,4311.32,4315.45,4387.950000000001,4217.049999999999,4311.7662585318285,,
1781566200,4315.45,4319.07,4313.23,4318.13,4387.950000000001,4217.049999999999,4312.375554657457,,
1781567100,4318.13,4319.11,4313.02,4315.57,4387.950000000001,4217.049999999999,4312.87415533756,,
1781568000,4315.57,4318.42,4313.18,4313.33,4387.950000000001,4217.049999999999,4313.219882188603,,
1781568900,4313.33,4315.68,4306.59,4308.32,4387.950000000001,4217.049999999999,4312.734372543379,,
1781569800,4308.32,4313.78,4307.9,4311.05,4387.950000000001,4217.049999999999,4312.450077753913,,
1781570700,4311.05,4320.76,4310.24,4319.11,4387.950000000001,4217.049999999999,4312.965039969797,,
1781571600,4319.11,4326,4315.26,4319.65,4387.950000000001,4217.049999999999,4314.705264612212,,
1781572500,4319.65,4324,4315.97,4319.25,4387.950000000001,4217.049999999999,4315.500331804362,,
1781573400,4319.25,4320.4,4313.33,4314.88,4387.950000000001,4217.049999999999,4315.580268811174,,
1781574300,4314.88,4319.42,4311.95,4313.45,4387.950000000001,4217.049999999999,4315.534581366151,,
1781575200,4313.45,4314.05,4307.67,4309.4,4387.950000000001,4217.049999999999,4315.1536465283025,,
1781576100,4309.4,4312.89,4308.34,4312.66,4387.950000000001,4217.049999999999,4315.047107784899,,
1781577000,4312.66,4318.18,4309.46,4311.89,4387.950000000001,4217.049999999999,4314.952342173216,,
1781577900,4311.89,4320.87,4311.08,4318.55,,,4315.051327789259,,
1781578800,4318.55,4321.02,4317.07,4318.6,,,4315.212742574546,,
1781579700,4318.6,4322.47,4315.44,4321.27,,,4315.396688006718,,
1781580600,4321.27,4332.88,4319.49,4331.89,,,4315.8655731415465,,
1781581500,4331.89,4333.05,4328.85,4330.25,,,4316.230841530783,,
1781582400,4330.25,4332.07,4325.5,4326.97,4354.1,4283.849999999999,4316.524032056291,,
1781583300,4326.97,4327.69,4321.88,4322.8,4354.1,4283.849999999999,4316.669289975071,,
1781584200,4322.8,4325.31,4321.63,4323.04,4354.1,4283.849999999999,4316.838405795461,,
1781585100,4323.04,4323.66,4321.08,4322.49,4354.1,4283.849999999999,4316.953578156721,,
1781586000,4322.49,4329.11,4322.09,4326.15,4354.1,4283.849999999999,4317.149889566828,,
1781586900,4326.15,4327.94,4324.42,4327.29,4354.1,4283.849999999999,4317.321855307604,,
1781587800,4327.29,4330.81,4315.92,4317.53,4354.1,4283.849999999999,4317.625705652608,,
1781588700,4317.53,4320.94,4314.02,4315.71,4354.1,4283.849999999999,4317.592385092466,,
1781589600,4315.71,4319.62,4313.16,4318.54,4354.1,4283.849999999999,4317.571481944788,,
1781590500,4318.54,4318.61,4314.31,4316.42,4354.1,4283.849999999999,4317.535884539298,,
1781591400,4316.42,4320.21,4313.92,4316.27,4354.1,4283.849999999999,4317.506352883605,,
1781592300,4316.27,4324.35,4315.95,4323.8,4354.1,4283.849999999999,4317.634387391576,,
1781593200,4323.8,4328.59,4322.48,4326.04,4354.1,4283.849999999999,4317.822038038361,,
1781594100,4326.04,4329.55,4324.11,4328.67,4354.1,4283.849999999999,4318.030967917682,,
1781595000,4328.67,4332.69,4326.09,4327.43,4354.1,4283.849999999999,4318.324735461565,,
1781595900,4327.43,4335.55,4326.35,4334.99,4354.1,4283.849999999999,4318.674023503146,,
1781596800,4334.99,4340.16,4332.57,4337.81,4354.1,4283.849999999999,4319.1147106358585,,
1781597700,4337.81,4343.37,4337.51,4341.21,4354.1,4283.849999999999,4319.603447767,,
1781598600,4341.21,4345.14,4338.91,4343.26,4354.1,4283.849999999999,4320.087536278476,,
1781599500,4343.26,4347.92,4340.74,4347,4354.1,4283.849999999999,4320.59627935342,,
1781600400,4347,4348.28,4343.92,4346.03,4354.1,4283.849999999999,4321.155280266731,,
1781601300,4346.03,4346.3,4338.21,4339.82,4354.1,4283.849999999999,4321.525469003884,,
1781602200,4339.82,4346.33,4339.24,4342.08,4354.1,4283.849999999999,4321.897392302003,,
1781603100,4342.08,4348.25,4340.13,4345.1,4354.1,4283.849999999999,4322.224671820685,,
1781604000,4345.1,4346.61,4343.04,4345.89,4354.1,4283.849999999999,4322.505067904767,,
1781604900,4345.89,4346.71,4343.52,4344.13,4354.1,4283.849999999999,4322.758080732802,,
1781605800,4344.13,4346.65,4342.23,4346.51,4354.1,4283.849999999999,4322.986956018205,,
1781606700,4346.51,4348.93,4346.41,4348.93,4354.1,4283.849999999999,4323.300201094918,,
1781607600,4348.93,4349.43,4339.5,4341.59,4354.1,4283.849999999999,4323.694394287447,,
1781608500,4341.59,4343.4,4338.43,4341.91,4354.1,4283.849999999999,4323.979401761611,,
1781609400,4341.91,4342.2,4335.05,4339.02,4354.1,4283.849999999999,4324.316980404355,,
1781610300,4339.02,4341.59,4336.68,4340.82,4354.1,4283.849999999999,4324.595560037531,,
1781611200,4340.82,4345.52,4338.06,4344.51,4354.1,4283.849999999999,4325.010331035558,,
1781612100,4344.51,4345.11,4337.36,4343.65,4354.1,4283.849999999999,4325.421292791328,,
1781613000,4343.65,4349.7,4341.43,4349.46,4354.1,4283.849999999999,4325.998381006602,,
1781613900,4349.46,4354.84,4348.38,4354.5,4354.1,4283.849999999999,4326.646075925931,,
1781614800,4354.5,4354.85,4342.02,4343.65,4354.1,4283.849999999999,4327.413824971766,,
1781615700,4343.65,4344.99,4333.02,4335.02,4354.1,4283.849999999999,4327.760278179723,,
1781616600,4335.02,4340.62,4333.58,4339.03,4354.1,4283.849999999999,4328.219673964099,,
1781617500,4339.03,4340.49,4331.58,4331.71,4354.1,4283.849999999999,4328.468710555805,,
1781618400,4331.71,4338.77,4331.41,4335.48,4354.1,4283.849999999999,4328.679754284751,,
1781619300,4335.48,4335.48,4317.46,4319.65,4354.1,4283.849999999999,4328.453020499656,,
1781620200,4319.65,4328.33,4313.17,4324.18,4354.1,4283.849999999999,4328.179127084631,,
1781621100,4324.18,4327.29,4321.54,4324.06,4354.1,4283.849999999999,4328.062593395627,,
1781622000,4324.06,4327.19,4322.28,4324.35,4354.1,4283.849999999999,4327.976642651866,,
1781622900,4324.35,4328.58,4320.74,4325.6,4354.1,4283.849999999999,4327.916096007646,,
1781623800,4325.6,4328.69,4323.02,4326.59,4354.1,4283.849999999999,4327.873348314518,,
1781624700,4326.59,4343.35,4321.93,4335.2,4354.1,4283.849999999999,4328.0514701422935,,
1781625600,4335.2,4347.05,4334.81,4345.97,4354.1,4283.849999999999,4328.344415528304,,
1781626500,4345.97,4346.81,4341.63,4344.48,4354.1,4283.849999999999,4328.570074327074,,
1781627400,4344.48,4345.2,4340.13,4344.06,4354.1,4283.849999999999,4328.762607797549,,
1781628300,4344.06,4346.4,4339.97,4340.53,4354.1,4283.849999999999,4328.9174077191965,,
1781629200,4340.53,4341.13,4334.09,4335.53,4354.1,4283.849999999999,4329.007084003448,,
1781630100,4335.53,4336,4325.12,4334.55,4354.1,4283.849999999999,4329.058478230324,,
1781631000,4334.55,4340.12,4333.98,4338.45,4354.1,4283.849999999999,4329.167714723586,,
1781631900,4338.45,4340.42,4335.86,4340.2,4354.1,4283.849999999999,4329.247050167074,,
1781632800,4340.2,4342.66,4339,4341.72,4354.1,4283.849999999999,4329.376520612031,,
1781633700,4341.72,4342.28,4338.78,4341.19,4354.1,4283.849999999999,4329.512201923303,,
1781634600,4341.19,4342.8,4338.23,4338.84,4354.1,4283.849999999999,4329.62347512363,,
1781635500,4338.84,4340.02,4336.2,4338.5,4354.1,4283.849999999999,4329.68614817916,,
1781636400,4338.5,4342.82,4337.8,4339.2,4354.1,4283.849999999999,4329.781033705658,,
1781637300,4339.2,4340.98,4336.43,4339.38,4354.1,4283.849999999999,4329.859634704841,,
1781638200,4339.38,4339.9,4336.76,4338.41,4354.1,4283.849999999999,4329.930416665523,,
1781639100,4338.41,4339.55,4330.44,4333.97,4354.1,4283.849999999999,4329.992542286454,,
1781640000,4333.97,4334.22,4331.12,4331.15,4354.1,4283.849999999999,4330.001680708061,,
1781640900,4331.15,4334.17,4330.96,4332.89,4354.1,4283.849999999999,4330.00766562198,,
1781641800,4332.89,4334.98,4331.6,4333.36,4354.1,4283.849999999999,4330.015413096842,,
1781642700,4333.36,4333.36,4329.39,4330.99,4354.1,4283.849999999999,4330.018984590772,,
1781647200,4330.99,4334.81,4330.11,4331.98,4354.1,4283.849999999999,4332.3,,
1781648100,4331.98,4333.07,4328.64,4330.24,4354.1,4283.849999999999,4331.255267611593,,
1781649000,4330.24,4333.12,4329.96,4332.79,4354.1,4283.849999999999,4331.475180559589,,
1781649900,4332.79,4336.17,4331.75,4335.5,4354.1,4283.849999999999,4332.1138727619045,,
1781650800,4335.5,4338.45,4333.52,4336.37,4354.1,4283.849999999999,4332.900399069653,,
1781651700,4336.37,4337.01,4335.36,4335.72,4354.1,4283.849999999999,4333.226511774542,,
1781652600,4335.72,4336.32,4332.6,4334.27,4354.1,4283.849999999999,4333.374399578483,,
1781653500,4334.27,4335.04,4329.04,4330.55,4354.1,4283.849999999999,4333.051844047196,,
1781654400,4330.55,4340.06,4328.22,4337.27,4354.1,4283.849999999999,4333.828017739972,,
1781655300,4337.27,4341.66,4336.3,4337.24,4354.1,4283.849999999999,4334.821792250893,,
1781656200,4337.24,4338.83,4334.63,4335.34,4354.1,4283.849999999999,4334.986607253146,,
1781657100,4335.34,4337.91,4332.09,4337.1,4354.1,4283.849999999999,4335.083785747561,,
1781658000,4337.1,4349.74,4334.24,4347.75,4354.1,4283.849999999999,4337.259494409058,,
1781658900,4347.75,4347.82,4339.09,4343.31,4354.1,4283.849999999999,4338.041469105787,,
1781659800,4343.31,4344.12,4337.69,4339.44,4354.1,4283.849999999999,4338.265871613821,,
1781660700,4339.44,4343.68,4336.64,4340.83,4354.1,4283.849999999999,4338.445231975229,,
1781661600,4340.83,4344.11,4339.82,4341.99,4354.1,4283.849999999999,4338.702478062931,,
1781662500,4341.99,4344.55,4339.65,4340.63,4354.1,4283.849999999999,4338.823079843065,,
1781663400,4340.63,4343.71,4337.7,4338.78,4354.1,4283.849999999999,4338.911935175423,,
1781664300,4338.78,4338.99,4329.64,4331.38,,,4338.485926997322,,
1781665200,4331.38,4334.14,4329.51,4330.61,,,4338.12434263939,,
1781666100,4330.61,4332.44,4328.62,4331.68,,,4337.769821649774,,
1781667000,4331.68,4333.49,4330,4333.18,,,4337.618670193974,,
1781667900,4333.18,4333.75,4330.45,4332.02,,,4337.486929581833,,
1781668800,4332.02,4332.28,4328.56,4330.79,4380.74,4303.24,4337.30513818268,,
1781669700,4330.79,4334.07,4324,4324.57,4380.74,4303.24,4336.985262018081,,
1781670600,4324.57,4325.79,4317.42,4323.15,4380.74,4303.24,4336.4766984534635,,
1781671500,4323.15,4326.79,4322.28,4326.79,4380.74,4303.24,4336.246716451686,,
1781672400,4326.79,4327.89,4321.19,4322.59,4380.74,4303.24,4335.90290201936,,
1781673300,4322.59,4327.72,4321.09,4327.22,4380.74,4303.24,4335.571003671779,,
1781674200,4327.22,4332.88,4326.65,4329.61,4380.74,4303.24,4335.269689027893,,
1781675100,4329.61,4334.19,4324.34,4326.66,4380.74,4303.24,4334.974290048421,,
1781676000,4326.66,4330.07,4324.46,4329.24,4380.74,4303.24,4334.6346765509625,,
1781676900,4329.24,4329.32,4320.39,4324.2,4380.74,4303.24,4334.19257879635,,
1781677800,4324.2,4329.15,4322.39,4327.69,4380.74,4303.24,4333.899607278977,,
1781678700,4327.69,4331.79,4326.56,4331.67,4380.74,4303.24,4333.810127718126,,
1781679600,4331.67,4332.81,4326.91,4327.09,4380.74,4303.24,4333.673241365185,,
1781680500,4327.09,4332.72,4326.51,4329.06,4380.74,4303.24,4333.562926996156,,
1781681400,4329.06,4331.68,4325.33,4328.86,4380.74,4303.24,4333.451426071235,,
1781682300,4328.86,4329.41,4324.48,4325.15,4380.74,4303.24,4333.310559759904,,
1781683200,4325.15,4327.87,4322.11,4322.84,4380.74,4303.24,4333.033626157579,,
1781684100,4322.84,4324.9,4319.47,4323.6,4380.74,4303.24,4332.704001073366,,
1781685000,4323.6,4324.37,4318.83,4319.96,4380.74,4303.24,4332.416138096768,,
1781685900,4319.96,4325.38,4316.99,4324.63,4380.74,4303.24,4332.17581210153,,
1781686800,4324.63,4325.78,4321.22,4325.14,4380.74,4303.24,4332.01394507825,,
1781687700,4325.14,4333.27,4325.04,4332.03,4380.74,4303.24,4331.967371188139,,
1781688600,4332.03,4335.58,4328.07,4328.35,4380.74,4303.24,4331.94057928147,,
1781689500,4328.35,4329.77,4325.55,4329.46,4380.74,4303.24,4331.88255158069,,
1781690400,4329.46,4331.06,4327.7,4330.79,4380.74,4303.24,4331.844903230749,,
1781691300,4330.79,4330.93,4326.49,4328.88,4380.74,4303.24,4331.794798741546,,
1781692200,4328.88,4331.05,4326.94,4330.74,4380.74,4303.24,4331.760713765441,,
1781693100,4330.74,4335.23,4330.67,4331.33,4380.74,4303.24,4331.773000165001,,
1781694000,4331.33,4331.91,4327.67,4329.06,4380.74,4303.24,4331.727011868735,,
1781694900,4329.06,4331.72,4328.06,4328.94,4380.74,4303.24,4331.693182360413,,
1781695800,4328.94,4329.07,4323.94,4325.92,4380.74,4303.24,4331.589506804535,,
1781696700,4325.92,4327.23,4320.95,4323.07,4380.74,4303.24,4331.436109913466,,
1781697600,4323.07,4324.87,4319.83,4323.4,4380.74,4303.24,4331.217157629878,,
1781698500,4323.4,4327.45,4321.68,4324.02,4380.74,4303.24,4331.083111385558,,
1781699400,4324.02,4332.03,4323.25,4331.47,4380.74,4303.24,4331.0338342850055,,
1781700300,4331.47,4335.51,4330.97,4333.57,4380.74,4303.24,4331.070737909619,,
1781701200,4333.57,4334.3,4323.92,4331.8,4380.74,4303.24,4331.03748068862,,
1781702100,4331.8,4338.2,4330.79,4335.37,4380.74,4303.24,4331.126779481915,,
1781703000,4335.37,4341.79,4332.56,4341.73,4380.74,4303.24,4331.474934904101,,
1781703900,4341.73,4345.28,4339.13,4339.38,4380.74,4303.24,4331.855615752154,,
1781704800,4339.38,4346.17,4335.56,4342.3,4380.74,4303.24,4332.253419108143,,
1781705700,4342.3,4362.18,4340.91,4360.25,4380.74,4303.24,4333.2870170298,,
1781706600,4360.25,4364.01,4347.36,4351.93,4380.74,4303.24,4334.174973736945,,
1781707500,4351.93,4355.44,4330.55,4344.41,4380.74,4303.24,4334.795300001317,,
1781708400,4344.41,4348.44,4343.73,4348.01,4380.74,4303.24,4335.202983096115,,
1781709300,4348.01,4359.95,4346.82,4355.05,4380.74,4303.24,4335.766673091506,,
1781710200,4355.05,4361.14,4354.45,4358.11,4380.74,4303.24,4336.174429199864,,
1781711100,4358.11,4364.83,4357.3,4363.43,4380.74,4303.24,4336.578614042478,,
1781712000,4363.43,4365.71,4360.49,4362.25,4380.74,4303.24,4336.946326213756,,
1781712900,4362.25,4366.51,4360.43,4365.06,4380.74,4303.24,4337.229853813812,,
1781713800,4365.06,4365.21,4354.99,4357.53,4380.74,4303.24,4337.482301779888,,
1781714700,4357.53,4359.61,4355.98,4359.34,4380.74,4303.24,4337.650989433017,,
1781715600,4359.34,4361.09,4355.13,4358.79,4380.74,4303.24,4337.917153009504,,
1781716500,4358.79,4363.92,4357.78,4361.18,4380.74,4303.24,4338.268784782348,,
1781717400,4361.18,4382.39,4360.74,4376.4,4380.74,4303.24,4339.223334190179,,
1781718300,4376.4,4382.48,4374.03,4379.59,4380.74,4303.24,4339.798841662045,,
1781719200,4379.59,4379.59,4276.69,4284.17,4380.74,4303.24,4336.734045619849,,
1781720100,4284.17,4308.15,4282.87,4292.26,4380.74,4303.24,4333.719443162083,,
1781721000,4292.26,4326.66,4269.38,4323.35,4380.74,4303.24,4330.952948993383,,
1781721900,4323.35,4332.26,4278.36,4286.14,4380.74,4303.24,4328.5262842509555,,
1781722800,4286.14,4295.37,4259.75,4264.71,4380.74,4303.24,4324.3583306437195,,
1781723700,4264.71,4265.56,4226.14,4226.99,4380.74,4303.24,4319.912681314597,,
1781724600,4226.99,4235.65,4218.7,4230.49,4380.74,4303.24,4315.0805409484565,,
1781725500,4230.49,4247.07,4229.46,4235.75,4380.74,4303.24,4311.2564408845365,,
1781726400,4235.75,4260.08,4234.58,4257.33,4380.74,4303.24,4310.199552709265,,
1781727300,4257.33,4269.56,4253.68,4258.11,4380.74,4303.24,4309.503234416554,,
1781728200,4258.11,4265.4,4258.09,4259.88,4380.74,4303.24,4309.141604143102,,
1781729100,4259.88,4262.11,4255.69,4256.82,4380.74,4303.24,4308.894971364723,,
1781733600,4256.82,4268.23,4254.12,4265.62,4380.74,4303.24,4262.656666666666,,
1781734500,4265.62,4271.44,4264.61,4266.55,4380.74,4303.24,4265.021567838232,,
1781735400,4266.55,4268.71,4262.91,4263.58,4380.74,4303.24,4265.03274257497,,
1781736300,4263.58,4270.8,4260.15,4266.47,4380.74,4303.24,4265.190962765423,,
1781737200,4266.47,4282.43,4263.89,4281.62,4380.74,4303.24,4267.154641944034,,
1781738100,4281.62,4283.91,4275.24,4279.6,4380.74,4303.24,4269.62313859283,,
1781739000,4279.6,4282.84,4267.62,4276.19,4380.74,4303.24,4270.51919640364,,
1781739900,4276.19,4279.37,4272,4277.62,4380.74,4303.24,4271.400296914445,,
1781740800,4277.62,4299.16,4276.14,4297.32,4380.74,4303.24,4276.480930964279,,
1781741700,4297.32,4301.27,4294.57,4300.32,4380.74,4303.24,4280.147866213833,,
1781742600,4300.32,4311.53,4299.55,4310.67,4380.74,4303.24,4283.626522073174,,
1781743500,4310.67,4315.23,4308.08,4308.36,4380.74,4303.24,4286.450935204198,,
1781744400,4308.36,4328.59,4306.47,4322.88,4380.74,4303.24,4292.385919430179,,
1781745300,4322.88,4323.53,4314.98,4319.27,4380.74,4303.24,4294.813508472723,,
1781746200,4319.27,4325.18,4316.81,4322.45,4380.74,4303.24,4297.018690079826,,
1781747100,4322.45,4326.17,4317.15,4317.68,4380.74,4303.24,4298.431294971559,,
1781748000,4317.68,4329.9,4316,4326.94,4380.74,4303.24,4299.808990912784,,
1781748900,4326.94,4329.75,4323.35,4324.49,4380.74,4303.24,4300.724791064297,,
1781749800,4324.49,4325.38,4316.13,4316.45,4380.74,4303.24,4301.8045828875265,,
1781750700,4316.45,4318.95,4310.31,4310.91,,,4302.409676117507,,
1781751600,4310.91,4316.42,4309.04,4311.73,,,4302.80870004884,,
1781752500,4311.73,4316.82,4310.59,4314.8,,,4303.203281269522,,
1781753400,4314.8,4322.76,4313.33,4318.81,,,4303.613020181832,,
1781754300,4318.81,4320.8,4316.51,4319.66,,,4303.886648048408,,
1781755200,4319.66,4324.04,4314.64,4317.27,4372.83,4262.2300000000005,4304.159609140572,,
1781756100,4317.27,4318.94,4311.39,4313.57,4372.83,4262.2300000000005,4304.368847939598,,
1781757000,4313.57,4318.42,4309.78,4309.94,4372.83,4262.2300000000005,4304.569021256129,,
1781757900,4309.94,4317.3,4309.63,4315.69,4372.83,4262.2300000000005,4304.800625170489,,
1781758800,4315.69,4318.35,4312.14,4316.03,4372.83,4262.2300000000005,4305.060680239298,,
1781759700,4316.03,4323.05,4315.56,4322.93,4372.83,4262.2300000000005,4305.426594290071,,
1781760600,4322.93,4324.76,4309.57,4310.54,4372.83,4262.2300000000005,4305.856698897916,,
1781761500,4310.54,4311.76,4301.17,4307.93,4372.83,4262.2300000000005,4305.915019456321,,
1781762400,4307.93,4309.92,4296.13,4298.87,4372.83,4262.2300000000005,4305.678310583454,,
1781763300,4298.87,4305.4,4296.47,4305.03,4372.83,4262.2300000000005,4305.536658442583,,
1781764200,4305.03,4305.49,4299.01,4301.4,4372.83,4262.2300000000005,4305.431049663173,,
1781765100,4301.4,4307.58,4301.06,4306.54,4372.83,4262.2300000000005,4305.420549166039,,
1781766000,4306.54,4309.15,4300.36,4307.12,4372.83,4262.2300000000005,4305.424051510209,,
1781766900,4307.12,4309.43,4303.81,4307.74,4372.83,4262.2300000000005,4305.462699835775,,
1781767800,4307.74,4307.74,4293.22,4297.79,4372.83,4262.2300000000005,4305.293796101947,,
1781768700,4297.79,4298.99,4287.45,4288.54,4372.83,4262.2300000000005,4304.948884853731,,
1781769600,4288.54,4293.02,4284,4287.09,4372.83,4262.2300000000005,4304.432697544911,,
1781770500,4287.09,4290.02,4283.94,4284.97,4372.83,4262.2300000000005,4304.062026036696,,
1781771400,4284.97,4289.91,4281.07,4281.57,4372.83,4262.2300000000005,4303.584814286441,,
1781772300,4281.57,4281.63,4265.53,4266.59,4372.83,4262.2300000000005,4302.570788455203,,
1781773200,4266.59,4269.36,4259.54,4267.7,4372.83,4262.2300000000005,4301.366862785214,,
1781774100,4267.7,4273.1,4265.24,4266.36,4372.83,4262.2300000000005,4300.7609711310615,,
1781775000,4266.36,4269.02,4263.26,4268.42,4372.83,4262.2300000000005,4300.060795616638,,
1781775900,4268.42,4273.23,4267.1,4268.28,4372.83,4262.2300000000005,4299.561423363878,,
1781776800,4268.28,4270.04,4261.74,4268.13,4372.83,4262.2300000000005,4298.849056480849,,
1781777700,4268.13,4272.79,4263.65,4269.54,4372.83,4262.2300000000005,4298.280547671856,,
1781778600,4269.54,4270.81,4263.33,4264.24,4372.83,4262.2300000000005,4297.826799636916,,
1781779500,4264.24,4266.55,4254.58,4255.59,4372.83,4262.2300000000005,4297.125133520943,,
1781780400,4255.59,4255.85,4240.32,4247.38,4372.83,4262.2300000000005,4295.497860781409,,
1781781300,4247.38,4249.93,4243.43,4249.08,4372.83,4262.2300000000005,4294.48996869487,,
1781782200,4249.08,4250.12,4241.78,4243.3,4372.83,4262.2300000000005,4293.39043608818,,
1781783100,4243.3,4245.98,4239.74,4241.86,4372.83,4262.2300000000005,4292.355836042824,,
1781784000,4241.86,4258.07,4240.33,4256.23,4372.83,4262.2300000000005,4291.29582878451,,
1781784900,4256.23,4269.13,4253.97,4255.06,4372.83,4262.2300000000005,4290.414217136305,,
1781785800,4255.06,4258.54,4241.16,4243.15,4372.83,4262.2300000000005,4289.048191451945,,
1781786700,4243.15,4247.96,4240.9,4246.69,4372.83,4262.2300000000005,4287.972368328684,,
1781787600,4246.69,4259.2,4244.9,4259.11,4372.83,4262.2300000000005,4287.182168000635,,
1781788500,4259.11,4263.33,4252.61,4263.04,4372.83,4262.2300000000005,4286.595525298322,,
1781789400,4263.04,4276.58,4262.82,4264.34,4372.83,4262.2300000000005,4285.734053973425,,
1781790300,4264.34,4265.43,4250.61,4256.58,4372.83,4262.2300000000005,4284.416738661797,,
1781791200,4256.58,4258.04,4238.35,4241.45,4372.83,4262.2300000000005,4282.81354964234,,
1781792100,4241.45,4255.78,4236.91,4244.22,4372.83,4262.2300000000005,4281.395261885455,,
1781793000,4244.22,4252.37,4241.25,4244.69,4372.83,4262.2300000000005,4280.2382330788705,,
1781793900,4244.69,4254.45,4240.05,4252.2,4372.83,4262.2300000000005,4279.489345394642,,
1781794800,4252.2,4254.78,4246.27,4246.58,4372.83,4262.2300000000005,4278.675560617612,,
1781795700,4246.58,4249.4,4234.16,4235.61,4372.83,4262.2300000000005,4277.621267808775,,
1781796600,4235.61,4236.56,4223.92,4231.66,4372.83,4262.2300000000005,4276.116965627109,,
1781797500,4231.66,4231.72,4223.01,4226.56,4372.83,4262.2300000000005,4275.094978494748,,
1781798400,4226.56,4233.2,4225.62,4227.33,4372.83,4262.2300000000005,4274.201085036355,,
1781799300,4227.33,4228.56,4221.83,4224.88,4372.83,4262.2300000000005,4273.296702769362,,
1781800200,4224.88,4229.32,4214.41,4221.79,4372.83,4262.2300000000005,4272.26277327391,,
1781801100,4221.79,4222.16,4213.94,4219.4,4372.83,4262.2300000000005,4271.368723076173,,
1781802000,4219.4,4228.48,4218.45,4227.82,4372.83,4262.2300000000005,4270.741816158859,,
1781802900,4227.82,4231.55,4225.56,4226.03,4372.83,4262.2300000000005,4270.008107131287,,
1781803800,4226.03,4230.25,4222.39,4229.69,4372.83,4262.2300000000005,4269.490749904317,,
1781804700,4229.69,4233.12,4227.24,4230.28,4372.83,4262.2300000000005,4269.15120151173,,
1781805600,4230.28,4233.17,4227.3,4228.33,4372.83,4262.2300000000005,4268.74133854,,
1781806500,4228.33,4229.79,4225.43,4226.27,4372.83,4262.2300000000005,4268.348256057809,,
1781807400,4226.27,4226.29,4220.32,4224.82,4372.83,4262.2300000000005,4267.9482479504795,,
1781808300,4224.82,4225.16,4218.16,4218.47,4372.83,4262.2300000000005,4267.539723090209,,
1781809200,4218.47,4219.01,4203.88,4207.47,4372.83,4262.2300000000005,4266.741691863064,,
1781810100,4207.47,4208.76,4201.1,4205.01,4372.83,4262.2300000000005,4266.076738914108,,
1781811000,4205.01,4214.66,4201.3,4214.03,4372.83,4262.2300000000005,4265.454897967448,,
1781811900,4214.03,4218.69,4213.07,4217.13,4372.83,4262.2300000000005,4264.863316695369,,
1781812800,4217.13,4218.2,4214.96,4217.25,4372.83,4262.2300000000005,4264.641760692356,,
1781813700,4217.25,4219.54,4214.63,4219.03,4372.83,4262.2300000000005,4264.524374577767,,
1781814600,4219.03,4219.03,4212.78,4212.84,4372.83,4262.2300000000005,4264.364941974993,,
1781815500,4212.84,4213.43,4207.52,4209.08,4372.83,4262.2300000000005,4264.207394022247,,
1781820000,4209.08,4211.9,4202.83,4207.77,4372.83,4262.2300000000005,4207.5,,
1781820900,4207.77,4210.2,4202.34,4203.73,4372.83,4262.2300000000005,4206.496039080459,,
1781821800,4203.73,4205.68,4202.69,4204.72,4372.83,4262.2300000000005,4205.867064591944,,
1781822700,4204.72,4210.64,4203.97,4207.08,4372.83,4262.2300000000005,4206.222857827284,,
1781823600,4207.08,4208.16,4193.78,4195.51,4372.83,4262.2300000000005,4203.78583686607,,
1781824500,4195.51,4199.48,4193.68,4197.15,4372.83,4262.2300000000005,4202.22116306022,,
1781825400,4197.15,4198.99,4193.62,4193.92,4372.83,4262.2300000000005,4201.110065404388,,
1781826300,4193.92,4194.62,4186.58,4188.28,4372.83,4262.2300000000005,4198.563363088201,,
1781827200,4188.28,4198.1,4184.39,4185.33,4372.83,4262.2300000000005,4195.789489709887,,
1781828100,4185.33,4188.78,4183.96,4185.2,4372.83,4262.2300000000005,4194.300161192,,
1781829000,4185.2,4191.4,4184.37,4188.45,4372.83,4262.2300000000005,4193.63668363446,,
1781829900,4188.45,4192.33,4187.46,4190.44,4372.83,4262.2300000000005,4193.335105285611,,
1781830800,4190.44,4194.57,4184.32,4186.43,4372.83,4262.2300000000005,4192.746486307551,,
1781831700,4186.43,4191.52,4183.86,4190.89,4372.83,4262.2300000000005,4192.464263193163,,
1781832600,4190.89,4190.9,4184.49,4185.56,4372.83,4262.2300000000005,4192.103358115801,,
1781833500,4185.56,4187.31,4183.99,4184.84,4372.83,4262.2300000000005,4191.79063723591,,
1781834400,4184.84,4186.17,4178.38,4179.86,4372.83,4262.2300000000005,4190.861167252643,,
1781835300,4179.86,4180.06,4175.11,4179.38,4372.83,4262.2300000000005,4190.0371289425,,
1781836200,4179.38,4183.67,4176.99,4179.92,4372.83,4262.2300000000005,4189.6886947156145,,
1781837100,4179.92,4180.71,4171.7,4176.31,,,4189.123290443849,,
1781838000,4176.31,4177.2,4165.93,4166.02,,,4188.088794814844,,
1781838900,4166.02,4170.65,4164.82,4167.36,,,4187.0355762956615,,
1781839800,4167.36,4167.7,4157.85,4162.21,,,4185.568383481113,,
1781840700,4162.21,4162.33,4145.14,4153.33,,,4183.821950086715,,
1781841600,4153.33,4155.23,4142.9,4145.39,4215.99,4162.44,4181.271702251032,,
1781842500,4145.39,4149.72,4141.11,4146.44,4215.99,4162.44,4179.460371869951,,
1781843400,4146.44,4147.34,4133.33,4135.25,4215.99,4162.44,4177.357008130975,,
1781844300,4135.25,4136.64,4125.05,4125.71,4215.99,4162.44,4174.969029310247,,
1781845200,4125.71,4131.62,4121.62,4130.2,4215.99,4162.44,4172.220904596582,,
1781846100,4130.2,4134.38,4125.72,4133.72,4215.99,4162.44,4170.311553711518,,
1781847000,4133.72,4139.36,4130.38,4134.92,4215.99,4162.44,4168.804263956657,,
1781847900,4134.92,4141.49,4132.78,4139.69,4215.99,4162.44,4167.7492492789315,,
1781848800,4139.69,4148.15,4133.46,4147.24,4215.99,4162.44,4166.6006336915025,,
1781849700,4147.24,4147.42,4139.14,4142.07,4215.99,4162.44,4165.708700582507,,
1781850600,4142.07,4145.53,4132.61,4136.07,4215.99,4162.44,4164.749492326128,,
1781851500,4136.07,4150.58,4134.55,4147.66,4215.99,4162.44,4164.138942771332,,
1781852400,4147.66,4159.8,4147.51,4157.1,4215.99,4162.44,4163.826646209257,,
1781853300,4157.1,4160.14,4151.9,4152.38,4215.99,4162.44,4163.558312826373,,
1781854200,4152.38,4157.49,4150.99,4153.85,4215.99,4162.44,4163.319642186034,,
1781855100,4153.85,4162.72,4151.45,4157.91,4215.99,4162.44,4163.200242850293,,
1781856000,4157.91,4167.18,4155.14,4165.56,4215.99,4162.44,4163.183002045123,,
1781856900,4165.56,4177.83,4165.16,4176.19,4215.99,4162.44,4163.477881793721,,
1781857800,4176.19,4178.44,4166.55,4168.9,4215.99,4162.44,4163.673366979652,,
1781858700,4168.9,4169.49,4164.5,4169.18,4215.99,4162.44,4163.744395505317,,
1781859600,4169.18,4170.96,4163.67,4163.96,4215.99,4162.44,4163.797876297804,,
1781860500,4163.96,4168.12,4161.91,4162.73,4215.99,4162.44,4163.807620321754,,
1781861400,4162.73,4166.01,4162.52,4162.71,4215.99,4162.44,4163.80669823809,,
1781862300,4162.71,4167.25,4160.95,4162.95,4215.99,4162.44,4163.805466992332,,
1781863200,4162.95,4163.22,4152.82,4155.28,4215.99,4162.44,4163.672919158871,,
1781864100,4155.28,4158.24,4152.62,4153.66,4215.99,4162.44,4163.522807086122,,
1781865000,4153.66,4155.3,4150.13,4151.08,4215.99,4162.44,4163.291232787115,,
1781865900,4151.08,4154.69,4148.01,4149.69,4215.99,4162.44,4163.0445384320665,,
1781866800,4149.69,4150.1,4142.49,4146.72,4215.99,4162.44,4162.656685932005,,
1781867700,4146.72,4148.91,4143.24,4144.15,4215.99,4162.44,4162.352211233827,,
1781868600,4144.15,4150.63,4141.88,4150.03,4215.99,4162.44,4162.089963876575,,
1781869500,4150.03,4154.87,4148.53,4152.64,4215.99,4162.44,4161.934761163543,,
1781870400,4152.64,4160.31,4152.24,4155.66,4215.99,4162.44,4161.8210262184275,,
1781871300,4155.66,4156.15,4151.1,4151.7,4215.99,4162.44,4161.698531105861,,
1781872200,4151.7,4154.57,4147.88,4152.11,4215.99,4162.44,4161.493797461343,,
1781873100,4152.11,4179.88,4147.14,4178.81,4215.99,4162.44,4161.824279679441,,
1781874000,4178.81,4182.98,4164.21,4169.76,4215.99,4162.44,4162.232158386389,,
1781874900,4169.76,4172.34,4161.74,4164.05,4215.99,4162.44,4162.312347359643,,
1781875800,4164.05,4168.07,4157.7,4158.54,4215.99,4162.44,4162.292766378837,,
1781876700,4158.54,4160.91,4150.3,4151.33,4215.99,4162.44,4162.134011689816,,
1781877600,4151.33,4154.62,4147.55,4149.36,4215.99,4162.44,4161.911000451172,,
1781878500,4149.36,4149.94,4143.56,4149.21,4215.99,4162.44,4161.687287793484,,
1781879400,4149.21,4150.58,4142.88,4144.49,4215.99,4162.44,4161.452467115082,,
1781880300,4144.49,4151.3,4142.44,4149.21,4215.99,4162.44,4161.242936619542,,
1781881200,4149.21,4153.27,4147.99,4151.45,4215.99,4162.44,4161.097674578771,,
1781882100,4151.45,4154.04,4149.68,4151.23,4215.99,4162.44,4161.00800266426,,
1781883000,4151.23,4153.1,4147.5,4148.02,4215.99,4162.44,4160.907073543427,,
1781883900,4148.02,4153.53,4148.02,4151.08,4215.99,4162.44,4160.848407189412,,
1781884800,4151.08,4151.15,4144.46,4145.29,4215.99,4162.44,4160.761710202102,,
1781885700,4145.29,4148.89,4144.22,4148.36,4215.99,4162.44,4160.707136737585,,
1781886600,4146.94,4153.66,4146.94,4151.66,4215.99,4162.44,4160.653868178519,,
1781887500,4151.66,4157.87,4151.34,4155.46,4215.99,4162.44,4160.612558107452,,
1781888400,4155.46,4156.35,4155.23,4156.35,4215.99,4162.44,4160.610767996673,,
1781889300,4156.35,4156.84,4155.93,4156.12,4215.99,4162.44,4160.609578428907,,
1781890200,4156.12,4159.93,4156.02,4159.4,4215.99,4162.44,4160.605510782607,,
1781891100,4159.4,4160.32,4158.17,4159.07,4215.99,4162.44,4160.60435244895,,
1781892000,4159.07,4161,4158.98,4161,4215.99,4162.44,4160.60433479129,,
1781892900,4161,4161,4158.37,4158.37,4215.99,4162.44,4160.603632829811,,
1781893800,4158.37,4159.18,4157.85,4158.06,4215.99,4162.44,4160.588102104408,,
1781894700,4158.06,4158.81,4157.38,4157.46,4215.99,4162.44,4160.566616795618,,
1781895600,4157.46,4158.47,4156.75,4157.51,4215.99,4162.44,4160.558940616148,,
1781896500,4157.51,4158.75,4156.93,4158.46,4215.99,4162.44,4160.555231406496,,
1781897400,4158.46,4160.59,4158.26,4160.44,4215.99,4162.44,4160.554776539513,,
1781898300,4160.44,4161.02,4158.62,4159.92,4215.99,4162.44,4160.554122569347,,
1781899200,4159.92,4161.85,4159.92,4161.06,4215.99,4162.44,4160.554149422444,,
1782079200,4161.06,4161.06,4147.42,4151.24,,,4153.24,,
1782080100,4151.24,4154.43,4147.41,4151.79,,,4152.338831775701,,
1782081000,4151.79,4155.14,4149.77,4153.55,,,4152.457530338119,,
1782081900,4153.55,4157,4152.09,4156.33,,,4152.823975045988,,
1782082800,4156.33,4164.75,4155.24,4158.44,,,4154.187930164785,,
1782083700,4158.44,4159.02,4153.71,4156.46,,,4154.567489512575,,
1782084600,4156.46,4156.83,4141.49,4145.27,,,4153.408690592854,,
1782085500,4145.27,4147.04,4136.12,4139.93,,,4150.981279645191,,
1782086400,4139.93,4162.59,4139.76,4160.73,,,4151.801808742372,,
1782087300,4160.73,4170.62,4160.59,4167.49,,,4154.216593488665,,
1782088200,4167.49,4176.27,4165.6,4175.62,,,4156.000885648548,,
1782089100,4175.62,4200.97,4175.34,4200.97,,,4160.524915604637,,
1782090000,4200.97,4220.91,4200.69,4211.53,,,4172.853704126222,,
1782090900,4211.53,4214.82,4204.81,4207.07,,,4177.3131986000835,,
1782091800,4207.07,4207.36,4194.78,4200.47,,,4179.6109826887005,,
1782092700,4200.47,4201.86,4189.62,4190.92,,,4180.651361776908,,
1782093600,4190.92,4195.18,4183.59,4184.14,,,4181.114208996514,,
1782094500,4184.14,4190.26,4183.35,4188.85,,,4181.329066297425,,
1782095400,4188.85,4200.23,4187.17,4191.78,,,4181.977953066521,,
1782096300,4191.78,4192.29,4187.45,4188.29,,,4182.278931232552,,
1782097200,4188.29,4189.89,4178.11,4178.11,,,4182.268205073891,,
1782098100,4178.11,4180.96,4173.63,4180.1,,,4182.124318580584,,
1782099000,4180.1,4180.72,4175.1,4175.67,,,4182.0408212174025,,
1782099900,4175.67,4178.73,4170.62,4171.42,,,4181.882252709097,,
1782100800,4171.42,4178.37,4170.6,4176.3,4283.49,4127.04,4181.739031073846,,
1782101700,4176.3,4178.87,4174.43,4176.47,4283.49,4127.04,4181.642775139135,,
1782102600,4176.47,4178.86,4174.59,4176.81,4283.49,4127.04,4181.561218076355,,
1782103500,4176.81,4182.13,4176.12,4181.73,4283.49,4127.04,4181.534340666881,,
1782104400,4181.73,4186.48,4179.35,4185.36,4283.49,4127.04,4181.586594927666,,
1782105300,4185.36,4194.14,4184.49,4193.95,4283.49,4127.04,4181.779729929765,,
1782106200,4193.95,4198.48,4189.28,4193.17,4283.49,4127.04,4182.312863169092,,
1782107100,4193.17,4196.93,4190.39,4193.64,4283.49,4127.04,4182.645099850703,,
1782108000,4193.64,4198.29,4191,4194.44,4283.49,4127.04,4183.044422490176,,
1782108900,4194.44,4200.66,4193.77,4196.53,4283.49,4127.04,4183.433946712727,,
1782109800,4196.53,4202.46,4194.74,4202.23,4283.49,4127.04,4183.823742996436,,
1782110700,4202.23,4207.34,4196.96,4197.55,4283.49,4127.04,4184.193595065896,,
1782111600,4197.55,4201.35,4197.12,4199.16,4283.49,4127.04,4184.546144502236,,
1782112500,4199.16,4201.81,4196.86,4197.42,4283.49,4127.04,4184.804655899978,,
1782113400,4197.42,4199.73,4192.23,4194.38,4283.49,4127.04,4185.0022227760555,,
1782114300,4194.38,4196.22,4188.73,4190.27,4283.49,4127.04,4185.125837630741,,
1782115200,4190.27,4194.85,4188.6,4189.88,4283.49,4127.04,4185.254789939764,,
1782116100,4189.88,4195.24,4189.06,4191.61,4283.49,4127.04,4185.400849851766,,
1782117000,4191.61,4194.21,4188.94,4193.59,4283.49,4127.04,4185.5083202077785,,
1782117900,4193.59,4197.8,4192.08,4197.35,4283.49,4127.04,4185.642444515313,,
1782118800,4197.35,4209.53,4195.85,4205.13,4283.49,4127.04,4185.987451874954,,
1782119700,4205.13,4209.24,4202.96,4204.04,4283.49,4127.04,4186.253253877859,,
1782120600,4204.04,4210.15,4201.37,4206.72,4283.49,4127.04,4186.569415150306,,
1782121500,4206.72,4210.16,4204.24,4208.15,4283.49,4127.04,4186.79606949901,,
1782122400,4208.15,4214.22,4207.79,4212.84,4283.49,4127.04,4187.1946275448045,,
1782123300,4212.84,4214.11,4207.99,4210.03,4283.49,4127.04,4187.447767831108,,
1782124200,4210.03,4211.69,4208.01,4208.41,4283.49,4127.04,4187.659162685883,,
1782125100,4208.41,4209.46,4203.47,4204.69,4283.49,4127.04,4187.823063404249,,
1782126000,4204.69,4215.25,4204.42,4207.99,4283.49,4127.04,4188.4094032187995,,
1782126900,4207.99,4209.7,4203.26,4203.85,4283.49,4127.04,4188.606767799883,,
1782127800,4203.85,4208.21,4202.12,4206.59,4283.49,4127.04,4188.819151594102,,
1782128700,4206.59,4207.49,4201.29,4207.26,4283.49,4127.04,4189.033063912554,,
1782129600,4207.26,4211.11,4205.14,4207.28,4283.49,4127.04,4189.340473316395,,
1782130500,4207.28,4211.9,4206.04,4208.55,4283.49,4127.04,4189.66763325558,,
1782131400,4208.55,4208.83,4200.83,4203.89,4283.49,4127.04,4189.915026000603,,
1782132300,4203.89,4204.85,4192.15,4193.42,4283.49,4127.04,4190.028785196594,,
1782133200,4193.42,4196.93,4188.55,4194.35,4283.49,4127.04,4190.1646140415605,,
1782134100,4194.35,4196.81,4185.29,4187.03,4283.49,4127.04,4190.154660154284,,
1782135000,4187.03,4194.58,4182.82,4190.82,4283.49,4127.04,4190.121115965934,,
1782135900,4190.82,4205.64,4187.3,4199.5,4283.49,4127.04,4190.378339561043,,
1782136800,4199.5,4210.78,4193.66,4205.15,4283.49,4127.04,4190.913530320474,,
1782137700,4205.15,4206.16,4191.1,4191.85,4283.49,4127.04,4191.126753084969,,
1782138600,4191.85,4197.57,4186.43,4193.01,4283.49,4127.04,4191.162039287573,,
1782139500,4193.01,4206.17,4192.82,4198.1,4283.49,4127.04,4191.415611003427,,
1782140400,4198.1,4201.3,4194.66,4197.72,4283.49,4127.04,4191.587562833183,,
1782141300,4197.72,4197.84,4188.1,4189.1,4283.49,4127.04,4191.589923054133,,
1782142200,4189.1,4190.38,4180.21,4180.88,4283.49,4127.04,4191.4512117086615,,
1782143100,4180.88,4185.09,4169.78,4182.69,4283.49,4127.04,4191.213905521945,,
1782144000,4182.69,4184.97,4174.15,4177.57,4283.49,4127.04,4191.038910658285,,
1782144900,4177.57,4182.78,4176.19,4182.5,4283.49,4127.04,4190.89258303163,,
1782145800,4182.5,4186.3,4181.03,4181.73,4283.49,4127.04,4190.815303441443,,
1782146700,4181.73,4192.98,4180.64,4189.8,4283.49,4127.04,4190.789299642546,,
1782147600,4189.8,4191.1,4185.97,4186.59,4283.49,4127.04,4190.764371447405,,
1782148500,4186.59,4191.62,4183.3,4184.04,4283.49,4127.04,4190.722046052686,,
1782149400,4184.04,4184.87,4177.04,4181.41,4283.49,4127.04,4190.628664981401,,
1782150300,4181.41,4183.65,4179.94,4183.09,4283.49,4127.04,4190.574204080188,,
1782151200,4183.09,4186.13,4182.44,4183.9,4283.49,4127.04,4190.505566677545,,
1782152100,4183.9,4189.77,4183.9,4187.92,4283.49,4127.04,4190.475019892267,,
1782153000,4187.92,4189.85,4186.01,4189.75,4283.49,4127.04,4190.463139784854,,
1782153900,4189.75,4192.84,4189.5,4191.26,4283.49,4127.04,4190.4679846362105,,
1782154800,4191.26,4193.18,4190.85,4191.27,4283.49,4127.04,4190.476084498267,,
1782155700,4191.27,4192.01,4187.31,4187.32,4283.49,4127.04,4190.4666899834,,
1782156600,4187.32,4190.13,4184.26,4184.36,4283.49,4127.04,4190.432625521264,,
1782157500,4184.36,4191.55,4184.02,4190.68,4283.49,4127.04,4190.414686509091,,
1782158400,4190.68,4193.74,4189.97,4190.77,4283.49,4127.04,4190.418110089933,,
1782159300,4190.77,4191.49,4188.49,4190.48,4283.49,4127.04,4190.417748224971,,
1782160200,4190.48,4193.54,4189.47,4192.68,4283.49,4127.04,4190.4201858558545,,
1782161100,4192.68,4192.97,4190.5,4190.5,4283.49,4127.04,4190.421883798791,,
1782165600,4190.5,4194.48,4190.5,4192.01,4283.49,4127.04,4192.33,,
1782166500,4192.01,4193.31,4190.74,4192.88,4283.49,4127.04,4192.323034862386,,
1782167400,4192.88,4194.61,4188.89,4189.89,4283.49,4127.04,4191.74351575769,,
1782168300,4189.89,4190.69,4188.17,4189.6,4283.49,4127.04,4191.157390798175,,
1782169200,4189.6,4193.07,4189.48,4190.72,4283.49,4127.04,4191.142008984726,,
1782170100,4190.72,4191.95,4189.93,4190.67,4283.49,4127.04,4191.105869941742,,
1782171000,4190.67,4195.34,4190.33,4194.89,4283.49,4127.04,4191.483534693443,,
1782171900,4194.89,4194.89,4186.73,4187.58,4283.49,4127.04,4191.052581646341,,
1782172800,4187.58,4192.37,4178.28,4178.65,4283.49,4127.04,4188.015953459586,,
1782173700,4178.65,4185.82,4178.49,4183.88,4283.49,4127.04,4186.791129940279,,
1782174600,4183.88,4193.45,4181.85,4192.55,4283.49,4127.04,4187.304205728871,,
1782175500,4192.55,4194.55,4189.74,4193.34,4283.49,4127.04,4188.350302321504,,
1782176400,4193.34,4198.38,4184.86,4185.28,4283.49,4127.04,4188.60534736257,,
1782177300,4185.28,4185.88,4170.79,4178.21,4283.49,4127.04,4186.829814329504,,
1782178200,4178.21,4178.65,4153.51,4154.12,4283.49,4127.04,4182.422804374233,,
1782179100,4154.12,4162.92,4150,4161.17,4283.49,4127.04,4179.0531355260355,,
1782180000,4161.17,4163.07,4148.94,4153.64,4283.49,4127.04,4176.682794569073,,
1782180900,4153.64,4163.31,4153.34,4161.68,4283.49,4127.04,4175.868043253108,,
1782181800,4161.68,4162.12,4152.19,4154.97,4283.49,4127.04,4174.439277980163,,
1782182700,4154.97,4156.72,4146.35,4146.83,,,4172.880173543865,,
1782183600,4146.83,4149.63,4138.75,4141.98,,,4170.687715880247,,
1782184500,4141.98,4143.98,4130.74,4140.77,,,4168.600025872209,,
1782185400,4140.77,4141.24,4133.43,4138.79,,,4167.278466940847,,
1782186300,4138.79,4144.95,4136.25,4144.12,,,4166.4610302844485,,
1782187200,4144.12,4146.93,4141.93,4143.3,4295.14,4053.24,4165.862879095632,,
1782188100,4143.3,4143.3,4137.19,4139.92,4295.14,4053.24,4165.189887755087,,
1782189000,4139.92,4140.42,4135.02,4138.78,4295.14,4053.24,4164.413545188672,,
1782189900,4138.78,4140.31,4114.41,4117.71,4295.14,4053.24,4162.95444624845,,
1782190800,4117.71,4137.52,4115.02,4129.75,4295.14,4053.24,4161.1947071368495,,
1782191700,4129.75,4130.71,4123.52,4124.96,4295.14,4053.24,4160.089211141264,,
1782192600,4124.96,4133.91,4117.02,4127.63,4295.14,4053.24,4157.38468261371,,
1782193500,4127.63,4127.8,4116.8,4121.04,4295.14,4053.24,4155.322218403076,,
1782194400,4121.04,4126.96,4111.05,4122.49,4295.14,4053.24,4152.836330247576,,
1782195300,4122.49,4127,4114.39,4116.47,4295.14,4053.24,4151.117018701396,,
1782196200,4116.47,4121.18,4110.74,4113.43,4295.14,4053.24,4149.509764414294,,
1782197100,4113.43,4120.31,4110.19,4114.18,4295.14,4053.24,4148.185943828509,,
1782198000,4114.18,4124.72,4109.86,4115.62,4295.14,4053.24,4146.8984090651575,,
1782198900,4115.62,4123.02,4113.65,4118.1,4295.14,4053.24,4146.171248195522,,
1782199800,4118.1,4119.34,4103.65,4104.84,4295.14,4053.24,4144.902218565363,,
1782200700,4104.84,4108.21,4096.47,4098.7,4295.14,4053.24,4143.498366345627,,
1782201600,4098.7,4100.01,4090.63,4093.88,4295.14,4053.24,4141.607231872741,,
1782202500,4093.88,4100.02,4092.33,4098.08,4295.14,4053.24,4140.257702047609,,
1782203400,4098.08,4110.81,4096.63,4109.5,4295.14,4053.24,4139.133828546236,,
1782204300,4109.5,4109.68,4101.88,4105.35,4295.14,4053.24,4138.382189767312,,
1782205200,4105.35,4113.72,4103.8,4110.93,4295.14,4053.24,4137.840459688579,,
1782206100,4110.93,4116.91,4108.73,4112.68,4295.14,4053.24,4137.402623701152,,
1782207000,4112.68,4120.04,4112.02,4117.05,4295.14,4053.24,4137.046227104181,,
1782207900,4117.05,4122.22,4115.33,4122.2,4295.14,4053.24,4136.833702235588,,
1782208800,4122.2,4133.32,4122.2,4129.92,4295.14,4053.24,4136.681019621223,,
1782209700,4129.92,4133.03,4126.74,4130.21,4295.14,4053.24,4136.581106320276,,
1782210600,4130.21,4132.1,4124.21,4126.4,4295.14,4053.24,4136.428430023937,,
1782211500,4126.4,4126.64,4119.51,4119.7,4295.14,4053.24,4136.1634937815115,,
1782212400,4119.7,4129.75,4117.28,4129.09,4295.14,4053.24,4135.933309763033,,
1782213300,4129.09,4131.84,4124.33,4127.12,4295.14,4053.24,4135.763027546754,,
1782214200,4127.12,4128.65,4118.61,4121.1,4295.14,4053.24,4135.511741740504,,
1782215100,4121.1,4126.18,4118.33,4123.2,4295.14,4053.24,4135.28097779257,,
1782216000,4123.2,4127.19,4112.78,4114.06,4295.14,4053.24,4134.944165948701,,
1782216900,4114.06,4120.15,4111.65,4115.12,4295.14,4053.24,4134.516052847649,,
1782217800,4115.12,4122.42,4114.18,4117.77,4295.14,4053.24,4134.183897520383,,
1782218700,4117.77,4121.72,4112.35,4113.22,4295.14,4053.24,4133.853141657584,,
1782219600,4113.22,4119.32,4107.87,4113.33,4295.14,4053.24,4133.222768786485,,
1782220500,4113.33,4119.35,4105.25,4115.84,4295.14,4053.24,4132.782845505309,,
1782221400,4115.84,4128.72,4109.87,4126.08,4295.14,4053.24,4132.217502972871,,
1782222300,4126.08,4140.31,4124.53,4135.3,4295.14,4053.24,4132.261343948487,,
1782223200,4135.3,4145.16,4133.06,4137.51,4295.14,4053.24,4132.467209555127,,
1782224100,4137.51,4142.87,4128.75,4132.58,4295.14,4053.24,4132.557329318319,,
1782225000,4132.58,4133,4122.64,4126.11,4295.14,4053.24,4132.386400049057,,
1782225900,4126.11,4130.31,4123.64,4130.02,4295.14,4053.24,4132.262482168594,,
1782226800,4130.02,4135.42,4123.31,4128.14,4295.14,4053.24,4132.186238103984,,
1782227700,4128.14,4130.53,4123.78,4127.04,4295.14,4053.24,4132.109719912262,,
1782228600,4127.04,4141.62,4126.56,4138.81,4295.14,4053.24,4132.1738127599965,,
1782229500,4138.81,4139.71,4133.77,4138.52,4295.14,4053.24,4132.250173168788,,
1782230400,4138.52,4139.87,4133.74,4135.35,4295.14,4053.24,4132.286068071631,,
1782231300,4135.35,4138.4,4132.86,4136.19,4295.14,4053.24,4132.317387082096,,
1782232200,4136.19,4143.66,4134.85,4143.28,4295.14,4053.24,4132.401319853487,,
1782233100,4143.28,4143.82,4131.46,4134.29,4295.14,4053.24,4132.443249710101,,
1782234000,4134.29,4139.84,4129.77,4138.4,4295.14,4053.24,4132.477015957551,,
1782234900,4138.4,4138.55,4129.88,4130.9,4295.14,4053.24,4132.482736891926,,
1782235800,4130.9,4132.24,4127.61,4131.93,4295.14,4053.24,4132.467866971568,,
1782236700,4131.93,4133.06,4127.8,4127.96,4295.14,4053.24,4132.447201625461,,
1782237600,4127.96,4130.9,4123.77,4124.22,4295.14,4053.24,4132.3978427950515,,
1782238500,4124.22,4125.65,4120.55,4121.02,4295.14,4053.24,4132.323546035299,,
1782239400,4121.02,4122.72,4115.81,4115.89,4295.14,4053.24,4132.2133333437305,,
1782240300,4115.89,4118.18,4112.6,4117.77,4295.14,4053.24,4132.049233323659,,
1782241200,4117.77,4126.12,4116.84,4121.27,4295.14,4053.24,4131.923696455764,,
1782242100,4121.27,4122.42,4117.38,4121.66,4295.14,4053.24,4131.789842632648,,
1782243000,4121.66,4124.21,4120.49,4120.95,4295.14,4053.24,4131.687622644325,,
1782243900,4120.95,4121.33,4111.14,4111.78,4295.14,4053.24,4131.440899803459,,
1782244800,4111.78,4112.71,4108.56,4110.09,4295.14,4053.24,4131.357867321098,,
1782245700,4110.09,4111.3,4107.59,4110.95,4295.14,4053.24,4131.297932670088,,
1782246600,4110.95,4111.61,4108.89,4110.57,4295.14,4053.24,4131.254613672806,,
1782247500,4110.57,4111.33,4108.21,4111.18,4295.14,4053.24,4131.20621135084,,
1782252000,4111.18,4114.12,4110.73,4113.88,4295.14,4053.24,4112.91,,
1782252900,4113.88,4114.97,4104.69,4106.03,4295.14,4053.24,4109.744850122063,,
1782253800,4106.03,4108.3,4096.72,4104.28,4295.14,4053.24,4106.434033534136,,
1782254700,4104.28,4109.04,4103.49,4104.21,4295.14,4053.24,4106.192686661768,,
1782255600,4104.21,4104.29,4094.82,4099.34,4295.14,4053.24,4104.457468307113,,
1782256500,4099.34,4100.67,4097.02,4097.53,4295.14,4053.24,4103.769787389127,,
1782257400,4097.53,4098.32,4080.53,4086.19,4295.14,4053.24,4099.846811716957,,
1782258300,4086.19,4100.45,4085.5,4099.22,4295.14,4053.24,4098.868522762378,,
1782259200,4099.22,4112.05,4094.61,4107.15,4295.14,4053.24,4100.469775710318,,
1782260100,4107.15,4109.43,4093.5,4099.66,4295.14,4053.24,4100.539845060299,,
1782261000,4099.66,4100.36,4093.75,4095.06,4295.14,4053.24,4100.055623280424,,
1782261900,4095.06,4099.99,4094.31,4097.13,4295.14,4053.24,4099.711781859943,,
1782262800,4097.13,4097.78,4068.34,4089.56,4295.14,4053.24,4096.503947520325,,
1782263700,4089.56,4100.86,4083.42,4098.24,4295.14,4053.24,4096.183731828422,,
1782264600,4098.24,4102.3,4091.63,4092.91,4295.14,4053.24,4096.115248147094,,
1782265500,4092.91,4093.07,4082.33,4088.93,4295.14,4053.24,4095.4431561893057,,
1782266400,4088.93,4095.97,4079.77,4080.06,4295.14,4053.24,4094.770634659139,,
1782267300,4080.06,4081.11,4071.36,4073.55,4295.14,4053.24,4093.9519141646965,,
1782268200,4073.55,4076.82,4052.05,4057.14,4295.14,4053.24,4091.664885645654,,
1782269100,4057.14,4069.69,4054.97,4061.14,,,4090.14592732682,,
1782270000,4061.14,4065.48,4052.77,4057.57,,,4088.441624127989,,
1782270900,4057.57,4059.07,4050.25,4056.44,,,4086.9004497278497,,
1782271800,4056.44,4069.89,4055.46,4068.83,,,4085.9736964705307,,
1782272700,4068.83,4070.54,4061.92,4062.66,,,4085.363867377576,,
1782273600,4062.66,4063.85,4055.8,4058.86,4170.22,4000.42,4084.6039273518027,,
1782274500,4058.86,4067.31,4055,4063.11,4170.22,4000.42,4083.9775753211416,,
1782275400,4063.11,4066.62,4062.57,4063.48,4170.22,4000.42,4083.532368277734,,
1782276300,4063.48,4066.98,4061.83,4064.52,4170.22,4000.42,4083.1787562182794,,
1782277200,4064.52,4070.11,4060.8,4067.63,4170.22,4000.42,4082.761555219976,,
1782278100,4067.63,4074.4,4065.41,4073.37,4170.22,4000.42,4082.4860982146724,,
1782279000,4073.37,4086.14,4072.17,4077.21,4170.22,4000.42,4082.3266985730506,,
1782279900,4077.21,4080.06,4071.14,4075.76,4170.22,4000.42,4082.144199133714,,
1782280800,4075.76,4097.22,4075.61,4096.35,4170.22,4000.42,4082.4741650670417,,
1782281700,4096.35,4097.57,4083.22,4087.62,4170.22,4000.42,4082.688240906108,,
1782282600,4087.62,4093.94,4084.47,4091.75,4170.22,4000.42,4082.8638330086055,,
1782283500,4091.75,4094.43,4084.23,4087.1,4170.22,4000.42,4082.9846239285,,
1782284400,4087.1,4090.72,4085.32,4086.17,4170.22,4000.42,4083.0771899747274,,
1782285300,4086.17,4087.73,4083.16,4084.26,4170.22,4000.42,4083.1047205482782,,
1782286200,4084.26,4085.34,4075.75,4082.28,4170.22,4000.42,4083.0679789461533,,
1782287100,4082.28,4086.31,4073.63,4074.78,4170.22,4000.42,4082.9824395104,,
1782288000,4074.78,4078.17,4073.1,4073.97,4170.22,4000.42,4082.817243230685,,
1782288900,4073.97,4080.81,4073.13,4080.5,4170.22,4000.42,4082.7395000652764,,
1782289800,4080.5,4087.65,4079.09,4083.03,4170.22,4000.42,4082.749031553454,,
1782290700,4083.03,4083.37,4075.54,4076.31,4170.22,4000.42,4082.6756570801626,,
1782291600,4076.31,4078.32,4069.77,4076.2,4170.22,4000.42,4082.5329195323193,,
1782292500,4076.2,4079.1,4068.25,4069.21,4170.22,4000.42,4082.3816959390956,,
1782293400,4069.21,4072.24,4065.42,4068.27,4170.22,4000.42,4082.189932711147,,
1782294300,4068.27,4071.19,4064.1,4064.53,4170.22,4000.42,4082.0135669783454,,
1782295200,4064.53,4066.45,4058.95,4061.05,4170.22,4000.42,4081.6787468680473,,
1782296100,4061.05,4061.05,4055.02,4060.89,4170.22,4000.42,4081.2898701354293,,
1782297000,4060.89,4066.89,4056.44,4064.97,4170.22,4000.42,4081.041734156259,,
1782297900,4064.97,4065.8,4054.28,4055.67,4170.22,4000.42,4080.7193135509733,,
1782298800,4055.67,4058.6,4044.59,4045.73,4170.22,4000.42,4080.051360482287,,
1782299700,4045.73,4046.95,4037.51,4044.25,4170.22,4000.42,4079.140539835409,,
1782300600,4044.25,4051.38,4043.46,4046.01,4170.22,4000.42,4078.4138590786147,,
1782301500,4046.01,4056.11,4038.83,4046.66,4170.22,4000.42,4077.332689137519,,
1782302400,4046.66,4048.83,4035.07,4038.12,4170.22,4000.42,4076.270133783095,,
1782303300,4038.12,4041.9,4006.03,4015.37,4170.22,4000.42,4074.3686375722946,,
1782304200,4015.37,4020.78,4007,4013.52,4170.22,4000.42,4072.6163630835617,,
1782305100,4013.52,4017.53,3987.51,3987.91,4170.22,4000.42,4070.2913964951504,,
1782306000,3987.91,3995.67,3966.69,3971.42,4170.22,4000.42,4065.0233114965818,,
1782306900,3971.42,3977.26,3964.52,3975.37,4170.22,4000.42,4061.8473286397393,,
1782307800,3975.37,4018.08,3973.92,4015.31,4170.22,4000.42,4059.119719788989,,
1782308700,4015.31,4042,4009.22,4038.27,4170.22,4000.42,4057.7637525794353,,
1782309600,4038.27,4041,4018.93,4019.89,4170.22,4000.42,4056.6029043489452,,
1782310500,4019.89,4027.97,4014.31,4023.78,4170.22,4000.42,4055.574136452275,,
1782311400,4023.78,4034.53,4011.01,4015.78,4170.22,4000.42,4054.6375664654674,,
1782312300,4015.78,4015.78,4002.92,4008.02,4170.22,4000.42,4053.7027611832355,,
1782313200,4008.02,4010.1,3997.31,4001.9,4170.22,4000.42,4052.640999651802,,
1782314100,4001.9,4014.67,3999.53,4014.64,4170.22,4000.42,4051.757002496902,,
1782315000,4014.64,4015.17,4001.26,4005.83,4170.22,4000.42,4050.999131168267,,
1782315900,4005.83,4016.78,4000.02,4002.46,4170.22,4000.42,4050.209891389948,,
1782316800,4002.46,4006.47,3995.41,4002.7,4170.22,4000.42,4049.4000437499094,,
1782317700,4002.7,4016.97,4001.52,4016.11,4170.22,4000.42,4048.910772393832,,
1782318600,4016.11,4022.29,4009.42,4011.57,4170.22,4000.42,4048.4008906536938,,
1782319500,4011.57,4012.18,4006.14,4006.63,4170.22,4000.42,4047.961810176929,,
1782320400,4006.63,4011.31,4004.39,4005.65,4170.22,4000.42,4047.4782878072515,,
1782321300,4005.65,4007.18,3989.77,3990.55,4170.22,4000.42,4046.518555937462,,
1782322200,3990.55,3991.14,3982.85,3984.25,4170.22,4000.42,4045.4324698388778,,
1782323100,3984.25,3986.71,3972.6,3972.77,4170.22,4000.42,4044.2414609593166,,
1782324000,3972.77,3992.53,3958.86,3988.75,4170.22,4000.42,4042.443954678358,,
1782324900,3988.75,3992.26,3979.21,3990.11,4170.22,4000.42,4041.4782301679684,,
1782325800,3990.11,3994.17,3981.35,3983.37,4170.22,4000.42,4040.8371255482525,,
1782326700,3983.37,3984.34,3976.72,3981.37,4170.22,4000.42,4040.1896064332363,,
1782327600,3981.37,3985.14,3973.39,3976.36,4170.22,4000.42,4039.412897489636,,
1782328500,3976.36,3984.39,3973.82,3984.01,4170.22,4000.42,4038.90842462596,,
1782329400,3984.01,3988.8,3979.45,3982.56,4170.22,4000.42,4038.3607907295695,,
1782330300,3982.56,3990.84,3980.56,3988.02,4170.22,4000.42,4037.70739482664,,
1782331200,3988.02,4002.83,3984.66,3995.18,4170.22,4000.42,4037.2876626553452,,
1782332100,3995.18,4000.86,3992.02,3999.99,4170.22,4000.42,4037.0713255141454,,
1782333000,3999.99,4001.31,3995.63,3998.64,4170.22,4000.42,4036.930538126019,,
1782333900,3998.64,4001.16,3996.54,3998.54,4170.22,4000.42,4036.81686184829,,
1782338400,3998.54,4008.74,3998.54,4001.71,4170.22,4000.42,4002.9966666666664,,
1782339300,4001.71,4002.84,4000.1,4002.06,4170.22,4000.42,4002.4667592164124,,
1782340200,4002.06,4006.91,3999.65,4002.12,4170.22,4000.42,4002.655830756899,,
1782341100,4002.12,4002.39,3992.64,3996.26,4170.22,4000.42,4001.0715457987926,,
1782342000,3996.26,3998.68,3990.53,3994.8,4170.22,4000.42,3999.083037011952,,
1782342900,3994.8,4000.62,3994.72,3998.04,4170.22,4000.42,3998.8935308633063,,
1782343800,3998.04,4018.66,3997.74,4014.19,4170.22,4000.42,4001.2920427109716,,
1782344700,4014.19,4017.75,4009.22,4012.37,4170.22,4000.42,4003.350394874928,,
1782345600,4012.37,4016.38,4003.72,4005.32,4170.22,4000.42,4004.7934152433677,,
1782346500,4005.32,4006.14,3994.9,3996.3,4170.22,4000.42,4003.607280714639,,
1782347400,3996.3,3996.3,3981.2,3985.31,4170.22,4000.42,4001.1851165478715,,
1782348300,3985.31,4001.34,3978.43,3990.96,4170.22,4000.42,3999.390717172866,,
1782349200,3990.96,4005.9,3982.1,3986.73,4170.22,4000.42,3997.388723934479,,
1782350100,3986.73,3999.43,3983.5,3995.68,4170.22,4000.42,3996.9425248041393,,
1782354600,3995.68,3995.68,3974.46,3978.56,4170.22,4000.42,3996.5866833786213,,
1782355500,3978.56,3984.47,3975.39,3982.83,,,3995.227579134231,,
1782356400,3982.83,3989.3,3966.23,3970.54,,,3993.605173278508,,
1782357300,3970.54,3983.05,3967.41,3976.49,,,3992.3373894770375,,
1782358200,3976.49,3977.38,3968.78,3975.28,,,3991.4283433744627,,
1782359100,3975.28,4001.08,3974.59,3995.34,,,3991.372158813614,,
1782360000,3995.34,3997.51,3989.36,3989.39,4053.5000000000005,3934.4999999999995,3991.4008754729184,,
1782360900,3989.39,3997.52,3987.62,3994.55,4053.5000000000005,3934.4999999999995,3991.464095507349,,
1782361800,3994.55,3995.89,3983.43,3992.12,4053.5000000000005,3934.4999999999995,3991.4358651551015,,
1782362700,3992.12,3997.24,3991.41,3996,4053.5000000000005,3934.4999999999995,3991.516747306585,,
1782363600,3996,4000,3992.14,3998.21,4053.5000000000005,3934.4999999999995,3991.7000428181996,,
1782364500,3998.21,3998.87,3989.12,3993.94,4053.5000000000005,3934.4999999999995,3991.7836391626574,,
1782365400,3993.94,3997.27,3981.67,3983.04,4053.5000000000005,3934.4999999999995,3991.5310831700494,,
1782366300,3983.04,3991.81,3980.3,3986.32,4053.5000000000005,3934.4999999999995,3991.2979189698167,,
1782367200,3986.32,3989.15,3979.97,3980.2,4053.5000000000005,3934.4999999999995,3990.9844318112832,,
1782368100,3980.2,3986.95,3973.92,3984.02,4053.5000000000005,3934.4999999999995,3990.6217921645784,,
1782369000,3984.02,3985.23,3976.71,3982.24,4053.5000000000005,3934.4999999999995,3990.291571572861,,
1782369900,3982.24,3984.29,3975.79,3977.57,4053.5000000000005,3934.4999999999995,3989.998020099551,,
1782370800,3977.57,3986.15,3973.47,3979.94,4053.5000000000005,3934.4999999999995,3989.6958466901783,,
1782371700,3979.94,3989.73,3977.4,3985.11,4053.5000000000005,3934.4999999999995,3989.555870053282,,
1782372600,3985.11,3989.35,3973.61,3974.53,4053.5000000000005,3934.4999999999995,3989.2912848135293,,
1782373500,3974.53,3988.92,3971.34,3987.74,4053.5000000000005,3934.4999999999995,3989.1429682471144,,
1782374400,3987.74,3995.26,3984.18,3986.98,4053.5000000000005,3934.4999999999995,3989.133086954332,,
1782375300,3986.98,4001.32,3986.24,3993.68,4053.5000000000005,3934.4999999999995,3989.274778543823,,
1782376200,3993.68,4002.09,3993.68,3999.55,4053.5000000000005,3934.4999999999995,3989.4695952751927,,
1782377100,3999.55,3999.79,3988.45,3989.09,4053.5000000000005,3934.4999999999995,3989.522312243645,,
1782378000,3989.09,3996.71,3989.02,3990.88,4053.5000000000005,3934.4999999999995,3989.571672064353,,
1782378900,3990.88,3995.34,3989.24,3993.87,4053.5000000000005,3934.4999999999995,3989.623570228019,,
1782379800,3993.87,3997.68,3985.98,3988.38,4053.5000000000005,3934.4999999999995,3989.645023793562,,
1782380700,3988.38,3993.46,3987.52,3988.31,4053.5000000000005,3934.4999999999995,3989.6464428791205,,
1782381600,3988.31,3989.29,3983.51,3984.39,4053.5000000000005,3934.4999999999995,3989.595125805929,,
1782382500,3984.39,3989.35,3983.2,3989.16,4053.5000000000005,3934.4999999999995,3989.568562587048,,
1782383400,3989.16,3989.39,3984.63,3985.5,4053.5000000000005,3934.4999999999995,3989.5359810148416,,
1782384300,3985.5,3985.73,3980.98,3984.25,4053.5000000000005,3934.4999999999995,3989.474987428259,,
1782385200,3984.25,3986.15,3982.02,3983.33,4053.5000000000005,3934.4999999999995,3989.399282651282,,
1782386100,3983.33,3983.33,3975.96,3977.18,4053.5000000000005,3934.4999999999995,3989.2396435567853,,
1782387000,3977.18,3986.04,3973.51,3984.6,4053.5000000000005,3934.4999999999995,3989.103214890901,,
1782387900,3984.6,3987.78,3979.48,3980.03,4053.5000000000005,3934.4999999999995,3988.9863639234964,,
1782388800,3980.03,3984.67,3979.35,3982.65,4053.5000000000005,3934.4999999999995,3988.852635599637,,
1782389700,3982.65,3986.06,3978.73,3983.72,4053.5000000000005,3934.4999999999995,3988.7417529226973,,
1782390600,3983.72,4011.78,3982.75,4005.51,4053.5000000000005,3934.4999999999995,3989.438002261517,,
1782391500,4005.51,4019.32,4003.52,4012.59,4053.5000000000005,3934.4999999999995,3990.2933394565225,,
1782392400,4012.59,4033.86,4011.92,4030.92,4053.5000000000005,3934.4999999999995,3991.9711479942493,,
1782393300,4030.92,4031.56,4018.54,4022.13,4053.5000000000005,3934.4999999999995,3993.0178742701046,,
1782394200,4022.13,4028.49,4010.86,4012.04,4053.5000000000005,3934.4999999999995,3994.334494844698,,
1782395100,4012.04,4019.02,4000.83,4002.2,4053.5000000000005,3934.4999999999995,3995.1539384598927,,
1782396000,4002.2,4021.72,3998.78,4016.46,4053.5000000000005,3934.4999999999995,3996.134178460699,,
1782396900,4016.46,4028.32,4012.67,4026.57,4053.5000000000005,3934.4999999999995,3997.466460457703,,
1782397800,4026.57,4028.87,4015.78,4019.77,4053.5000000000005,3934.4999999999995,3998.2766798512102,,
1782398700,4019.77,4020.99,4011.25,4011.92,4053.5000000000005,3934.4999999999995,3998.7998271915294,,
1782399600,4011.92,4020.45,4005.03,4008.03,4053.5000000000005,3934.4999999999995,3999.195340699393,,
1782400500,4008.03,4040.52,4005.93,4026.8,4053.5000000000005,3934.4999999999995,4000.0742363016916,,
1782401400,4026.8,4030.78,4021.73,4027.7,4053.5000000000005,3934.4999999999995,4000.808211487474,,
1782402300,4027.7,4042.59,4026.79,4041.41,4053.5000000000005,3934.4999999999995,4001.635428018295,,
1782403200,4041.41,4042.87,4033.6,4036.94,4053.5000000000005,3934.4999999999995,4002.2160300297164,,
1782404100,4036.94,4044.02,4036.94,4040.32,4053.5000000000005,3934.4999999999995,4002.7375102093642,,
1782405000,4040.32,4040.78,4030.89,4031.28,4053.5000000000005,3934.4999999999995,4003.1823796500066,,
1782405900,4031.28,4033.37,4023.71,4028.62,4053.5000000000005,3934.4999999999995,4003.5117129650675,,
1782406800,4028.62,4032.44,4026.85,4029.52,4053.5000000000005,3934.4999999999995,4003.8224399579985,,
1782407700,4029.52,4035.79,4027.85,4032.58,4053.5000000000005,3934.4999999999995,4004.2555631875343,,
1782408600,4032.58,4035.99,4031.02,4034.14,4053.5000000000005,3934.4999999999995,4004.5155107774794,,
1782409500,4034.14,4036.73,4029.67,4034.68,4053.5000000000005,3934.4999999999995,4004.7785847876266,,
1782410400,4034.68,4035.34,4025.99,4032.57,4053.5000000000005,3934.4999999999995,4005.2942900193098,,
1782411300,4032.57,4043.99,4032.03,4043.88,4053.5000000000005,3934.4999999999995,4005.7771758923454,,
1782412200,4043.88,4043.92,4031.57,4032.65,4053.5000000000005,3934.4999999999995,4006.175114434149,,
1782413100,4032.65,4036.17,4029.65,4034.6,4053.5000000000005,3934.4999999999995,4006.3657745610203,,
1782414000,4034.6,4040.37,4032.56,4040.1,4053.5000000000005,3934.4999999999995,4006.5697272957,,
1782414900,4040.1,4043.68,4035.34,4036.02,4053.5000000000005,3934.4999999999995,4006.868774909158,,
1782415800,4036.02,4037.85,4031.97,4034.5,4053.5000000000005,3934.4999999999995,4007.0866476788315,,
1782416700,4034.5,4034.53,4021.92,4026.75,4053.5000000000005,3934.4999999999995,4007.311815426333,,
1782417600,4026.75,4034.96,4025.57,4027.95,4053.5000000000005,3934.4999999999995,4007.4184408173264,,
1782418500,4027.95,4030.8,4026.37,4030.65,4053.5000000000005,3934.4999999999995,4007.4815649178104,,
1782419400,4030.65,4030.66,4024.63,4026.26,4053.5000000000005,3934.4999999999995,4007.525904363762,,
1782420300,4026.26,4027.1,4024.4,4026.17,4053.5000000000005,3934.4999999999995,4007.5558321894378,,
1782424800,4026.17,4031.8,4021.44,4022.48,4053.5000000000005,3934.4999999999995,4025.24,,
1782425700,4022.48,4026.35,4019.69,4024.41,4053.5000000000005,3934.4999999999995,4024.2652127659576,,
1782426600,4024.41,4036.45,4024.02,4028.34,4053.5000000000005,3934.4999999999995,4026.6722454619685,,
1782427500,4028.34,4030.12,4021.46,4025.99,4053.5000000000005,3934.4999999999995,4026.4286604114354,,
1782428400,4025.99,4026.82,4021.17,4023.05,4053.5000000000005,3934.4999999999995,4026.0739129100325,,
1782429300,4023.05,4030.08,4022.02,4029.83,4053.5000000000005,3934.4999999999995,4026.288646061182,,
1782430200,4029.83,4030.51,4020.71,4024.3,4053.5000000000005,3934.4999999999995,4026.109014299265,,
1782431100,4024.3,4024.3,4012.39,4014.51,4053.5000000000005,3934.4999999999995,4024.3908085246935,,
1782432000,4014.51,4019.87,4011.23,4019.69,4053.5000000000005,3934.4999999999995,4022.4739254291185,,
1782432900,4019.69,4023.45,4012.17,4015.33,4053.5000000000005,3934.4999999999995,4021.5171340391503,,
1782433800,4015.33,4019.74,4012.06,4019.09,4053.5000000000005,3934.4999999999995,4020.8576567686614,,
1782434700,4019.09,4024.65,4015.36,4020.38,4053.5000000000005,3934.4999999999995,4020.7697458575985,,
1782435600,4020.38,4029.58,4014.13,4019.59,4053.5000000000005,3934.4999999999995,4020.829560445523,,
1782436500,4019.59,4026.41,4017.59,4022.56,4053.5000000000005,3934.4999999999995,4020.948709836265,,
1782437400,4022.56,4025.64,4016,4020.2,4053.5000000000005,3934.4999999999995,4020.912637931949,,
1782438300,4020.2,4023.13,4014.21,4020.82,4053.5000000000005,3934.4999999999995,4020.757764483653,,
1782439200,4020.82,4023.23,4013.35,4015.01,4053.5000000000005,3934.4999999999995,4020.5024431624574,,
1782440100,4015.01,4016.73,4004.13,4007.26,4053.5000000000005,3934.4999999999995,4019.927299285756,,
1782441000,4007.26,4009.39,3991.02,3992.2,4053.5000000000005,3934.4999999999995,4018.3123300675047,,
1782441900,3992.2,3995.54,3983.03,3990.65,,,4016.193622149094,,
1782442800,3990.65,3999.92,3986.67,3997.45,,,4014.9492895880517,,
1782443700,3997.45,3999.95,3992.47,3995.41,,,4014.0854804183537,,
1782444600,3995.41,4001.31,3993.05,4000.27,,,4013.466035946657,,
1782445500,4000.27,4006.56,3997.32,4004.54,,,4013.0663140892416,,
1782446400,4004.54,4009.57,3998.67,4008.33,4060.4799999999996,3983.2300000000005,4012.829251950131,,
1782447300,4008.33,4011.96,4005.86,4007.51,4060.4799999999996,3983.2300000000005,4012.6974656257958,,
1782448200,4007.51,4008.47,4001.46,4008.35,4060.4799999999996,3983.2300000000005,4012.5135431885965,,
1782449100,4008.35,4015.32,4007.21,4011.79,4060.4799999999996,3983.2300000000005,4012.4833515371292,,
1782450000,4011.79,4015.3,4006.25,4015.25,4060.4799999999996,3983.2300000000005,4012.477314678084,,
1782450900,4015.25,4019.27,4011.74,4016.63,4060.4799999999996,3983.2300000000005,4012.5647187643644,,
1782451800,4016.63,4021.46,4010.84,4011.32,4060.4799999999996,3983.2300000000005,4012.6567599757477,,
1782452700,4011.32,4015.51,4005.78,4008.16,4060.4799999999996,3983.2300000000005,4012.5488686760186,,
1782453600,4008.16,4011.77,4006.66,4009.54,4060.4799999999996,3983.2300000000005,4012.4217174905557,,
1782454500,4009.54,4024.88,4008.3,4023.99,4060.4799999999996,3983.2300000000005,4012.7257214291135,,
1782455400,4023.99,4027.54,4020.72,4025.27,4060.4799999999996,3983.2300000000005,4013.216454063688,,
1782456300,4025.27,4033.1,4021.95,4032.03,4060.4799999999996,3983.2300000000005,4013.767367344774,,
1782457200,4032.03,4033.84,4026.71,4027.36,4060.4799999999996,3983.2300000000005,4014.1776770161273,,
1782458100,4027.36,4039.84,4026.81,4037.94,4060.4799999999996,3983.2300000000005,4014.6181228087776,,
1782459000,4037.94,4038.89,4030.92,4031.45,4060.4799999999996,3983.2300000000005,4014.944589313829,,
1782459900,4031.45,4032.17,4027.47,4030.49,4060.4799999999996,3983.2300000000005,4015.160290044396,,
1782460800,4030.49,4033.09,4025.66,4030.91,4060.4799999999996,3983.2300000000005,4015.499944168082,,
1782461700,4030.91,4035.76,4029.72,4035.46,4060.4799999999996,3983.2300000000005,4015.816813824603,,
1782462600,4035.46,4036.14,4032.29,4035.51,4060.4799999999996,3983.2300000000005,4016.12326276582,,
1782463500,4035.51,4037.64,4029.61,4030.96,4060.4799999999996,3983.2300000000005,4016.368411774601,,
1782464400,4030.96,4041.64,4029.5,4039.47,4060.4799999999996,3983.2300000000005,4016.709353903603,,
1782465300,4039.47,4051.07,4034.5,4048.17,4060.4799999999996,3983.2300000000005,4017.3600751405993,,
1782466200,4048.17,4054.19,4045.19,4047.88,4060.4799999999996,3983.2300000000005,4017.9694067693677,,
1782467100,4047.88,4053.99,4045.31,4047.04,4060.4799999999996,3983.2300000000005,4018.4916669846793,,
1782468000,4047.04,4052.08,4044.27,4050.9,4060.4799999999996,3983.2300000000005,4018.927614655247,,
1782468900,4050.9,4051.46,4042.2,4048.16,4060.4799999999996,3983.2300000000005,4019.2811745960757,,
1782469800,4048.16,4054.4,4046.78,4048.56,4060.4799999999996,3983.2300000000005,4019.7269779320127,,
1782470700,4048.56,4054.96,4047.39,4054.62,4060.4799999999996,3983.2300000000005,4020.1073794598037,,
1782471600,4054.62,4055.32,4047.18,4047.21,4060.4799999999996,3983.2300000000005,4020.5170412782804,,
1782472500,4047.21,4054.14,4046.04,4052.66,4060.4799999999996,3983.2300000000005,4020.886932307507,,
1782473400,4052.66,4055.58,4046.06,4046.65,4060.4799999999996,3983.2300000000005,4021.2464501099807,,
1782474300,4046.65,4048.55,4042.44,4045.81,4060.4799999999996,3983.2300000000005,4021.592410889394,,
1782475200,4045.81,4050.76,4043.74,4049.11,4060.4799999999996,3983.2300000000005,4021.943291305254,,
1782476100,4049.11,4051.52,4041.91,4046.66,4060.4799999999996,3983.2300000000005,4022.345583126467,,
1782477000,4046.66,4049.28,4035.71,4040.31,4060.4799999999996,3983.2300000000005,4022.693190865316,,
1782477900,4040.31,4061.53,4039.14,4058.95,4060.4799999999996,3983.2300000000005,4023.4477546230005,,
1782478800,4058.95,4066.03,4043.37,4050.46,4060.4799999999996,3983.2300000000005,4024.5057551398218,,
1782479700,4050.46,4058.68,4043.03,4056.91,4060.4799999999996,3983.2300000000005,4025.51020494511,,
1782480600,4056.91,4062.35,4044.75,4062.35,4060.4799999999996,3983.2300000000005,4027.1080524182153,,
1782481500,4062.35,4077.94,4058.21,4073.25,4060.4799999999996,3983.2300000000005,4028.771949691004,,
1782482400,4073.25,4085.08,4067.5,4082.22,4060.4799999999996,3983.2300000000005,4030.474547482109,,
1782483300,4082.22,4093.04,4081.18,4084.28,4060.4799999999996,3983.2300000000005,4032.3403526877796,,
1782484200,4084.28,4085.1,4076.3,4082.58,4060.4799999999996,3983.2300000000005,4033.4905588835923,,
1782485100,4082.58,4091.66,4080.48,4080.58,4060.4799999999996,3983.2300000000005,4035.0258529464745,,
1782486000,4080.58,4083.28,4075.66,4079.54,4060.4799999999996,3983.2300000000005,4035.9280293032866,,
1782486900,4079.54,4084.49,4077.95,4084.21,4060.4799999999996,3983.2300000000005,4036.719585443485,,
1782487800,4084.21,4095.55,4081.61,4095,4060.4799999999996,3983.2300000000005,4037.58294402698,,
1782488700,4095,4095.98,4083.28,4090.46,4060.4799999999996,3983.2300000000005,4038.600791158607,,
1782489600,4090.46,4092.92,4088.34,4091.15,4060.4799999999996,3983.2300000000005,4039.1239451123915,,
1782490500,4091.15,4093.59,4082.95,4086.8,4060.4799999999996,3983.2300000000005,4039.662997104004,,
1782491400,4086.8,4093.15,4082.15,4084.61,4060.4799999999996,3983.2300000000005,4040.1272864747943,,
1782492300,4084.61,4086.86,4082.73,4085.01,4060.4799999999996,3983.2300000000005,4040.445771620693,,
1782493200,4085.01,4087.97,4082.3,4083.35,4060.4799999999996,3983.2300000000005,4040.7416034487555,,
1782494100,4083.35,4085.04,4080.16,4081.52,4060.4799999999996,3983.2300000000005,4041.0960448779438,,
1782495000,4081.52,4083.22,4074.07,4076.63,4060.4799999999996,3983.2300000000005,4041.467366826901,,
1782495900,4076.63,4077.76,4073.72,4074.68,4060.4799999999996,3983.2300000000005,4041.7153284815863,,
1782496800,4074.68,4078.86,4072.36,4076.78,4060.4799999999996,3983.2300000000005,4042.0119359320065,,
1782497700,4076.78,4076.98,4071.45,4073.42,4060.4799999999996,3983.2300000000005,4042.2041001839534,,
1782498600,4073.42,4075.47,4071.73,4072.58,4060.4799999999996,3983.2300000000005,4042.329722127557,,
1782499500,4072.58,4072.58,4066.98,4067.29,4060.4799999999996,3983.2300000000005,4042.487011645992,,
1782500400,4067.29,4070.03,4064.62,4069.33,4060.4799999999996,3983.2300000000005,4042.6748819123536,,
1782501300,4069.33,4069.64,4064.55,4066.37,4060.4799999999996,3983.2300000000005,4042.8108314673823,,
1782502200,4066.37,4070.85,4065.75,4068.54,4060.4799999999996,3983.2300000000005,4042.965073615335,,
1782503100,4068.54,4074.66,4066.86,4071.79,4060.4799999999996,3983.2300000000005,4043.2445257440377,,
1782504000,4071.79,4072.67,4064.33,4067.82,4060.4799999999996,3983.2300000000005,4043.3830981888113,,
1782504900,4067.82,4072.95,4065.98,4071.56,4060.4799999999996,3983.2300000000005,4043.4723050175894,,
1782505800,4071.56,4071.57,4066.66,4070.41,4060.4799999999996,3983.2300000000005,4043.553067534807,,
1782684000,4070.41,4086.01,4069.5,4069.98,,,4075.163333333334,,
1782684900,4069.98,4070.18,4053.11,4057.11,,,4068.380634959035,,
1782685800,4057.11,4065.2,4055.57,4062.95,,,4066.909931358613,,
1782686700,4062.95,4069.61,4061.85,4065.72,,,4066.7259592485643,,
1782687600,4065.72,4070.44,4065,4065.3,,,4066.7609692284695,,
1782688500,4065.3,4065.42,4055.08,4056.66,,,4065.740965494613,,
1782689400,4056.66,4062.63,4051.5,4062.25,,,4064.8136130892167,,
1782690300,4062.25,4066.19,4060.85,4062.92,,,4064.6023364952853,,
1782691200,4062.92,4064.77,4053.21,4058.92,,,4063.020529741561,,
1782692100,4058.92,4062.16,4047.91,4048.18,,,4061.262301642096,,
1782693000,4048.18,4070.03,4048.18,4069.39,,,4061.414688243722,,
1782693900,4069.39,4074.25,4062.9,4069.23,,,4062.197833494413,,
1782694800,4069.23,4074.53,4053.52,4054.9,,,4061.9874990479084,,
1782695700,4054.9,4066.14,4054.25,4058.9,,,4061.7365311108506,,
1782696600,4058.9,4066.61,4055.73,4063.58,,,4061.758682822253,,
1782697500,4063.58,4063.91,4054.46,4061.44,,,4061.6162318861866,,
1782698400,4061.44,4070.76,4059.03,4060.97,,,4061.768806020258,,
1782699300,4060.97,4070.85,4059.99,4068.65,,,4061.9992545173063,,
1782700200,4068.65,4071.8,4058.39,4060.77,,,4062.0884341326005,,
1782701100,4060.77,4069.59,4058.66,4066.27,,,4062.2247676188563,,
1782702000,4066.27,4070.98,4064.69,4068.99,,,4062.453946642886,,
1782702900,4068.99,4075.81,4067.38,4072.37,,,4062.7706411167837,,
1782703800,4072.37,4073.46,4065.35,4067.93,,,4062.9541781496287,,
1782704700,4067.93,4071.89,4066.09,4068.86,,,4063.077533552124,,
1782705600,4068.86,4069.02,4064.18,4065.69,4116.550000000001,4011.4999999999995,4063.1381129246047,,
1782706500,4065.69,4066.69,4062.11,4064.97,4116.550000000001,4011.4999999999995,4063.1609115230267,,
1782707400,4064.97,4065.35,4052.52,4057.05,4116.550000000001,4011.4999999999995,4063.042969751911,,
1782708300,4057.05,4058.02,4049.4,4052.35,4116.550000000001,4011.4999999999995,4062.8856908205835,,
1782709200,4052.35,4057.34,4047.04,4055.96,4116.550000000001,4011.4999999999995,4062.614331671331,,
1782710100,4055.96,4057.46,4047.65,4049.22,4116.550000000001,4011.4999999999995,4062.336115000375,,
1782711000,4049.22,4051.4,4038.9,4050.31,4116.550000000001,4011.4999999999995,4061.5500146715535,,
1782711900,4050.31,4057.06,4047.06,4054.29,4116.550000000001,4011.4999999999995,4061.17278365297,,
1782712800,4054.29,4064.13,4053.15,4059.8,4116.550000000001,4011.4999999999995,4061.081061847105,,
1782713700,4059.8,4063.06,4055.84,4060.8,4116.550000000001,4011.4999999999995,4061.048590109873,,
1782714600,4060.8,4061.95,4054.87,4061.14,4116.550000000001,4011.4999999999995,4061.0111450341956,,
1782715500,4061.14,4064.81,4059.66,4062.15,4116.550000000001,4011.4999999999995,4061.033645667447,,
1782716400,4062.15,4062.66,4055.87,4059.2,4116.550000000001,4011.4999999999995,4060.9782123473196,,
1782717300,4059.2,4066.34,4057.97,4066.02,4116.550000000001,4011.4999999999995,4061.0195338279914,,
1782718200,4066.02,4066.24,4060.87,4062.63,4116.550000000001,4011.4999999999995,4061.051484261192,,
1782719100,4062.63,4068.59,4060.7,4061.52,4116.550000000001,4011.4999999999995,4061.0914146161294,,
1782720000,4061.52,4065.9,4060.4,4063.96,4116.550000000001,4011.4999999999995,4061.131215405495,,
1782720900,4063.96,4065.54,4060.27,4061.15,4116.550000000001,4011.4999999999995,4061.1507663052535,,
1782721800,4061.15,4066.57,4054.56,4055.51,4116.550000000001,4011.4999999999995,4061.1135477884472,,
1782722700,4055.51,4057.28,4043.55,4047.04,4116.550000000001,4011.4999999999995,4060.887934148286,,
1782723600,4047.04,4055.26,4045.08,4049.98,4116.550000000001,4011.4999999999995,4060.721830548475,,
1782724500,4049.98,4053.38,4045.12,4047.41,4116.550000000001,4011.4999999999995,4060.5360685706232,,
1782725400,4047.41,4050.74,4040.62,4043.7,4116.550000000001,4011.4999999999995,4060.2814159393465,,
1782726300,4043.7,4044.1,4023.97,4031.55,4116.550000000001,4011.4999999999995,4059.631773247798,,
1782727200,4031.55,4039.76,4027.43,4038.43,4116.550000000001,4011.4999999999995,4059.2151096373887,,
1782728100,4038.43,4038.81,4032.55,4037.45,4116.550000000001,4011.4999999999995,4058.9498744018497,,
1782729000,4037.45,4038.77,4031.74,4034.37,4116.550000000001,4011.4999999999995,4058.656414373862,,
1782729900,4034.37,4038.32,4032.27,4036.78,4116.550000000001,4011.4999999999995,4058.445286525341,,
1782730800,4036.78,4038.57,4032.32,4034.28,4116.550000000001,4011.4999999999995,4058.1999596086057,,
1782731700,4034.28,4036.07,4027.21,4031.99,4116.550000000001,4011.4999999999995,4057.8988285168816,,
1782732600,4031.99,4038.64,4029.75,4035.31,4116.550000000001,4011.4999999999995,4057.5437238417953,,
1782733500,4035.31,4042.26,4034.81,4039.22,4116.550000000001,4011.4999999999995,4057.3157738882346,,
1782734400,4039.22,4052.56,4037.84,4047.49,4116.550000000001,4011.4999999999995,4057.114802180034,,
1782735300,4047.49,4049.9,4037.62,4038.27,4116.550000000001,4011.4999999999995,4056.846671652537,,
1782736200,4038.27,4047.18,4037.46,4044.76,4116.550000000001,4011.4999999999995,4056.6482506226102,,
1782737100,4044.76,4047.92,4042.24,4043.73,4116.550000000001,4011.4999999999995,4056.51306211189,,
1782738000,4043.73,4051.72,4043.34,4047.21,4116.550000000001,4011.4999999999995,4056.333015495664,,
1782738900,4047.21,4049.67,4037.8,4037.91,4116.550000000001,4011.4999999999995,4056.082759468987,,
1782739800,4037.91,4044.57,4033.89,4038.56,4116.550000000001,4011.4999999999995,4055.409412788482,,
1782740700,4038.56,4040.46,4028.15,4032.2,4116.550000000001,4011.4999999999995,4054.706107987655,,
1782741600,4032.2,4035.52,4007.7,4008.8,4116.550000000001,4011.4999999999995,4053.087631281785,,
1782742500,4008.8,4028.44,3999.95,4024.9,4116.550000000001,4011.4999999999995,4051.55414075247,,
1782743400,4024.9,4028.09,4019.97,4020.86,4116.550000000001,4011.4999999999995,4050.728861489476,,
1782744300,4020.86,4030.36,4017.86,4025.53,4116.550000000001,4011.4999999999995,4050.0116114366224,,
1782745200,4025.53,4026.31,4019.3,4022,4116.550000000001,4011.4999999999995,4049.3021838814275,,
1782746100,4022,4027.64,4016.62,4024.15,4116.550000000001,4011.4999999999995,4048.8409055057896,,
1782747000,4024.15,4026.49,4017.47,4022.66,4116.550000000001,4011.4999999999995,4048.4524042472035,,
1782747900,4022.66,4030.31,4021.98,4026.96,4116.550000000001,4011.4999999999995,4048.196351540212,,
1782748800,4026.96,4028.58,4023.56,4023.73,4116.550000000001,4011.4999999999995,4047.9989348200515,,
1782749700,4023.73,4026.47,4021.82,4023.68,4116.550000000001,4011.4999999999995,4047.8290387806765,,
1782750600,4023.68,4024.38,4018.55,4021.47,4116.550000000001,4011.4999999999995,4047.645608315299,,
1782751500,4021.47,4028,4020.64,4023.77,4116.550000000001,4011.4999999999995,4047.480773513982,,
1782752400,4023.77,4031.92,4023.17,4028.82,4116.550000000001,4011.4999999999995,4047.3206814927394,,
1782753300,4028.82,4030.7,4022.31,4023.95,4116.550000000001,4011.4999999999995,4047.1396959182694,,
1782754200,4023.95,4024.57,4020.73,4022,4116.550000000001,4011.4999999999995,4046.994116208583,,
1782755100,4022,4022.64,4019.18,4020.93,4116.550000000001,4011.4999999999995,4046.8542561946547,,
1782756000,4020.93,4024.37,4020.27,4023.87,4116.550000000001,4011.4999999999995,4046.703125962365,,
1782756900,4023.87,4025.27,4020.29,4020.99,4116.550000000001,4011.4999999999995,4046.599529744541,,
1782757800,4020.99,4021.72,4019.41,4020.73,4116.550000000001,4011.4999999999995,4046.516282824002,,
1782758700,4020.73,4021.15,4011.9,4013.35,4116.550000000001,4011.4999999999995,4046.375527882729,,
1782759600,4013.35,4014.65,4007.81,4007.94,4116.550000000001,4011.4999999999995,4046.11997673852,,
1782760500,4007.94,4017.14,4005.33,4017.02,4116.550000000001,4011.4999999999995,4045.919807693291,,
1782761400,4017.02,4019.56,4016.3,4017.93,4116.550000000001,4011.4999999999995,4045.7791615271035,,
1782762300,4017.93,4018.44,4012.42,4015.88,4116.550000000001,4011.4999999999995,4045.523740779377,,
1782763200,4015.88,4016.08,4012.64,4014.43,4116.550000000001,4011.4999999999995,4045.438336206342,,
1782764100,4014.43,4017.94,4014.42,4017.59,4116.550000000001,4011.4999999999995,4045.3998109222734,,
1782765000,4017.59,4017.68,4014.42,4015.74,4116.550000000001,4011.4999999999995,4045.364686988884,,
1782765900,4015.74,4017.27,4014.22,4015.41,4116.550000000001,4011.4999999999995,4045.3122196125996,,
1782770400,4015.41,4022.27,4015.41,4018.5,4116.550000000001,4011.4999999999995,4018.7266666666674,,
1782771300,4018.5,4020.54,4015.27,4015.92,4116.550000000001,4011.4999999999995,4018.019652395334,,
1782772200,4015.92,4015.92,4010.32,4010.35,4116.550000000001,4011.4999999999995,4015.787157045314,,
1782773100,4010.35,4016.78,4009.5,4014.23,4116.550000000001,4011.4999999999995,4015.1013272527534,,
1782774000,4014.23,4021.38,4013.86,4020.64,4116.550000000001,4011.4999999999995,4015.8708186538847,,
1782774900,4020.64,4022.27,4015.53,4016.4,4116.550000000001,4011.4999999999995,4016.2202913664837,,
1782775800,4016.4,4022.01,4013.29,4015.09,4116.550000000001,4011.4999999999995,4016.308487732025,,
1782776700,4015.09,4018.09,4013.04,4014.87,4116.550000000001,4011.4999999999995,4016.1743115968693,,
1782777600,4014.87,4015.24,4003.22,4010.23,4116.550000000001,4011.4999999999995,4013.8872730481944,,
1782778500,4010.23,4011.59,4003.69,4006.33,4116.550000000001,4011.4999999999995,4012.7176930968976,,
1782779400,4006.33,4006.93,3990.89,3991.85,4116.550000000001,4011.4999999999995,4009.5751923005146,,
1782780300,3991.85,3993.99,3979.62,3986.55,4116.550000000001,4011.4999999999995,4004.808497723312,,
1782781200,3986.55,3987.08,3941.75,3957.79,4116.550000000001,4011.4999999999995,3990.5651641918503,,
1782782100,3957.79,3980.69,3949.49,3978.97,4116.550000000001,4011.4999999999995,3986.870014329562,,
1782783000,3978.97,3979.66,3965.85,3968.94,4116.550000000001,4011.4999999999995,3985.082852138067,,
1782783900,3968.94,3973.62,3961.3,3969,4116.550000000001,4011.4999999999995,3983.369079193343,,
1782784800,3969,3973.46,3952.15,3957.29,4116.550000000001,4011.4999999999995,3981.273055731893,,
1782785700,3957.29,3965.6,3955.59,3961.7,4116.550000000001,4011.4999999999995,3980.2078948083035,,
1782786600,3961.7,3964.01,3953.99,3959.56,4116.550000000001,4011.4999999999995,3978.784029431159,,
1782787500,3959.56,3970.44,3958.88,3962.92,,,3977.8358800461556,,
1782788400,3962.92,3969.78,3962.48,3966.23,,,3977.331234232205,,
1782789300,3966.23,3971.15,3963.04,3965.71,,,3976.8473789371606,,
1782790200,3965.71,3967.08,3959.95,3963.16,,,3976.4153184904912,,
1782791100,3963.16,3971.17,3963.15,3969.89,,,3976.174724198679,,
1782792000,3969.89,3975.12,3968.07,3972.51,4077.74,3851.09,3976.0636799344047,,
1782792900,3972.51,3983.67,3971.94,3982.69,4077.74,3851.09,3976.1273891090204,,
1782793800,3982.69,3998.05,3982.4,3988.55,4077.74,3851.09,3976.614947851318,,
1782794700,3988.55,3991.34,3983.26,3985.4,4077.74,3851.09,3976.8656667845476,,
1782795600,3985.4,3991.07,3983.81,3984.69,4077.74,3851.09,3977.117418553754,,
1782796500,3984.69,3987.66,3979.48,3982.85,4077.74,3851.09,3977.2681384193534,,
1782797400,3982.85,3985.12,3975.01,3978.93,4077.74,3851.09,3977.3824855631387,,
1782798300,3978.93,3981.83,3976.16,3977.86,4077.74,3851.09,3977.424354504314,,
1782799200,3977.86,3989.58,3977.85,3987.76,4077.74,3851.09,3977.7275129208306,,
1782800100,3987.76,4013.46,3983.92,4011.94,4077.74,3851.09,3979.014925302613,,
1782801000,4011.94,4033.96,4010.59,4024.61,4077.74,3851.09,3982.1997325591174,,
1782801900,4024.61,4033.26,4023.38,4029.38,4077.74,3851.09,3984.141895660683,,
1782802800,4029.38,4030.05,4023.65,4025.82,4077.74,3851.09,3985.2070953965913,,
1782803700,4025.82,4034.69,4025.19,4028.3,4077.74,3851.09,3986.097184881291,,
1782804600,4028.3,4032.13,4026.04,4028.6,4077.74,3851.09,3986.757667623047,,
1782805500,4028.6,4032.89,4025.37,4031.96,4077.74,3851.09,3987.348893809172,,
1782806400,4031.96,4037.78,4021.75,4024.1,4077.74,3851.09,3988.4218193028005,,
1782807300,4024.1,4026.41,4020.05,4025.88,4077.74,3851.09,3989.0218588915895,,
1782808200,4025.88,4026.91,4015.46,4017.91,4077.74,3851.09,3989.6001674356985,,
1782809100,4017.91,4019.62,4013.25,4015.64,4077.74,3851.09,3990.041692972629,,
1782810000,4015.64,4021.74,4014.65,4018.34,4077.74,3851.09,3990.3630587458874,,
1782810900,4018.34,4022.81,4016.03,4017.28,4077.74,3851.09,3990.7572568456094,,
1782811800,4017.28,4018.71,4012.14,4018.56,4077.74,3851.09,3991.0848348585473,,
1782812700,4018.56,4024.06,4017.99,4024.06,4077.74,3851.09,3991.407398910367,,
1782813600,4024.06,4026.62,4021.38,4025.83,4077.74,3851.09,3991.7799689922203,,
1782814500,4025.83,4028.76,4023.7,4028.49,4077.74,3851.09,3992.0833793869238,,
1782815400,4028.49,4029.74,4025.27,4027.78,4077.74,3851.09,3992.384764234982,,
1782816300,4027.78,4031.24,4026.29,4029.85,4077.74,3851.09,3992.685861563178,,
1782817200,4029.85,4033.63,4025.36,4033.34,4077.74,3851.09,3993.0969249743735,,
1782818100,4033.34,4034.1,4029.6,4031.89,4077.74,3851.09,3993.5576965824225,,
1782819000,4031.89,4035.15,4028.16,4034.49,4077.74,3851.09,3994.0288063783655,,
1782819900,4034.49,4037.4,4030.08,4033.83,4077.74,3851.09,3994.492845333687,,
1782820800,4033.83,4034.41,4025.86,4026.44,4077.74,3851.09,3994.9809622437697,,
1782821700,4026.44,4028.82,4014.76,4016.97,4077.74,3851.09,3995.409685400262,,
1782822600,4016.97,4021.9,4012.36,4018.62,4077.74,3851.09,3995.87722249833,,
1782823500,4018.62,4018.62,4008.48,4009.5,4077.74,3851.09,3996.1659301941017,,
1782824400,4009.5,4025.4,4009.01,4023.48,4077.74,3851.09,3996.7392251315578,,
1782825300,4023.48,4033.32,4019.02,4023.88,4077.74,3851.09,3997.323753957677,,
1782826200,4023.88,4027.7,4012.87,4025.14,4077.74,3851.09,3998.279674031199,,
1782827100,4025.14,4032.66,4022.11,4029.17,4077.74,3851.09,3999.3162173535243,,
1782828000,4029.17,4048.66,4024.94,4043.5,4077.74,3851.09,4000.9368441005413,,
1782828900,4043.5,4063.26,4043.03,4054.05,4077.74,3851.09,4002.7898430393548,,
1782829800,4054.05,4058.62,4044.71,4051.09,4077.74,3851.09,4004.152350795496,,
1782830700,4051.09,4051.09,4037.24,4037.27,4077.74,3851.09,4005.1399864413906,,
1782831600,4037.27,4039.35,4032.15,4035.99,4077.74,3851.09,4005.817760062903,,
1782832500,4035.99,4036.01,4022.01,4028.75,4077.74,3851.09,4006.241269848932,,
1782833400,4028.75,4031.42,4026.73,4029.55,4077.74,3851.09,4006.565335506805,,
1782834300,4029.55,4034.85,4028.72,4029.34,4077.74,3851.09,4006.876900836137,,
1782835200,4029.34,4030.34,4025.86,4029.94,4077.74,3851.09,4007.0479166841933,,
1782836100,4029.94,4031.47,4027.69,4029.5,4077.74,3851.09,4007.2402947381156,,
1782837000,4029.5,4032.2,4027.28,4031.46,4077.74,3851.09,4007.4051314811277,,
1782837900,4031.46,4033.95,4025.79,4025.99,4077.74,3851.09,4007.5448180098783,,
1782838800,4025.99,4027.93,4020.4,4022.92,4077.74,3851.09,4007.690676180761,,
1782839700,4022.92,4028.11,4021.44,4025.51,4077.74,3851.09,4007.84764226027,,
1782840600,4025.51,4029.77,4025.22,4029.44,4077.74,3851.09,4007.9561151450994,,
1782841500,4029.44,4032.08,4029.01,4030.65,4077.74,3851.09,4008.066224053926,,
1782842400,4030.65,4033.76,4030.63,4032.32,4077.74,3851.09,4008.2124571761433,,
1782843300,4032.32,4032.95,4030.38,4031.33,4077.74,3851.09,4008.308227624833,,
1782844200,4031.33,4031.48,4028.1,4030.81,4077.74,3851.09,4008.385214888384,,
1782845100,4030.81,4032.44,4028.27,4028.29,4077.74,3851.09,4008.4896544535018,,
1782846000,4028.29,4029.33,4023.51,4023.99,4077.74,3851.09,4008.5882103510803,,
1782846900,4023.99,4025.03,4020.98,4020.98,4077.74,3851.09,4008.6638839033994,,
1782847800,4020.98,4023.31,4020.74,4021.94,4077.74,3851.09,4008.761818545543,,
1782848700,4021.94,4022.63,4014.55,4015.79,4077.74,3851.09,4008.9095612456404,,
1782849600,4015.79,4020.74,4013.81,4019.76,4077.74,3851.09,4008.9475686551177,,
1782850500,4019.76,4021.17,4012.29,4013.05,4077.74,3851.09,4008.970088106623,,
1782851400,4013.05,4013.57,4010.11,4011.16,4077.74,3851.09,4008.975515098547,,
1782852300,4011.16,4011.67,4006.44,4007.65,4077.74,3851.09,4008.974388046082,,
1782856800,4007.65,4017.54,4007.65,4014.64,4077.74,3851.09,4013.2766666666666,,
1782857700,4014.64,4016.53,4011.94,4013.82,4077.74,3851.09,4013.6844168626426,,
1782858600,4013.82,4017.85,4013.13,4014.04,4077.74,3851.09,4014.0235211450035,,
1782859500,4014.04,4016.2,4010.98,4013.11,4077.74,3851.09,4013.909644109489,,
1782860400,4013.11,4018.35,4010.98,4013.94,4077.74,3851.09,4014.0459108650093,,
1782861300,4013.94,4015.13,4008,4011.25,4077.74,3851.09,4013.6228684227453,,
1782862200,4011.25,4012.6,4008.44,4009.19,4077.74,3851.09,4013.1102051091575,,
1782863100,4009.19,4009.99,4005.29,4005.66,4077.74,3851.09,4012.0649308503353,,
1782864000,4005.66,4009.67,4005.31,4008.25,4077.74,3851.09,4011.1238631819474,,
1782864900,4008.25,4009.28,4001.19,4001.65,4077.74,3851.09,4009.6278456057335,,
1782865800,4001.65,4005.57,3995.89,3996.49,4077.74,3851.09,4007.9865983470677,,
1782866700,3996.49,3999.48,3992.93,3996.59,4077.74,3851.09,4006.41051707367,,
1782867600,3996.59,3999.73,3978.81,3984.53,4077.74,3851.09,4001.4145709052555,,
1782868500,3984.53,3986.06,3975.07,3985.84,4077.74,3851.09,3998.478143059499,,
1782869400,3985.84,3988.52,3974.94,3978.89,4077.74,3851.09,3996.315814076025,,
1782870300,3978.89,3981.92,3973.56,3977.91,4077.74,3851.09,3994.5123414486843,,
1782871200,3977.91,3979.94,3970.25,3976.31,4077.74,3851.09,3992.665845181782,,
1782872100,3976.31,3982.54,3975.64,3980.91,4077.74,3851.09,3992.0071662439723,,
1782873000,3980.91,3986.07,3978.92,3983.05,4077.74,3851.09,3991.487483464073,,
1782873900,3983.05,3985.31,3978.37,3979.24,,,3990.95800617685,,
1782874800,3979.24,3985.61,3978.33,3983.54,,,3990.579195425231,,
1782875700,3983.54,3987.07,3980.09,3981.44,,,3990.3062895465578,,
1782876600,3981.44,3982.35,3976.5,3977.43,,,3989.961718928282,,
1782877500,3977.43,3980.6,3976.77,3980.45,,,3989.7738861855723,,
1782878400,3980.45,3981.16,3974.15,3976.46,4052.07,3921.22,3989.471230915587,,
1782879300,3976.46,3978.17,3974.32,3977.62,4052.07,3921.22,3989.248243827929,,
1782880200,3977.62,3980.85,3972.35,3974.44,4052.07,3921.22,3988.9508751759354,,
1782881100,3974.44,3982.97,3974.14,3976.59,4052.07,3921.22,3988.6971355790342,,
1782882000,3976.59,3977.32,3969.5,3971.79,4052.07,3921.22,3988.239652502711,,
1782882900,3971.79,3974.99,3970.09,3972.78,4052.07,3921.22,3987.8831386103825,,
1782883800,3972.78,3978.86,3970.38,3974.69,4052.07,3921.22,3987.1820924396648,,
1782884700,3974.69,3978.79,3973.42,3974.02,4052.07,3921.22,3986.7401174512443,,
1782885600,3974.02,3977.41,3963.24,3965.21,4052.07,3921.22,3985.741576525721,,
1782886500,3965.21,3969.89,3963.05,3967.31,4052.07,3921.22,3985.082957230152,,
1782887400,3967.31,3973.53,3963.15,3971.85,4052.07,3921.22,3984.6003026767694,,
1782888300,3971.85,3973.64,3969,3971.71,4052.07,3921.22,3984.305974038354,,
1782889200,3971.71,3973.68,3960.12,3961.42,4052.07,3921.22,3983.6607108971716,,
1782890100,3961.42,3972.24,3959.9,3964.18,4052.07,3921.22,3983.151848553262,,
1782891000,3964.18,3971.34,3960.62,3970.88,4052.07,3921.22,3982.735275542005,,
1782891900,3970.88,3978.43,3968.88,3975.96,4052.07,3921.22,3982.5006734098542,,
1782892800,3975.96,3976.19,3969.3,3974.27,4052.07,3921.22,3982.2956153375308,,
1782893700,3974.27,3984.47,3974.17,3978.69,4052.07,3921.22,3982.220016862109,,
1782894600,3978.69,3979.73,3972.24,3976.82,4052.07,3921.22,3982.1137343576124,,
1782895500,3976.82,3977.44,3971.31,3974.5,4052.07,3921.22,3981.9873210563815,,
1782896400,3974.5,3977.65,3972.63,3975.65,4052.07,3921.22,3981.8668364416653,,
1782897300,3975.65,3980.43,3975.35,3978.76,4052.07,3921.22,3981.814856586895,,
1782898200,3978.76,3982.52,3977.47,3981.68,4052.07,3921.22,3981.798845216406,,
1782899100,3981.68,3986.07,3981.68,3984.37,4052.07,3921.22,3981.8284625384977,,
1782900000,3984.37,3989.62,3982.85,3984.25,4052.07,3921.22,3981.882735451618,,
1782900900,3984.25,3987.5,3981.1,3987.21,4052.07,3921.22,3981.9237208557797,,
1782901800,3987.21,3994.49,3986.37,3987.32,4052.07,3921.22,3982.041480454117,,
1782902700,3987.32,3998.44,3986.89,3998.42,4052.07,3921.22,3982.1714392043687,,
1782903600,3998.42,4019.41,3997.9,4015.9,4052.07,3921.22,3982.868129642655,,
1782904500,4015.9,4028.61,4014.92,4026.9,4052.07,3921.22,3983.9951542717354,,
1782905400,4026.9,4031.89,4023.06,4029.15,4052.07,3921.22,3985.0036255459977,,
1782906300,4029.15,4035.53,4028.6,4030.39,4052.07,3921.22,3986.056388441778,,
1782907200,4030.39,4033.98,4019.31,4021.37,4052.07,3921.22,3987.1335864641615,,
1782908100,4021.37,4030.4,4021.37,4025.87,4052.07,3921.22,3988.268195060713,,
1782909000,4025.87,4033.1,4023.05,4025.9,4052.07,3921.22,3989.567574480104,,
1782909900,4025.9,4029.02,4022.57,4022.78,4052.07,3921.22,3990.3487747932027,,
1782910800,4022.78,4024.86,4012.55,4021.34,4052.07,3921.22,3991.631960924926,,
1782911700,4021.34,4047.2,4021.28,4046.77,4052.07,3921.22,3994.183923872601,,
1782912600,4046.77,4099.87,4041.49,4097.89,4052.07,3921.22,4000.8456492316486,,
1782913500,4097.89,4108.13,4084.47,4089.3,4052.07,3921.22,4006.606852296799,,
1782914400,4089.3,4101.61,4082.92,4092.78,4052.07,3921.22,4010.8265877328695,,
1782915300,4092.78,4106.77,4089.34,4100.45,4052.07,3921.22,4014.5160669819647,,
1782916200,4100.45,4115.94,4091.9,4092.79,4052.07,3921.22,4018.062166267099,,
1782917100,4092.79,4095.18,4086.21,4093.23,4052.07,3921.22,4020.153839994992,,
1782918000,4093.23,4094.59,4081.78,4085.08,4052.07,3921.22,4021.867330190553,,
1782918900,4085.08,4091.94,4078.41,4083.93,4052.07,3921.22,4023.0663524616834,,
1782919800,4083.93,4084.16,4076.62,4082.49,4052.07,3921.22,4024.10107150288,,
1782920700,4082.49,4088.16,4079.35,4081,4052.07,3921.22,4024.8714798105652,,
1782921600,4081,4088.38,4080.99,4082.39,4052.07,3921.22,4025.6569285827673,,
1782922500,4082.39,4085.11,4080.38,4081.46,4052.07,3921.22,4026.2681005676627,,
1782923400,4081.46,4083.41,4072.85,4074.16,4052.07,3921.22,4026.779755709659,,
1782924300,4074.16,4076.35,4070.41,4071.18,4052.07,3921.22,4027.308915258171,,
1782925200,4071.18,4073.55,4067.76,4071.19,4052.07,3921.22,4027.800368893894,,
1782926100,4071.19,4071.92,4067.63,4067.91,4052.07,3921.22,4028.1973946826624,,
1782927000,4067.91,4073.26,4067.77,4070.66,4052.07,3921.22,4028.5260435027894,,
1782927900,4070.66,4072.39,4067.2,4068.11,4052.07,3921.22,4028.8076712668135,,
1782928800,4068.11,4070.61,4067.08,4068.69,4052.07,3921.22,4029.153363953724,,
1782929700,4068.69,4069.12,4061.06,4061.24,4052.07,3921.22,4029.4695852365903,,
1782930600,4061.24,4065.97,4061.24,4062.8,4052.07,3921.22,4029.72348661286,,
1782931500,4062.8,4063.15,4057.7,4062.15,4052.07,3921.22,4029.9352872029917,,
1782932400,4062.15,4068.28,4061.51,4065.31,4052.07,3921.22,4030.1859612966,,
1782933300,4065.31,4066.13,4056.49,4058.92,4052.07,3921.22,4030.3963494103314,,
1782934200,4058.92,4059.7,4052.8,4053.64,4052.07,3921.22,4030.577225866525,,
1782935100,4053.64,4054.07,4034.25,4038.75,4052.07,3921.22,4030.7129987126036,,
1782936000,4038.75,4039.7,4028.51,4035.53,4052.07,3921.22,4030.7468236509003,,
1782936900,4035.53,4039.3,4034.26,4038.49,4052.07,3921.22,4030.769341803225,,
1782937800,4038.49,4039,4033.24,4033.94,4052.07,3921.22,4030.783643575021,,
1782938700,4033.94,4035.92,4029.76,4030.76,4052.07,3921.22,4030.788353781295,,
1782943200,4030.76,4040.92,4030.76,4036.42,4052.07,3921.22,4036.0333333333333,,
1782944100,4036.42,4039.22,4034.84,4038.31,4052.07,3921.22,4036.696867954911,,
1782945000,4038.31,4040.71,4036.79,4039.87,4052.07,3921.22,4037.4779577054665,,
1782945900,4039.87,4045.07,4039.75,4044.93,4052.07,3921.22,4038.5988461651264,,
1782946800,4044.93,4045.07,4037.51,4037.76,4052.07,3921.22,4038.8938245713475,,
1782947700,4037.76,4039.42,4033.74,4037.25,4052.07,3921.22,4038.499326512234,,
1782948600,4037.25,4040.55,4034.39,4035.9,4052.07,3921.22,4038.2956964490836,,
1782949500,4035.9,4037.12,4033.07,4034.89,4052.07,3921.22,4037.5903429683012,,
1782950400,4034.89,4046.21,4030.67,4044.92,4052.07,3921.22,4038.7481488532753,,
1782951300,4044.92,4048.36,4040.26,4046.35,4052.07,3921.22,4039.8556858158563,,
1782952200,4046.35,4046.75,4037.87,4039.19,4052.07,3921.22,4040.050568583214,,
1782953100,4039.19,4052.68,4039.09,4051.87,4052.07,3921.22,4041.277457864899,,
1782954000,4051.87,4068.6,4050.44,4065.03,4052.07,3921.22,4045.6552160257284,,
1782954900,4065.03,4065.96,4049.93,4053.17,4052.07,3921.22,4047.06586014351,,
1782955800,4053.17,4055.4,4046.13,4047.64,4052.07,3921.22,4047.4423554129685,,
1782956700,4047.64,4056.4,4045.15,4050.06,4052.07,3921.22,4047.723250456257,,
1782957600,4050.06,4051.01,4041.12,4048.22,4052.07,3921.22,4047.643895068504,,
1782958500,4048.22,4054.9,4047.73,4051.63,4052.07,3921.22,4047.834818342737,,
1782959400,4051.63,4057.4,4047.6,4056.32,4052.07,3921.22,4048.2639741971243,,
1782960300,4056.32,4060.99,4054.16,4057,,,4048.772104822437,,
1782961200,4057,4059.6,4055.47,4057.57,,,4049.1826988121443,,
1782962100,4057.57,4067.28,4057.47,4065.36,,,4049.8604633167956,,
1782963000,4065.36,4067.68,4061.65,4065.48,,,4050.3731756827965,,
1782963900,4065.48,4074.17,4062.94,4069.94,,,4051.0044704209454,,
1782964800,4069.94,4072.98,4068.07,4070.03,4115.5,3998.2500000000005,4051.543645674207,,
1782965700,4070.03,4070.44,4064.01,4065.52,4115.5,3998.2500000000005,4051.8612059527222,,
1782966600,4065.52,4066.49,4061.4,4063.39,4115.5,3998.2500000000005,4052.140761019679,,
1782967500,4063.39,4065.19,4060.4,4060.81,4115.5,3998.2500000000005,4052.3510640236764,,
1782968400,4060.81,4061.39,4054.26,4055.56,4115.5,3998.2500000000005,4052.4870345141776,,
1782969300,4055.56,4062.25,4054.5,4057.45,4115.5,3998.2500000000005,4052.6424072914383,,
1782970200,4057.45,4066.18,4053.16,4061.7,4115.5,3998.2500000000005,4053.1444237257974,,
1782971100,4061.7,4067.64,4059.74,4066.01,4115.5,3998.2500000000005,4053.5907995040234,,
1782972000,4066.01,4075.85,4065.67,4068.37,4115.5,3998.2500000000005,4054.3925765711733,,
1782972900,4068.37,4079.76,4067.14,4074.07,4115.5,3998.2500000000005,4055.087989422966,,
1782973800,4074.07,4076.61,4065.96,4068.03,4115.5,3998.2500000000005,4055.6003747386517,,
1782974700,4068.03,4076.47,4066.79,4073.21,4115.5,3998.2500000000005,4056.39327580278,,
1782975600,4073.21,4074.03,4067,4067.79,4115.5,3998.2500000000005,4056.8706067016246,,
1782976500,4067.79,4068.51,4060.7,4062.28,4115.5,3998.2500000000005,4057.068225858072,,
1782977400,4062.28,4075.49,4060.81,4074.48,4115.5,3998.2500000000005,4057.423001028719,,
1782978300,4074.48,4074.97,4063.53,4064.15,4115.5,3998.2500000000005,4057.6516901153886,,
1782979200,4064.15,4074.22,4061.11,4069.74,4115.5,3998.2500000000005,4057.981386042309,,
1782980100,4069.74,4077.74,4068.69,4075.13,4115.5,3998.2500000000005,4058.375580804471,,
1782981000,4075.13,4077.79,4071.97,4075.28,4115.5,3998.2500000000005,4058.752247230504,,
1782981900,4075.28,4080.06,4072.98,4076.01,4115.5,3998.2500000000005,4059.12895378604,,
1782982800,4076.01,4077.06,4069.29,4072.16,4115.5,3998.2500000000005,4059.387909979592,,
1782983700,4072.16,4073.42,4066.13,4067.64,4115.5,3998.2500000000005,4059.540429538327,,
1782984600,4067.64,4072.19,4063.81,4069.26,4115.5,3998.2500000000005,4059.7226396822184,,
1782985500,4069.26,4072.23,4064.43,4065.28,4115.5,3998.2500000000005,4059.8416496184877,,
1782986400,4065.28,4066.52,4062.51,4063.18,4115.5,3998.2500000000005,4059.9068117648735,,
1782987300,4063.18,4067.92,4061.87,4066.18,4115.5,3998.2500000000005,4059.977090198276,,
1782988200,4066.18,4068.61,4063.11,4064.59,4115.5,3998.2500000000005,4060.047640785095,,
1782989100,4064.59,4068.12,4061.56,4066.31,4115.5,3998.2500000000005,4060.1152676890706,,
1782990000,4066.31,4067.02,4057.14,4063.15,4115.5,3998.2500000000005,4060.160304844233,,
1782990900,4063.15,4067.25,4062.46,4065.4,4115.5,3998.2500000000005,4060.231157863968,,
1782991800,4065.4,4071.58,4063.22,4070.95,4115.5,3998.2500000000005,4060.367950604847,,
1782992700,4070.95,4072.11,4065.12,4065.12,4115.5,3998.2500000000005,4060.4830204086556,,
1782993600,4065.12,4073.55,4061.24,4064.18,4115.5,3998.2500000000005,4060.6046644565276,,
1782994500,4064.18,4069.68,4061.61,4064.82,4115.5,3998.2500000000005,4060.7098407355143,,
1782995400,4064.82,4140.43,4064.59,4132.26,4115.5,3998.2500000000005,4065.7429978988625,,
1782996300,4132.26,4133.98,4112.1,4117.57,4115.5,3998.2500000000005,4068.861365852869,,
1782997200,4117.57,4129.61,4115.46,4124.23,4115.5,3998.2500000000005,4071.896234879195,,
1782998100,4124.23,4124.6,4109.19,4113.18,4115.5,3998.2500000000005,4073.388736467368,,
1782999000,4113.18,4138.32,4110.02,4134.74,4115.5,3998.2500000000005,4076.776133376449,,
1782999900,4134.74,4144.01,4132.33,4136.45,4115.5,3998.2500000000005,4079.191049243968,,
1783000800,4136.45,4138.1,4123.76,4128.52,4115.5,3998.2500000000005,4081.2291593008295,,
1783001700,4128.52,4136.34,4113.84,4116.24,4115.5,3998.2500000000005,4082.776456224372,,
1783002600,4116.24,4125.52,4114.57,4118.62,4115.5,3998.2500000000005,4084.1558850426245,,
1783003500,4118.62,4129.8,4115.58,4128.53,4115.5,3998.2500000000005,4085.497315661813,,
1783004400,4128.53,4131.53,4114.64,4126.38,4115.5,3998.2500000000005,4086.7100863506857,,
1783005300,4126.38,4131.33,4120.66,4122.37,4115.5,3998.2500000000005,4087.571746563685,,
1783006200,4122.37,4131.08,4122.37,4125.41,4115.5,3998.2500000000005,4088.333516998717,,
1783007100,4125.41,4130.16,4124.16,4128.29,4115.5,3998.2500000000005,4088.925763675462,,
1783008000,4128.29,4130.22,4121.83,4123.41,4115.5,3998.2500000000005,4089.414120570391,,
1783008900,4123.41,4123.94,4115.26,4116.37,4115.5,3998.2500000000005,4089.840018056676,,
1783009800,4116.37,4116.63,4100.29,4114.59,4115.5,3998.2500000000005,4090.2819805756194,,
1783010700,4114.59,4120.21,4113.95,4118.01,4115.5,3998.2500000000005,4090.6244043824536,,
1783011600,4118.01,4119.75,4113.31,4118.11,4115.5,3998.2500000000005,4090.987874674317,,
1783012500,4118.11,4119.74,4111.35,4112.46,4115.5,3998.2500000000005,4091.3288720081337,,
1783013400,4112.46,4114.4,4105.78,4107.26,4115.5,3998.2500000000005,4091.5990178902666,,
1783014300,4107.26,4110.29,4105.69,4106.72,4115.5,3998.2500000000005,4091.743561701435,,
1783015200,4106.72,4123.64,4105.79,4118.96,4115.5,3998.2500000000005,4092.1685803805767,,
1783016100,4118.96,4123.08,4115.5,4123.08,4115.5,3998.2500000000005,4092.4918042543604,,
1783017000,4123.08,4127.03,4121.15,4121.26,4115.5,3998.2500000000005,4092.734685569978,,
1783017900,4121.26,4124.29,4119.8,4122.54,4115.5,3998.2500000000005,4092.941717878988,,
1783018800,4122.54,4124.38,4113.08,4114.42,4115.5,3998.2500000000005,4093.2074011168265,,
1783019700,4114.42,4114.87,4108.08,4112.56,4115.5,3998.2500000000005,4093.3359657535343,,
1783020600,4112.56,4114.84,4110.82,4113.36,4115.5,3998.2500000000005,4093.4998582458784,,
1783021500,4113.36,4124.06,4112.69,4121.28,4115.5,3998.2500000000005,4093.747448236373,,
1783022400,4121.28,4122.32,4116.25,4119.9,4115.5,3998.2500000000005,4093.846454600644,,
1783023300,4119.9,4125.07,4119.14,4123.49,4115.5,3998.2500000000005,4093.918647489175,,
1783024200,4123.49,4125.07,4120.68,4120.68,4115.5,3998.2500000000005,4093.9633189157466,,
1783025100,4120.68,4124.41,4118.43,4121.86,4115.5,3998.2500000000005,4094.0140227115685,,
1783029600,4121.86,4128.3,4121.86,4124.56,4115.5,3998.2500000000005,4124.906666666667,,
1783030500,4124.56,4125.47,4122.52,4124.28,4115.5,3998.2500000000005,4124.444294091115,,
1783031400,4124.28,4126.26,4122.26,4122.83,4115.5,3998.2500000000005,4124.2454430778935,,
1783032300,4122.83,4126.34,4122.69,4124.49,4115.5,3998.2500000000005,4124.308280883269,,
1783033200,4124.49,4127.28,4124.17,4125.3,4115.5,3998.2500000000005,4124.591705036507,,
1783034100,4125.3,4130.32,4123.95,4129.83,4115.5,3998.2500000000005,4125.443719307097,,
1783035000,4129.83,4133.7,4120.96,4124.91,4115.5,3998.2500000000005,4125.806083612663,,
1783035900,4124.91,4131.65,4124.08,4126.15,4115.5,3998.2500000000005,4126.3079987415795,,
1783036800,4126.15,4136.73,4122.58,4134.7,4115.5,3998.2500000000005,4128.404633562087,,
1783037700,4134.7,4140.87,4131.44,4136.72,4115.5,3998.2500000000005,4130.200399160599,,
1783038600,4136.72,4139.63,4132.7,4136.45,4115.5,3998.2500000000005,4131.108405902033,,
1783039500,4136.45,4150.95,4135.26,4147.1,4115.5,3998.2500000000005,4133.036604009569,,
1783040400,4147.1,4179.24,4146.22,4175.84,4115.5,3998.2500000000005,4141.8727220813325,,
1783041300,4175.84,4194.21,4173.82,4187.48,4115.5,3998.2500000000005,4148.838004542848,,
1783042200,4187.48,4195.42,4178.97,4179.38,4115.5,3998.2500000000005,4153.190097890418,,
1783043100,4179.38,4184.1,4175.18,4182.31,4115.5,3998.2500000000005,4155.196987336953,,
1783044000,4182.31,4184.42,4176.75,4179.42,4115.5,3998.2500000000005,4156.824227865398,,
1783044900,4179.42,4181.35,4176.31,4179.02,4115.5,3998.2500000000005,4157.557974204841,,
1783045800,4179.02,4186.95,4177.95,4183.26,4115.5,3998.2500000000005,4158.884665765818,,
1783046700,4183.26,4186.78,4178.55,4183.25,,,4159.872845920273,,
1783047600,4183.25,4184.41,4179.69,4182.61,,,4160.68340091436,,
1783048500,4182.61,4183.54,4179.21,4181.35,,,4161.226564385445,,
1783049400,4181.35,4183.16,4176.92,4177.23,,,4161.740441199445,,
1783050300,4177.23,4179.54,4175.13,4175.97,,,4162.0131398843105,,
1783051200,4175.97,4178.99,4172.93,4177.62,4293.82,4047.8200000000006,4162.301573974162,,
1783052100,4177.62,4182.91,4176.52,4178.39,4293.82,4047.8200000000006,4162.631649299608,,
1783053000,4178.39,4178.57,4175.18,4177.15,4293.82,4047.8200000000006,4162.80737484884,,
1783053900,4177.15,4178.86,4174.52,4178.85,4293.82,4047.8200000000006,4162.985189670079,,
1783054800,4178.85,4181.16,4176.86,4178.23,4293.82,4047.8200000000006,4163.303339289244,,
1783055700,4178.23,4179.26,4172.97,4176,4293.82,4047.8200000000006,4163.560646786582,,
1783056600,4176,4181.82,4173.03,4174.97,4293.82,4047.8200000000006,4164.093401920333,,
1783057500,4174.97,4176.35,4169.03,4171.17,4293.82,4047.8200000000006,4164.314334926332,,
1783058400,4171.17,4171.8,4162.13,4162.42,4293.82,4047.8200000000006,4164.358497541941,,
1783059300,4162.42,4167.18,4160.5,4164.73,4293.82,4047.8200000000006,4164.351544928294,,
1783060200,4164.73,4173.78,4164.23,4171.07,4293.82,4047.8200000000006,4164.511805161974,,
1783061100,4171.07,4174.37,4170.22,4172.94,4293.82,4047.8200000000006,4164.7025373895585,,
1783062000,4172.94,4181.08,4171.14,4173.93,4293.82,4047.8200000000006,4164.964160186677,,
1783062900,4173.93,4176.07,4169.12,4175.35,4293.82,4047.8200000000006,4165.109266611137,,
1783063800,4175.35,4179.74,4173.64,4179.47,4293.82,4047.8200000000006,4165.3386291936495,,
1783064700,4179.47,4181.55,4174.79,4177.45,4293.82,4047.8200000000006,4165.543760904024,,
1783065600,4177.45,4185.86,4177.41,4183.94,4293.82,4047.8200000000006,4165.881319352861,,
1783066500,4183.94,4185.36,4181.1,4183.07,4293.82,4047.8200000000006,4166.167621596159,,
1783067400,4183.07,4186.55,4180.48,4184.09,4293.82,4047.8200000000006,4166.446648934662,,
1783068300,4184.09,4185.48,4176.69,4180.97,4293.82,4047.8200000000006,4166.682832571732,,
1783069200,4180.97,4181.85,4175.59,4180.4,4293.82,4047.8200000000006,4166.860616477602,,
1783070100,4180.4,4180.4,4171.07,4171.85,4293.82,4047.8200000000006,4166.974894554744,,
1783071000,4171.85,4173.06,4168.34,4172.18,4293.82,4047.8200000000006,4167.043866814453,,
1783071900,4172.18,4174.94,4171.56,4171.84,4293.82,4047.8200000000006,4167.105309626292,,
1783072800,4171.84,4180.75,4170.51,4179.69,4293.82,4047.8200000000006,4167.206144701378,,
1783073700,4179.69,4181.23,4178.05,4178.3,4293.82,4047.8200000000006,4167.315719095874,,
1783074600,4178.3,4179.01,4175.35,4177.66,4293.82,4047.8200000000006,4167.392174911841,,
1783075500,4177.66,4178.8,4174.58,4177.11,4293.82,4047.8200000000006,4167.456352241886,,
1783076400,4177.11,4183.84,4175.5,4183.42,4293.82,4047.8200000000006,4167.616306371323,,
1783077300,4183.42,4186.04,4182.6,4183.09,4293.82,4047.8200000000006,4167.7692512192625,,
1783078200,4183.09,4185.88,4182.51,4185.27,4293.82,4047.8200000000006,4167.89863365013,,
1783079100,4185.27,4186.26,4178.54,4180.95,4293.82,4047.8200000000006,4168.024790503963,,
1783080000,4180.95,4183.2,4177.83,4178.05,4293.82,4047.8200000000006,4168.176894468645,,
1783080900,4178.05,4178.37,4172.07,4174.72,4293.82,4047.8200000000006,4168.257648558662,,
1783081800,4174.72,4177.63,4172.73,4174.91,4293.82,4047.8200000000006,4168.338506371039,,
1783082700,4174.91,4177.68,4172.2,4176.71,4293.82,4047.8200000000006,4168.400678204905,,
1783083600,4176.71,4179.27,4164.43,4166.66,4293.82,4047.8200000000006,4168.448669853776,,
1783084500,4166.66,4172.25,4166.49,4171.55,4293.82,4047.8200000000006,4168.476440746578,,
1783085400,4171.55,4171.8,4165.06,4166.88,4293.82,4047.8200000000006,4168.466034370327,,
1783086300,4166.88,4168.8,4163.46,4164.66,4293.82,4047.8200000000006,4168.421228902033,,
1783087200,4164.66,4167.06,4155.28,4162.08,4293.82,4047.8200000000006,4168.285484865313,,
1783088100,4162.08,4166.67,4161.25,4166.15,4293.82,4047.8200000000006,4168.2349008918945,,
1783089000,4166.15,4167.27,4163.32,4163.96,4293.82,4047.8200000000006,4168.199376716226,,
1783089900,4163.96,4171.23,4163.61,4169.72,4293.82,4047.8200000000006,4168.199252338827,,
1783090800,4169.72,4174.1,4168.53,4172.21,4293.82,4047.8200000000006,4168.235451805418,,
1783091700,4172.21,4174.34,4166.86,4167.38,4293.82,4047.8200000000006,4168.247126258038,,
1783092600,4167.38,4169,4165.93,4167.77,4293.82,4047.8200000000006,4168.241610322694,,
1783093500,4167.77,4168.94,4164.41,4164.75,4293.82,4047.8200000000006,4168.226913716807,,
1783094400,4164.75,4165.81,4163.09,4164.14,4293.82,4047.8200000000006,4168.200178379383,,
1783095300,4164.14,4167.63,4162.82,4166.74,4293.82,4047.8200000000006,4168.185721030819,,
1783096200,4166.74,4170.46,4166.72,4170.2,4293.82,4047.8200000000006,4168.192141229718,,
1783097100,4170.2,4176.39,4169.74,4174.8,4293.82,4047.8200000000006,4168.237129136056,,
1783098000,4174.8,4174.85,4174.06,4174.44,4293.82,4047.8200000000006,4168.23849020217,,
1783288800,4174.44,4185.66,4172.6,4180.89,,,4179.716666666667,,
1783289700,4180.89,4185.71,4176.88,4184.47,,,4180.591739384177,,
1783290600,4184.47,4191.28,4182.78,4188.42,,,4182.4294691948,,
1783291500,4188.42,4189.78,4182.85,4187.71,,,4183.243274155145,,
1783292400,4187.71,4191.43,4186.48,4187.26,,,4183.9720614601265,,
1783293300,4187.26,4201.89,4186.3,4200.35,,,4185.726655101477,,
1783294200,4200.35,4201.27,4193.05,4196.24,,,4187.452705993238,,
1783295100,4196.24,4197.12,4176.74,4182.85,,,4186.961339327366,,
1783296000,4182.85,4185.4,4169.91,4174.59,,,4184.165205840138,,
1783296900,4174.59,4181.74,4170.79,4174.45,,,4182.768176142516,,
1783297800,4174.45,4187.39,4173.81,4185.8,,,4182.7077858046,,
1783298700,4185.8,4188.96,4174.14,4179.54,,,4182.495259752577,,
1783299600,4179.54,4192.7,4172.18,4188.67,,,4182.831296735611,,
1783300500,4188.67,4192.86,4180.21,4189.59,,,4183.398507876455,,
1783301400,4189.59,4200.63,4187.27,4198.19,,,4184.747683224434,,
1783302300,4198.19,4203.08,4184.71,4185.98,,,4185.338540272223,,
1783303200,4185.98,4187.83,4177.14,4180.88,,,4185.088886175494,,
1783304100,4180.88,4186.07,4175.7,4177.67,,,4184.8310481987855,,
1783305000,4177.67,4178.67,4168.23,4172.3,,,4184.006138663517,,
1783305900,4172.3,4175.9,4169.87,4174.12,,,4183.483035624954,,
1783306800,4174.12,4176.48,4165.5,4166.42,,,4182.832955846221,,
1783307700,4166.42,4167.73,4162.52,4165.62,,,4182.275634936861,,
1783308600,4165.62,4169.3,4161.21,4162.96,,,4181.798183180307,,
1783309500,4162.96,4166.94,4160.91,4165.25,,,4181.395813647681,,
1783310400,4165.25,4166.53,4160.86,4163.34,4264.879999999999,4110.380000000001,4181.02766710377,,
1783311300,4163.34,4164.55,4160.12,4161.02,4264.879999999999,4110.380000000001,4180.725475363617,,
1783312200,4161.02,4162.28,4157.18,4160.11,4264.879999999999,4110.380000000001,4180.314110678435,,
1783313100,4160.11,4161.1,4157.89,4159.61,4264.879999999999,4110.380000000001,4179.991001487662,,
1783314000,4159.61,4161.04,4151.28,4152.18,4264.879999999999,4110.380000000001,4179.364096629145,,
1783314900,4152.18,4154.37,4150.53,4152.55,4264.879999999999,4110.380000000001,4178.925228433677,,
1783315800,4152.55,4160.39,4149.27,4155.4,4264.879999999999,4110.380000000001,4177.962853969801,,
1783316700,4155.4,4156.96,4144.45,4147.64,4264.879999999999,4110.380000000001,4176.970871903002,,
1783317600,4147.64,4152.1,4145.56,4151.75,4264.879999999999,4110.380000000001,4176.223798182367,,
1783318500,4151.75,4156.7,4147.82,4156.4,4264.879999999999,4110.380000000001,4175.73794642714,,
1783319400,4156.4,4159.47,4153.06,4155.73,4264.879999999999,4110.380000000001,4175.300612118596,,
1783320300,4155.73,4156.8,4148.84,4150.38,4264.879999999999,4110.380000000001,4174.850010311096,,
1783321200,4150.38,4153.39,4147.04,4150.85,4264.879999999999,4110.380000000001,4174.284848448703,,
1783322100,4150.85,4155.75,4150.19,4152.85,4264.879999999999,4110.380000000001,4173.875286526172,,
1783323000,4152.85,4164.32,4151.06,4163.46,4264.879999999999,4110.380000000001,4173.647538366028,,
1783323900,4163.46,4166.25,4161.98,4164.26,4264.879999999999,4110.380000000001,4173.519882900868,,
1783324800,4164.26,4165.88,4157.11,4157.94,4264.879999999999,4110.380000000001,4173.292969210187,,
1783325700,4157.94,4158.7,4153.42,4155.39,4264.879999999999,4110.380000000001,4173.051280880883,,
1783326600,4155.39,4155.91,4148.32,4149.06,4264.879999999999,4110.380000000001,4172.752351256901,,
1783327500,4149.06,4152.74,4147.14,4150.39,4264.879999999999,4110.380000000001,4172.461669882254,,
1783328400,4150.39,4151.29,4147.72,4149.61,4264.879999999999,4110.380000000001,4172.219334898205,,
1783329300,4149.61,4149.74,4141.44,4143.55,4264.879999999999,4110.380000000001,4171.833173560221,,
1783330200,4143.55,4143.55,4136.14,4139.38,4264.879999999999,4110.380000000001,4171.230506460325,,
1783331100,4139.38,4144.68,4139.04,4143.18,4264.879999999999,4110.380000000001,4170.90985504567,,
1783332000,4143.18,4148.69,4142.11,4148.39,4264.879999999999,4110.380000000001,4170.6925547940555,,
1783332900,4148.39,4150.86,4147.43,4148.9,4264.879999999999,4110.380000000001,4170.475044887606,,
1783333800,4148.9,4155.64,4148.66,4154.37,4264.879999999999,4110.380000000001,4170.286591910455,,
1783334700,4154.37,4155.81,4152.3,4154.85,4264.879999999999,4110.380000000001,4170.094823098172,,
1783335600,4154.85,4156.26,4151.38,4154.76,4264.879999999999,4110.380000000001,4169.865225977804,,
1783336500,4154.76,4159.57,4153.63,4154.9,4264.879999999999,4110.380000000001,4169.703084896898,,
1783337400,4154.9,4158.72,4152.44,4153.6,4264.879999999999,4110.380000000001,4169.559807954616,,
1783338300,4153.6,4155.88,4151.84,4155.27,4264.879999999999,4110.380000000001,4169.391249618427,,
1783339200,4155.27,4158.42,4153.64,4156.1,4264.879999999999,4110.380000000001,4169.2067679475595,,
1783340100,4156.1,4157.51,4144.99,4145.68,4264.879999999999,4110.380000000001,4168.812720708435,,
1783341000,4145.68,4146.27,4131.42,4133.43,4264.879999999999,4110.380000000001,4168.108009083997,,
1783341900,4133.43,4142.67,4133.17,4139.5,4264.879999999999,4110.380000000001,4167.562460419209,,
1783342800,4139.5,4148.34,4136.81,4141.17,4264.879999999999,4110.380000000001,4166.928059210996,,
1783343700,4141.17,4148.6,4138.44,4142.15,4264.879999999999,4110.380000000001,4166.435163675412,,
1783344600,4142.15,4150.43,4141.77,4148.94,4264.879999999999,4110.380000000001,4165.732838520616,,
1783345500,4148.94,4149.44,4135.97,4140.44,4264.879999999999,4110.380000000001,4165.054353043424,,
1783346400,4140.44,4147.1,4133.52,4140.34,4264.879999999999,4110.380000000001,4164.270926088217,,
1783347300,4140.34,4140.76,4132.31,4137.17,4264.879999999999,4110.380000000001,4163.6123958274375,,
1783348200,4137.17,4141.82,4128.33,4130.08,4264.879999999999,4110.380000000001,4162.97315728411,,
1783349100,4130.08,4138.26,4128.93,4138.12,4264.879999999999,4110.380000000001,4162.480169447165,,
1783350000,4138.12,4146.58,4137.44,4139.66,4264.879999999999,4110.380000000001,4162.161413939227,,
1783350900,4139.66,4150.92,4138.67,4150.46,4264.879999999999,4110.380000000001,4161.918271086831,,
1783351800,4150.46,4151.99,4147.09,4149.81,4264.879999999999,4110.380000000001,4161.751049916535,,
1783352700,4149.81,4150.41,4144.68,4148.2,4264.879999999999,4110.380000000001,4161.626770085892,,
1783353600,4148.2,4148.41,4140.34,4140.67,4264.879999999999,4110.380000000001,4161.46763072528,,
1783354500,4140.67,4146.48,4140.19,4145.66,4264.879999999999,4110.380000000001,4161.316969155382,,
1783355400,4145.66,4150.32,4145.24,4149.32,4264.879999999999,4110.380000000001,4161.191268230015,,
1783356300,4149.32,4156.23,4148.56,4154.93,4264.879999999999,4110.380000000001,4161.112462193618,,
1783357200,4154.93,4156.2,4152.31,4153.49,4264.879999999999,4110.380000000001,4161.033028774073,,
1783358100,4153.49,4159.51,4150.21,4155.45,4264.879999999999,4110.380000000001,4160.955412713572,,
1783359000,4155.45,4159.26,4154.74,4156.75,4264.879999999999,4110.380000000001,4160.909883857494,,
1783359900,4156.75,4161.6,4156.22,4161.08,4264.879999999999,4110.380000000001,4160.896994532999,,
1783360800,4161.08,4161.92,4155.29,4158.17,4264.879999999999,4110.380000000001,4160.875404490017,,
1783361700,4158.17,4162.98,4158.17,4161.75,4264.879999999999,4110.380000000001,4160.875986437092,,
1783362600,4161.75,4167.51,4159.56,4164.09,4264.879999999999,4110.380000000001,4160.897869381003,,
1783363500,4164.09,4165.21,4162.01,4163.79,4264.879999999999,4110.380000000001,4160.915895004697,,
1783364400,4163.79,4165.48,4158.78,4159.35,4264.879999999999,4110.380000000001,4160.917636459955,,
1783365300,4159.35,4163.36,4158.71,4162.78,4264.879999999999,4110.380000000001,4160.92192831989,,
1783366200,4162.78,4163.1,4159.72,4161.22,4264.879999999999,4110.380000000001,4160.924804404012,,
1783367100,4161.22,4165.06,4161.06,4163.67,4264.879999999999,4110.380000000001,4160.948327216348,,
1783368000,4163.67,4164.53,4160.82,4160.91,4264.879999999999,4110.380000000001,4160.951920010509,,
1783368900,4160.91,4163.29,4160.6,4162.94,4264.879999999999,4110.380000000001,4160.954275827686,,
1783369800,4162.94,4164.84,4162.49,4163,4264.879999999999,4110.380000000001,4160.958043742783,,
1783370700,4163,4165.67,4162.81,4164.32,4264.879999999999,4110.380000000001,4160.965717480669,,
1783375200,4164.32,4167.51,4163.45,4165.96,4264.879999999999,4110.380000000001,4165.639999999999,,
1783376100,4165.96,4167.4,4164.92,4166.08,4264.879999999999,4110.380000000001,4165.811362179486,,
1783377000,4166.08,4168.42,4166.03,4167.12,4264.879999999999,4110.380000000001,4166.34457772864,,
1783377900,4167.12,4167.69,4163.94,4163.94,4264.879999999999,4110.380000000001,4166.064880387228,,
1783378800,4163.94,4165.75,4162.9,4165.62,4264.879999999999,4110.380000000001,4165.763482341142,,
1783379700,4165.62,4165.72,4162.79,4163.02,4264.879999999999,4110.380000000001,4165.484640090628,,
1783380600,4163.02,4165.35,4160.66,4161.78,4264.879999999999,4110.380000000001,4165.0417531171415,,
1783381500,4161.78,4163.86,4156.69,4157.18,4264.879999999999,4110.380000000001,4163.373270189431,,
1783382400,4157.18,4158.29,4152.57,4155.95,4264.879999999999,4110.380000000001,4160.532648113009,,
1783383300,4155.95,4160.67,4151.89,4159.72,4264.879999999999,4110.380000000001,4159.697327647477,,
1783384200,4159.72,4162.58,4148.29,4149.63,4264.879999999999,4110.380000000001,4158.483234664298,,
1783385100,4149.63,4153.77,4145.14,4146.03,4264.879999999999,4110.380000000001,4156.663232309527,,
1783386000,4146.03,4147.99,4137.45,4141.5,4264.879999999999,4110.380000000001,4152.772991070508,,
1783386900,4141.5,4142.88,4125.54,4132.71,4264.879999999999,4110.380000000001,4149.614438382255,,
1783387800,4132.71,4142.1,4132.24,4142.03,4264.879999999999,4110.380000000001,4148.418409539886,,
1783388700,4142.03,4146.11,4140.48,4141.83,4264.879999999999,4110.380000000001,4147.982638680871,,
1783389600,4141.83,4144.6,4137.58,4142.49,4264.879999999999,4110.380000000001,4147.544657383387,,
1783390500,4142.49,4145.31,4137.42,4140.64,4264.879999999999,4110.380000000001,4147.258791097851,,
1783391400,4140.64,4144.68,4136.11,4139.49,4264.879999999999,4110.380000000001,4146.860746933828,,
1783392300,4139.49,4139.72,4131.19,4136.56,,,4146.240067063766,,
1783393200,4136.56,4140.02,4134.85,4136.7,,,4145.803253038485,,
1783394100,4136.7,4137.74,4129.15,4132.01,,,4145.071610475604,,
1783395000,4132.01,4134.74,4126.91,4129.66,,,4144.5282355307945,,
1783395900,4129.66,4131.58,4124.36,4130.99,,,4144.019475716818,,
1783396800,4130.99,4141.37,4130.49,4136.28,4192.889999999999,4080.6400000000003,4143.741357986567,,
1783397700,4136.28,4137.66,4130.67,4132.14,4192.889999999999,4080.6400000000003,4143.444063212343,,
1783398600,4132.14,4132.43,4128.84,4128.87,4192.889999999999,4080.6400000000003,4143.075740013163,,
1783399500,4128.87,4131.33,4125.97,4126.75,4192.889999999999,4080.6400000000003,4142.7671830616555,,
1783400400,4126.75,4131.38,4121.88,4122.31,4192.889999999999,4080.6400000000003,4142.159287624004,,
1783401300,4122.31,4128.61,4120.7,4128.16,4192.889999999999,4080.6400000000003,4141.4773512518705,,
1783402200,4128.16,4128.51,4116.43,4122.67,4192.889999999999,4080.6400000000003,4139.911707200215,,
1783403100,4122.67,4127.2,4120.34,4123.7,4192.889999999999,4080.6400000000003,4139.180056055617,,
1783404000,4123.7,4129.15,4121.52,4123.39,4192.889999999999,4080.6400000000003,4138.591466228331,,
1783404900,4123.39,4129.64,4123.09,4126.51,4192.889999999999,4080.6400000000003,4138.19363348518,,
1783405800,4126.51,4132.34,4124.8,4132.23,4192.889999999999,4080.6400000000003,4137.939267303169,,
1783406700,4132.23,4132.72,4128.3,4130.42,4192.889999999999,4080.6400000000003,4137.744853378504,,
1783407600,4130.42,4131.34,4124.38,4129.52,4192.889999999999,4080.6400000000003,4137.513690630296,,
1783408500,4129.52,4132.23,4125.95,4126.51,4192.889999999999,4080.6400000000003,4137.3090423454605,,
1783409400,4126.51,4131.19,4125.73,4130.19,4192.889999999999,4080.6400000000003,4137.168751191377,,
1783410300,4130.19,4133.47,4124.4,4124.8,4192.889999999999,4080.6400000000003,4136.944977596156,,
1783411200,4124.8,4139.19,4124.35,4136.87,4192.889999999999,4080.6400000000003,4136.8439248808745,,
1783412100,4136.87,4138.72,4133.9,4138.49,4192.889999999999,4080.6400000000003,4136.848265071641,,
1783413000,4138.49,4139.2,4128.76,4131.13,4192.889999999999,4080.6400000000003,4136.776745965991,,
1783413900,4131.13,4131.14,4121.81,4126.03,4192.889999999999,4080.6400000000003,4136.553653025401,,
1783414800,4126.03,4129.11,4124.35,4127.4,4192.889999999999,4080.6400000000003,4136.374875444977,,
1783415700,4127.4,4130.97,4119.73,4121.64,4192.889999999999,4080.6400000000003,4136.156021504452,,
1783416600,4121.64,4133.81,4121.61,4132.8,4192.889999999999,4080.6400000000003,4136.030512349389,,
1783417500,4132.8,4133.14,4124.84,4131.06,4192.889999999999,4080.6400000000003,4135.9246862666005,,
1783418400,4131.06,4134.99,4131.04,4132.34,4192.889999999999,4080.6400000000003,4135.874604708608,,
1783419300,4132.34,4138.81,4131.88,4137.38,4192.889999999999,4080.6400000000003,4135.876592889615,,
1783420200,4137.38,4137.49,4134.38,4135.49,4192.889999999999,4080.6400000000003,4135.875510092858,,
1783421100,4135.49,4137.16,4133.51,4135.61,4192.889999999999,4080.6400000000003,4135.870236095034,,
1783422000,4135.61,4136.23,4131.59,4133.19,4192.889999999999,4080.6400000000003,4135.834247111572,,
1783422900,4133.19,4145.4,4133.06,4143.02,4192.889999999999,4080.6400000000003,4135.923647759493,,
1783423800,4143.02,4148.91,4139.31,4148.26,4192.889999999999,4080.6400000000003,4136.0839452346745,,
1783424700,4148.26,4157.89,4146.9,4156.7,4192.889999999999,4080.6400000000003,4136.422322389789,,
1783425600,4156.7,4174.61,4154.53,4173.18,4192.889999999999,4080.6400000000003,4137.404030656547,,
1783426500,4173.18,4175.13,4162.96,4165.89,4192.889999999999,4080.6400000000003,4138.278659808464,,
1783427400,4165.89,4168.22,4161.44,4166.37,4192.889999999999,4080.6400000000003,4138.88821196247,,
1783428300,4166.37,4172.72,4164.19,4172.3,4192.889999999999,4080.6400000000003,4139.527698453445,,
1783429200,4172.3,4178.37,4160,4171.36,4192.889999999999,4080.6400000000003,4140.981468764144,,
1783430100,4171.36,4172.43,4164.09,4166.49,4192.889999999999,4080.6400000000003,4141.64727264147,,
1783431000,4166.49,4180.51,4163.46,4177.42,4192.889999999999,4080.6400000000003,4143.316808212325,,
1783431900,4177.42,4179.98,4155.96,4158.6,4192.889999999999,4080.6400000000003,4144.209594619108,,
1783432800,4158.6,4163.81,4150.9,4152.35,4192.889999999999,4080.6400000000003,4144.782412716221,,
1783433700,4152.35,4159.77,4151.07,4158.07,4192.889999999999,4080.6400000000003,4145.253117630386,,
1783434600,4158.07,4159.26,4143.46,4152.24,4192.889999999999,4080.6400000000003,4145.474844748782,,
1783435500,4152.24,4157.57,4151.82,4154.11,4192.889999999999,4080.6400000000003,4145.762518033057,,
1783436400,4154.11,4155.66,4148.1,4148.74,4192.889999999999,4080.6400000000003,4145.931027128443,,
1783437300,4148.74,4149.02,4141.68,4143.02,4192.889999999999,4080.6400000000003,4145.895681919169,,
1783438200,4143.02,4148.37,4142.13,4146.58,4192.889999999999,4080.6400000000003,4145.891691135845,,
1783439100,4146.58,4148.07,4135.75,4138.89,4192.889999999999,4080.6400000000003,4145.785687528988,,
1783440000,4138.89,4143.65,4136.89,4141.09,4192.889999999999,4080.6400000000003,4145.70793649613,,
1783440900,4141.09,4147.15,4140.69,4145.92,4192.889999999999,4080.6400000000003,4145.692679720196,,
1783441800,4145.92,4146.62,4142.27,4143.14,4192.889999999999,4080.6400000000003,4145.67528042177,,
1783442700,4143.14,4146.7,4140.89,4145.09,4192.889999999999,4080.6400000000003,4145.662795017614,,
1783443600,4145.09,4146.93,4142.17,4143,4192.889999999999,4080.6400000000003,4145.648640396159,,
1783444500,4143,4146.75,4140.51,4146.1,4192.889999999999,4080.6400000000003,4145.635256548992,,
1783445400,4146.1,4148.2,4144.49,4147.03,4192.889999999999,4080.6400000000003,4145.645367821038,,
1783446300,4147.03,4147.42,4142.91,4144.51,4192.889999999999,4080.6400000000003,4145.639260446522,,
1783447200,4144.51,4145.24,4140.87,4142.23,4192.889999999999,4080.6400000000003,4145.604437722782,,
1783448100,4142.23,4144.25,4140.04,4141.67,4192.889999999999,4080.6400000000003,4145.565050686165,,
1783449000,4141.67,4142.28,4136.11,4141.87,4192.889999999999,4080.6400000000003,4145.509955961224,,
1783449900,4141.87,4142.6,4124.99,4126.99,4192.889999999999,4080.6400000000003,4145.130106223969,,
1783450800,4126.99,4127.82,4103.18,4105.89,4192.889999999999,4080.6400000000003,4144.157824444522,,
1783451700,4105.89,4106.89,4092.25,4103.45,4192.889999999999,4080.6400000000003,4142.973371408875,,
1783452600,4103.45,4114.98,4103.32,4109.1,4192.889999999999,4080.6400000000003,4142.438889412426,,
1783453500,4109.1,4117.7,4108.09,4114.14,4192.889999999999,4080.6400000000003,4142.017439318418,,
1783454400,4114.14,4115.8,4112.23,4112.82,4192.889999999999,4080.6400000000003,4141.86024527031,,
1783455300,4112.82,4113.1,4106.37,4110.89,4192.889999999999,4080.6400000000003,4141.738731716734,,
1783456200,4110.89,4111.21,4104.5,4105.89,4192.889999999999,4080.6400000000003,4141.61361499492,,
1783457100,4105.89,4106.91,4103.57,4105.63,4192.889999999999,4080.6400000000003,4141.4803603694245,,
1783461600,4105.63,4106.23,4093.48,4103.83,4192.889999999999,4080.6400000000003,4101.179999999999,,
1783462500,4103.83,4104.1,4099.57,4099.58,4192.889999999999,4080.6400000000003,4101.150012473493,,
1783463400,4099.58,4102.64,4098.64,4100.88,4192.889999999999,4080.6400000000003,4101.023069010988,,
1783464300,4100.88,4100.88,4095.67,4098.54,4192.889999999999,4080.6400000000003,4100.278417099211,,
1783465200,4098.54,4107.8,4095.82,4105.99,4192.889999999999,4080.6400000000003,4101.16253187292,,
1783466100,4105.99,4106.45,4100.82,4104.85,4192.889999999999,4080.6400000000003,4101.6265296042475,,
1783467000,4104.85,4105.41,4097.26,4098.39,4192.889999999999,4080.6400000000003,4101.463473298881,,
1783467900,4098.39,4101.34,4095.83,4098.51,4192.889999999999,4080.6400000000003,4100.924882095534,,
1783468800,4098.51,4103.93,4096.8,4100.2,4192.889999999999,4080.6400000000003,4100.721223227062,,
1783469700,4100.2,4107.95,4098.97,4105.42,4192.889999999999,4080.6400000000003,4101.417592820455,,
1783470600,4105.42,4126.79,4103.8,4123.22,4192.889999999999,4080.6400000000003,4104.640722450434,,
1783471500,4123.22,4125.13,4110.9,4111.52,4192.889999999999,4080.6400000000003,4106.188254516412,,
1783472400,4111.52,4117.8,4097.8,4108.39,4192.889999999999,4080.6400000000003,4106.633082423906,,
1783473300,4108.39,4110.37,4102.09,4102.54,4192.889999999999,4080.6400000000003,4106.450002576125,,
1783474200,4102.54,4105.9,4096.25,4103.3,4192.889999999999,4080.6400000000003,4105.884261890373,,
1783475100,4103.3,4112.92,4102.25,4111.18,4192.889999999999,4080.6400000000003,4106.18281302102,,
1783476000,4111.18,4117.97,4105.75,4112.06,4192.889999999999,4080.6400000000003,4106.627745689195,,
1783476900,4112.06,4124.94,4111.89,4118.83,4192.889999999999,4080.6400000000003,4107.241559953278,,
1783477800,4118.83,4121.09,4116.16,4120.19,4192.889999999999,4080.6400000000003,4107.904234961824,,
1783478700,4120.19,4120.75,4113.35,4114.5,,,4108.242323548449,,
1783479600,4114.5,4130.77,4114.43,4128.11,,,4109.220763263312,,
1783480500,4128.11,4130.72,4124.57,4129.86,,,4109.812544250483,,
1783481400,4129.86,4131.1,4125.45,4126.52,,,4110.315623275754,,
1783482300,4126.52,4129.14,4122.73,4123.46,,,4110.679814052768,,
1783483200,4123.46,4128.83,4121.59,4124.23,4160.900000000001,4053.1499999999996,4110.994877593127,,
1783484100,4124.23,4127.42,4120.25,4125.85,4160.900000000001,4053.1499999999996,4111.36319327815,,
1783485000,4125.85,4128.15,4122.03,4125.12,4160.900000000001,4053.1499999999996,4111.746483594703,,
1783485900,4125.12,4126.95,4123.65,4125.13,4160.900000000001,4053.1499999999996,4112.052194240661,,
1783486800,4125.13,4134.01,4124.75,4125.67,4160.900000000001,4053.1499999999996,4112.595369990141,,
1783487700,4125.67,4129.46,4121.87,4121.89,4160.900000000001,4053.1499999999996,4112.948034321295,,
1783488600,4121.89,4131.67,4121.05,4128.14,4160.900000000001,4053.1499999999996,4113.648117852021,,
1783489500,4128.14,4129.96,4124.59,4127.74,4160.900000000001,4053.1499999999996,4114.1287592314775,,
1783490400,4127.74,4131.84,4122.02,4131.54,4160.900000000001,4053.1499999999996,4114.66406651771,,
1783491300,4131.54,4133.56,4128.66,4129.45,4160.900000000001,4053.1499999999996,4115.119726333516,,
1783492200,4129.45,4129.82,4124.53,4126.55,4160.900000000001,4053.1499999999996,4115.434825734037,,
1783493100,4126.55,4127.12,4123.37,4123.57,4160.900000000001,4053.1499999999996,4115.647714513814,,
1783494000,4123.57,4125.26,4116.25,4117.91,4160.900000000001,4053.1499999999996,4115.746785776637,,
1783494900,4117.91,4121.17,4114.66,4120.22,4160.900000000001,4053.1499999999996,4115.810768000517,,
1783495800,4120.22,4127.16,4118.15,4127.13,4160.900000000001,4053.1499999999996,4115.966125910458,,
1783496700,4127.13,4127.23,4118.9,4121.31,4160.900000000001,4053.1499999999996,4116.085063479993,,
1783497600,4121.31,4121.36,4116.49,4117.64,4160.900000000001,4053.1499999999996,4116.132530395965,,
1783498500,4117.64,4120.79,4080.61,4088.41,4160.900000000001,4053.1499999999996,4114.231043961233,,
1783499400,4088.41,4092.03,4060.58,4065.67,4160.900000000001,4053.1499999999996,4111.248040240368,,
1783500300,4065.67,4076.18,4052.06,4056.82,4160.900000000001,4053.1499999999996,4108.242071781413,,
1783501200,4056.82,4056.83,4050.18,4055.85,4160.900000000001,4053.1499999999996,4105.8710414965335,,
1783502100,4055.85,4061.01,4053.71,4056.62,4160.900000000001,4053.1499999999996,4104.392017496296,,
1783503000,4056.62,4058.58,4044.58,4048.48,4160.900000000001,4053.1499999999996,4102.743194987573,,
1783503900,4048.48,4052.76,4041.3,4043.24,4160.900000000001,4053.1499999999996,4101.426513393403,,
1783504800,4043.24,4048.46,4040.36,4044.75,4160.900000000001,4053.1499999999996,4100.296040029379,,
1783505700,4044.75,4055.79,4043.22,4050.71,4160.900000000001,4053.1499999999996,4099.330352148016,,
1783506600,4050.71,4058.42,4049.99,4057.16,4160.900000000001,4053.1499999999996,4098.502914520019,,
1783507500,4057.16,4058.54,4052.95,4053.08,4160.900000000001,4053.1499999999996,4097.810892685648,,
1783508400,4053.08,4057.22,4048.09,4050.7,4160.900000000001,4053.1499999999996,4097.111022218673,,
1783509300,4050.7,4054.53,4047.63,4049.9,4160.900000000001,4053.1499999999996,4096.385882482601,,
1783510200,4049.9,4064.94,4041.31,4064.33,4160.900000000001,4053.1499999999996,4095.530848179523,,
1783511100,4064.33,4072.74,4059.19,4062.13,4160.900000000001,4053.1499999999996,4094.6381294811504,,
1783512000,4062.13,4073.65,4058.78,4071.94,4160.900000000001,4053.1499999999996,4094.028365473626,,
1783512900,4071.94,4077.75,4065.67,4070.89,4160.900000000001,4053.1499999999996,4093.558715459569,,
1783513800,4070.89,4078.31,4067.96,4078.02,4160.900000000001,4053.1499999999996,4093.0772817067655,,
1783514700,4078.02,4086.33,4070.86,4072.43,4160.900000000001,4053.1499999999996,4092.6394197776626,,
1783515600,4072.43,4083.15,4069.46,4072.09,4160.900000000001,4053.1499999999996,4092.0287272658206,,
1783516500,4072.09,4075.99,4065.09,4066.63,4160.900000000001,4053.1499999999996,4091.410604841393,,
1783517400,4066.63,4080.27,4066.63,4073.22,4160.900000000001,4053.1499999999996,4090.573161575969,,
1783518300,4073.22,4079.21,4068.22,4070.62,4160.900000000001,4053.1499999999996,4089.9766843569114,,
1783519200,4070.62,4071.43,4056.94,4057.59,4160.900000000001,4053.1499999999996,4089.1375944180186,,
1783520100,4057.59,4065.4,4051.44,4060.16,4160.900000000001,4053.1499999999996,4088.205631213591,,
1783521000,4060.16,4061.36,4035.22,4036.25,4160.900000000001,4053.1499999999996,4086.8317242755847,,
1783521900,4036.25,4046.24,4033.59,4040.71,4160.900000000001,4053.1499999999996,4085.5656202162104,,
1783522800,4040.71,4043.8,4033.43,4033.6,4160.900000000001,4053.1499999999996,4084.388952564854,,
1783523700,4033.6,4035.97,4026.31,4030.74,4160.900000000001,4053.1499999999996,4083.0728889726693,,
1783524600,4030.74,4033.65,4021.43,4032.9,4160.900000000001,4053.1499999999996,4081.956602769276,,
1783525500,4032.9,4038.41,4029.83,4034.17,4160.900000000001,4053.1499999999996,4081.1238313043905,,
1783526400,4034.17,4042.8,4033.04,4039.36,4160.900000000001,4053.1499999999996,4080.3590677024595,,
1783527300,4039.36,4045.03,4037.62,4043.4,4160.900000000001,4053.1499999999996,4079.916546701775,,
1783528200,4043.4,4057.5,4039.41,4056.49,4160.900000000001,4053.1499999999996,4079.325214500719,,
1783529100,4056.49,4064.4,4053.46,4063.5,4160.900000000001,4053.1499999999996,4079.062144205189,,
1783530000,4063.5,4070.39,4059.5,4064.84,4160.900000000001,4053.1499999999996,4078.868563478396,,
1783530900,4064.84,4073.8,4063.31,4073.08,4160.900000000001,4053.1499999999996,4078.756840701143,,
1783531800,4073.08,4076.45,4068.74,4069.87,4160.900000000001,4053.1499999999996,4078.69432780843,,
1783532700,4069.87,4070.33,4064.24,4065.21,4160.900000000001,4053.1499999999996,4078.602823886938,,
1783533600,4065.21,4075.67,4063.05,4075.2,4160.900000000001,4053.1499999999996,4078.4924347839765,,
1783534500,4075.2,4075.34,4067.41,4069.59,4160.900000000001,4053.1499999999996,4078.4128839043606,,
1783535400,4069.59,4079.47,4066.99,4079.44,4160.900000000001,4053.1499999999996,4078.376244970068,,
1783536300,4079.44,4091.55,4078.71,4084.32,4160.900000000001,4053.1499999999996,4078.4472120908677,,
1783537200,4084.32,4091.03,4084.32,4087.44,4160.900000000001,4053.1499999999996,4078.546963501321,,
1783538100,4087.44,4088.55,4084.66,4088.26,4160.900000000001,4053.1499999999996,4078.609457188969,,
1783539000,4088.26,4091.17,4083.28,4084.09,4160.900000000001,4053.1499999999996,4078.6638834960977,,
1783539900,4084.09,4084.36,4078.25,4079.8,4160.900000000001,4053.1499999999996,4078.686162517415,,
1783540800,4079.8,4083.56,4076.15,4078.96,4160.900000000001,4053.1499999999996,4078.690162885441,,
1783541700,4078.96,4079.7,4074.27,4076.9,4160.900000000001,4053.1499999999996,4078.684575961051,,
1783542600,4076.9,4078.6,4071.4,4074.74,4160.900000000001,4053.1499999999996,4078.672118092517,,
1783543500,4074.74,4079.91,4074.03,4075.27,4160.900000000001,4053.1499999999996,4078.666237646916,,
1783548000,4075.27,4079.49,4072.2,4077.09,4160.900000000001,4053.1499999999996,4076.2599999999998,,
1783548900,4077.09,4078.57,4073.12,4073.98,4160.900000000001,4053.1499999999996,4075.6977611081606,,
1783549800,4073.98,4079.21,4073.2,4076.27,4160.900000000001,4053.1499999999996,4075.8842464615204,,
1783550700,4076.27,4079.78,4075.8,4076.58,4160.900000000001,4053.1499999999996,4076.173594512689,,
1783551600,4076.58,4077.33,4073.58,4076.62,4160.900000000001,4053.1499999999996,4076.1207296220728,,
1783552500,4076.62,4077.92,4075.02,4077.66,4160.900000000001,4053.1499999999996,4076.2044564617395,,
1783553400,4077.66,4077.66,4073.46,4075.07,4160.900000000001,4053.1499999999996,4076.074260537396,,
1783554300,4075.07,4077.64,4071.54,4076.28,4160.900000000001,4053.1499999999996,4075.908249178617,,
1783555200,4076.28,4087.61,4076.06,4087.6,4160.900000000001,4053.1499999999996,4078.627388820415,,
1783556100,4087.6,4089.9,4073.91,4077.84,4160.900000000001,4053.1499999999996,4079.0188544618327,,
1783557000,4077.84,4081.73,4075.31,4076.9,4160.900000000001,4053.1499999999996,4078.8500492727994,,
1783557900,4076.9,4078.98,4070.21,4073.68,4160.900000000001,4053.1499999999996,4078.279725957993,,
1783558800,4073.68,4078.83,4065.01,4074.16,4160.900000000001,4053.1499999999996,4077.0000157153627,,
1783559700,4074.16,4076.55,4066.5,4066.52,4160.900000000001,4053.1499999999996,4076.0562554935223,,
1783560600,4066.52,4075.09,4062.13,4073.52,4160.900000000001,4053.1499999999996,4075.4266655316383,,
1783561500,4073.52,4076.02,4069.13,4072.73,4160.900000000001,4053.1499999999996,4075.243748793881,,
1783562400,4072.73,4079.42,4071.97,4078.5,4160.900000000001,4053.1499999999996,4075.3475203537005,,
1783563300,4078.5,4082.75,4076.63,4080.54,4160.900000000001,4053.1499999999996,4075.5232836518785,,
1783564200,4080.54,4081.82,4069.86,4070.77,4160.900000000001,4053.1499999999996,4075.444954773912,,
1783565100,4070.77,4071.8,4064.41,4064.95,,,4074.959892566539,,
1783566000,4064.95,4067.59,4055.15,4058.75,,,4074.0387692851446,,
1783566900,4058.75,4061.16,4054.21,4058.14,,,4073.1840330972027,,
1783567800,4058.14,4063.4,4056.3,4061.81,,,4072.796311039902,,
1783568700,4061.81,4064.11,4060.97,4064.09,,,4072.560607356987,,
1783569600,4064.09,4064.56,4058.72,4060.39,4112.23,4028.7300000000005,4072.2695719923126,,
1783570500,4060.39,4061.02,4057.19,4058.93,4112.23,4028.7300000000005,4071.93302681846,,
1783571400,4058.93,4064.42,4056.26,4057.74,4112.23,4028.7300000000005,4071.6099927930773,,
1783572300,4057.74,4064.57,4056.28,4064.26,4112.23,4028.7300000000005,4071.402719935174,,
1783573200,4064.26,4076.1,4063.57,4073.37,4112.23,4028.7300000000005,4071.3827958977104,,
1783574100,4073.37,4073.6,4066.86,4072.26,4112.23,4028.7300000000005,4071.3658975469934,,
1783575000,4072.26,4077.22,4064.7,4075.45,4112.23,4028.7300000000005,4071.421344592644,,
1783575900,4075.45,4084.22,4073.78,4081.77,4112.23,4028.7300000000005,4071.74891978207,,
1783576800,4081.77,4099.5,4081.19,4092.1,4112.23,4028.7300000000005,4072.8239089209255,,
1783577700,4092.1,4103.11,4091.41,4102.35,4112.23,4028.7300000000005,4074.2132123609326,,
1783578600,4102.35,4107.17,4095.91,4102.82,4112.23,4028.7300000000005,4075.3270221949683,,
1783579500,4102.82,4108.11,4102.16,4107.96,4112.23,4028.7300000000005,4076.1644275187805,,
1783580400,4107.96,4110.39,4101.42,4101.43,4112.23,4028.7300000000005,4077.0638724577666,,
1783581300,4101.43,4110.05,4101.43,4108.88,4112.23,4028.7300000000005,4077.7473622032276,,
1783582200,4108.88,4111.05,4103.56,4109.08,4112.23,4028.7300000000005,4078.369982178303,,
1783583100,4109.08,4111.18,4104.57,4107.92,4112.23,4028.7300000000005,4078.8916962856665,,
1783584000,4107.92,4110.52,4105.16,4108.19,4112.23,4028.7300000000005,4079.6448141408573,,
1783584900,4108.19,4117.72,4107.6,4114.78,4112.23,4028.7300000000005,4080.5077898512995,,
1783585800,4114.78,4116.69,4110.12,4113.4,4112.23,4028.7300000000005,4081.1086455393443,,
1783586700,4113.4,4113.77,4107.68,4108.15,4112.23,4028.7300000000005,4081.5895384704927,,
1783587600,4108.15,4109.59,4105.85,4108.7,4112.23,4028.7300000000005,4082.033816729959,,
1783588500,4108.7,4112.43,4106.92,4108.35,4112.23,4028.7300000000005,4082.460074640941,,
1783589400,4108.35,4110.04,4103.26,4103.79,4112.23,4028.7300000000005,4082.9301737130186,,
1783590300,4103.79,4107.49,4103.13,4106.24,4112.23,4028.7300000000005,4083.221278542544,,
1783591200,4106.24,4110.14,4103.98,4105.05,4112.23,4028.7300000000005,4083.558024832655,,
1783592100,4105.05,4106.66,4103.81,4104.14,4112.23,4028.7300000000005,4083.765830727518,,
1783593000,4104.14,4105.37,4102.22,4103.38,4112.23,4028.7300000000005,4083.9904285969137,,
1783593900,4103.38,4104.55,4093.6,4099.09,4112.23,4028.7300000000005,4084.3273252324607,,
1783594800,4099.09,4105.23,4097.7,4104.85,4112.23,4028.7300000000005,4084.675755823235,,
1783595700,4104.85,4107.27,4098.97,4100.48,4112.23,4028.7300000000005,4084.9316372342487,,
1783596600,4100.48,4109.48,4098.79,4106.19,4112.23,4028.7300000000005,4085.2795782429134,,
1783597500,4106.19,4110.55,4104.55,4108.69,4112.23,4028.7300000000005,4085.613802613825,,
1783598400,4108.69,4119.92,4105.91,4112.59,4112.23,4028.7300000000005,4086.328880397215,,
1783599300,4112.59,4113.51,4105.09,4106.8,4112.23,4028.7300000000005,4086.8103800946183,,
1783600200,4106.8,4122.56,4106.8,4113.17,4112.23,4028.7300000000005,4087.5692406214625,,
1783601100,4113.17,4114.47,4107.38,4107.64,4112.23,4028.7300000000005,4087.9897170636327,,
1783602000,4107.64,4121.11,4106.68,4120.51,4112.23,4028.7300000000005,4088.8420014969656,,
1783602900,4120.51,4127.45,4118.5,4126.01,4112.23,4028.7300000000005,4089.776328931214,,
1783603800,4126.01,4129.56,4119.53,4127.27,4112.23,4028.7300000000005,4091.242116256316,,
1783604700,4127.27,4127.71,4117.72,4121.9,4112.23,4028.7300000000005,4092.1584301358193,,
1783605600,4121.9,4136.43,4120.21,4122.31,4112.23,4028.7300000000005,4093.360484405301,,
1783606500,4122.31,4125.49,4114.08,4124.68,4112.23,4028.7300000000005,4094.3190864838243,,
1783607400,4124.68,4126.69,4120.55,4124.21,4112.23,4028.7300000000005,4094.9782235690755,,
1783608300,4124.21,4128.02,4118.07,4127.64,4112.23,4028.7300000000005,4095.5683757269862,,
1783609200,4127.64,4130.9,4124.66,4124.9,4112.23,4028.7300000000005,4096.0923898537785,,
1783610100,4124.9,4130.62,4124.9,4127.76,4112.23,4028.7300000000005,4096.622502848973,,
1783611000,4127.76,4131.31,4126.14,4130.05,4112.23,4028.7300000000005,4097.076036934842,,
1783611900,4130.05,4132.76,4126.29,4126.91,4112.23,4028.7300000000005,4097.45704558459,,
1783612800,4126.91,4131.25,4125.54,4130.05,4112.23,4028.7300000000005,4097.799866481302,,
1783613700,4130.05,4133.27,4128.75,4132.6,4112.23,4028.7300000000005,4098.165915328119,,
1783614600,4132.6,4138.05,4131.65,4133.13,4112.23,4028.7300000000005,4098.618798153929,,
1783615500,4133.13,4134.43,4127.92,4127.92,4112.23,4028.7300000000005,4098.863169268332,,
1783616400,4127.92,4128.89,4125.73,4127.52,4112.23,4028.7300000000005,4099.169391015073,,
1783617300,4127.52,4131.97,4124.98,4131.56,4112.23,4028.7300000000005,4099.572501543302,,
1783618200,4131.56,4134.38,4129.12,4132.22,4112.23,4028.7300000000005,4099.958380811569,,
1783619100,4132.22,4138.01,4132.01,4136.2,4112.23,4028.7300000000005,4100.224437427359,,
1783620000,4136.2,4136.38,4127.32,4128.79,4112.23,4028.7300000000005,4100.507136213984,,
1783620900,4128.79,4128.79,4122.97,4123.98,4112.23,4028.7300000000005,4100.698975675006,,
1783621800,4123.98,4125.44,4121.42,4125.44,4112.23,4028.7300000000005,4100.856541965079,,
1783622700,4125.44,4125.52,4122.43,4124.47,4112.23,4028.7300000000005,4100.982876352451,,
1783623600,4124.47,4126.9,4122.94,4124.36,4112.23,4028.7300000000005,4101.137927837355,,
1783624500,4124.36,4125.59,4120.63,4120.78,4112.23,4028.7300000000005,4101.243067962588,,
1783625400,4120.78,4122.78,4118.68,4120.21,4112.23,4028.7300000000005,4101.376536344353,,
1783626300,4120.21,4123.7,4119.99,4122.46,4112.23,4028.7300000000005,4101.54920640416,,
1783627200,4122.46,4124.1,4120.58,4121.34,4112.23,4028.7300000000005,4101.621287040724,,
1783628100,4121.34,4122.51,4120.66,4121.2,4112.23,4028.7300000000005,4101.650979218591,,
1783629000,4121.2,4125.58,4120.76,4124.44,4112.23,4028.7300000000005,4101.692389358905,,
1783629900,4124.44,4124.51,4122.8,4123.35,4112.23,4028.7300000000005,4101.742979100669,,
1783634400,4123.35,4127.61,4121.81,4123.57,4112.23,4028.7300000000005,4124.33,,
1783635300,4123.57,4124.85,4122.44,4123.02,4112.23,4028.7300000000005,4123.924264447722,,
1783636200,4123.02,4124.76,4122.27,4123.52,4112.23,4028.7300000000005,4123.80705638101,,
1783637100,4123.52,4124.24,4121.49,4121.5,4112.23,4028.7300000000005,4123.537356990029,,
1783638000,4121.5,4124.34,4121.2,4123.72,4112.23,4028.7300000000005,4123.460897358542,,
1783638900,4123.72,4125,4121.15,4122.22,4112.23,4028.7300000000005,4123.3575857864,,
1783639800,4122.22,4123.09,4120.69,4122.88,4112.23,4028.7300000000005,4123.248552564103,,
1783640700,4122.88,4124.72,4121.58,4123.47,4112.23,4028.7300000000005,4123.249770528243,,
1783641600,4123.47,4125.77,4119.84,4122.17,4112.23,4028.7300000000005,4123.026203799506,,
1783642500,4122.17,4123.77,4116.94,4119.55,4112.23,4028.7300000000005,4122.481745641458,,
1783643400,4119.55,4123.94,4114.44,4123.1,4112.23,4028.7300000000005,4122.103118915588,,
1783644300,4123.1,4128.2,4121.13,4126.12,4112.23,4028.7300000000005,4122.648223706229,,
1783645200,4126.12,4131.05,4118.94,4125,4112.23,4028.7300000000005,4123.305618736969,,
1783646100,4125,4127.51,4120.14,4121.6,4112.23,4028.7300000000005,4123.27067156953,,
1783647000,4121.6,4123.47,4108.63,4111.74,4112.23,4028.7300000000005,4122.041291858661,,
1783647900,4111.74,4121.24,4108.56,4116.77,4112.23,4028.7300000000005,4121.322173872286,,
1783648800,4116.77,4128.99,4116.02,4124.62,4112.23,4028.7300000000005,4121.49702680067,,
1783649700,4124.62,4128.02,4121.76,4125.78,4112.23,4028.7300000000005,4121.696655650043,,
1783650600,4125.78,4128.55,4122.19,4125.71,4112.23,4028.7300000000005,4121.922038568215,,
1783651500,4125.71,4129.06,4123.32,4127.7,,,4122.164920862474,,
1783652400,4127.7,4134.83,4125.89,4126.56,,,4122.582414715945,,
1783653300,4126.56,4128.35,4120.35,4125.42,,,4122.682538251487,,
1783654200,4125.42,4127.89,4121.12,4121.47,,,4122.710361673414,,
1783655100,4121.47,4122.39,4119.27,4120.23,,,4122.661309241444,,
1783656000,4120.23,4121.08,4116.81,4121.01,4176.03,4063.580000000001,4122.594533326947,,
1783656900,4121.01,4121.07,4111.95,4117.53,4176.03,4063.580000000001,4122.385751395666,,
1783657800,4117.53,4119.57,4116.55,4119.1,4176.03,4063.580000000001,4122.314555970722,,
1783658700,4119.1,4119.14,4114.79,4115.02,4176.03,4063.580000000001,4122.187835180068,,
1783659600,4115.02,4116.39,4113.04,4113.92,4176.03,4063.580000000001,4121.976759937518,,
1783660500,4113.92,4117.09,4112.89,4114.35,4176.03,4063.580000000001,4121.777752623059,,
1783661400,4114.35,4115.42,4108.99,4113.93,4176.03,4063.580000000001,4121.186490889027,,
1783662300,4113.93,4117.1,4108.02,4116.44,4176.03,4063.580000000001,4120.852192556634,,
1783663200,4116.44,4119.18,4114.7,4115.04,4176.03,4063.580000000001,4120.6492797311375,,
1783664100,4115.04,4120.01,4113.86,4114.36,4176.03,4063.580000000001,4120.471349270631,,
1783665000,4114.36,4116.12,4110.94,4111.47,4176.03,4063.580000000001,4120.2248108563435,,
1783665900,4111.47,4114.53,4111.17,4111.64,4176.03,4063.580000000001,4120.042491433643,,
1783666800,4111.64,4113.72,4108.91,4111.41,4176.03,4063.580000000001,4119.849187776583,,
1783667700,4111.41,4115.42,4108.71,4112.38,4176.03,4063.580000000001,4119.6783643400195,,
1783668600,4112.38,4114.4,4105.39,4106.91,4176.03,4063.580000000001,4119.450591458764,,
1783669500,4106.91,4109.98,4104.29,4108.87,4176.03,4063.580000000001,4119.156558925438,,
1783670400,4108.87,4109.55,4103.94,4107.23,4176.03,4063.580000000001,4118.801685852255,,
1783671300,4107.23,4108.94,4102.97,4104.33,4176.03,4063.580000000001,4118.492610164274,,
1783672200,4104.33,4105.58,4099.42,4101.79,4176.03,4063.580000000001,4118.1400492263865,,
1783673100,4101.79,4101.83,4094.83,4097.82,4176.03,4063.580000000001,4117.699837649451,,
1783674000,4097.82,4100.77,4094.27,4100.77,4176.03,4063.580000000001,4117.27889821319,,
1783674900,4100.77,4103.55,4099.79,4102.78,4176.03,4063.580000000001,4117.032006819564,,
1783675800,4102.78,4104.05,4098.23,4102.87,4176.03,4063.580000000001,4116.8079196102135,,
1783676700,4102.87,4105.46,4102.12,4104.35,4176.03,4063.580000000001,4116.647761387787,,
1783677600,4104.35,4108.44,4104.11,4106.33,4176.03,4063.580000000001,4116.499775446183,,
1783678500,4106.33,4112.74,4106.16,4109.38,4176.03,4063.580000000001,4116.38183236377,,
1783679400,4109.38,4110.44,4106.18,4109.02,4176.03,4063.580000000001,4116.286760265773,,
1783680300,4109.02,4109.07,4104.39,4104.7,4176.03,4063.580000000001,4116.146770102099,,
1783681200,4104.7,4108.03,4104.42,4106.3,4176.03,4063.580000000001,4115.995646078093,,
1783682100,4106.3,4108.19,4099.91,4099.97,4176.03,4063.580000000001,4115.7985468277575,,
1783683000,4099.97,4107.44,4096.05,4106.58,4176.03,4063.580000000001,4115.524766290093,,
1783683900,4106.58,4107.86,4101.99,4102.23,4176.03,4063.580000000001,4115.348558311017,,
1783684800,4102.23,4117.3,4100.92,4114.95,4176.03,4063.580000000001,4115.201363779817,,
1783685700,4114.95,4116.33,4103.27,4106.01,4176.03,4063.580000000001,4114.97659333957,,
1783686600,4106.01,4107.04,4097.41,4098.35,4176.03,4063.580000000001,4114.567161906185,,
1783687500,4098.35,4104.92,4097.82,4100.58,4176.03,4063.580000000001,4114.313017685955,,
1783688400,4100.58,4106.2,4098.57,4104.19,4176.03,4063.580000000001,4113.97508554971,,
1783689300,4104.19,4106.64,4085.47,4087.2,4176.03,4063.580000000001,4113.358667762372,,
1783690200,4087.2,4102.62,4086.82,4098.48,4176.03,4063.580000000001,4112.432696907234,,
1783691100,4098.48,4105.41,4097.24,4099.88,4176.03,4063.580000000001,4112.025695034309,,
1783692000,4099.88,4103.5,4097.43,4100.11,4176.03,4063.580000000001,4111.61296004692,,
1783692900,4100.11,4108.97,4097.36,4106.96,4176.03,4063.580000000001,4111.3573849534,,
1783693800,4106.96,4107.85,4072.34,4099.12,4176.03,4063.580000000001,4109.867747753722,,
1783694700,4099.12,4107.59,4091.54,4092.74,4176.03,4063.580000000001,4109.372589422818,,
1783695600,4092.74,4100.88,4091.24,4097.5,4176.03,4063.580000000001,4108.9250344178745,,
1783696500,4097.5,4107.71,4097.34,4102.21,4176.03,4063.580000000001,4108.750197653757,,
1783697400,4102.21,4106.94,4101.24,4106.17,4176.03,4063.580000000001,4108.648087236993,,
1783698300,4106.17,4113.36,4105.61,4112.97,4176.03,4063.580000000001,4108.68438592067,,
1783699200,4112.97,4114.83,4107.66,4110.13,4176.03,4063.580000000001,4108.720009747051,,
1783700100,4110.13,4114.44,4107.21,4114.33,4176.03,4063.580000000001,4108.768374735584,,
1783701000,4114.33,4115.38,4108.88,4108.98,4176.03,4063.580000000001,4108.796329756052,,
1783701900,4108.98,4109.63,4104.06,4104.15,4176.03,4063.580000000001,4108.767391344636,,
1783702800,4104.15,4105.47,4102.06,4103.58,4176.03,4063.580000000001,4108.693088936358,,
1783703700,4103.58,4106.79,4103.44,4105.23,4176.03,4063.580000000001,4108.651576659998,,
1783704600,4105.23,4106.81,4102.96,4103.53,4176.03,4063.580000000001,4108.6161174015515,,
1783705500,4104.02,4105.16,4100.23,4100.64,4176.03,4063.580000000001,4108.572583812576,,
1783706400,4100.64,4105.1,4099.96,4104.72,4176.03,4063.580000000001,4108.522630014931,,
1783707300,4104.72,4105.52,4102.13,4102.85,4176.03,4063.580000000001,4108.48397809764,,
1783708200,4102.85,4103.67,4098.32,4098.92,4176.03,4063.580000000001,4108.419895130659,,
1783709100,4098.92,4101.59,4098.04,4101.14,4176.03,4063.580000000001,4108.376285843771,,
1783710000,4101.14,4102.44,4097.74,4101.51,4176.03,4063.580000000001,4108.331430291967,,
1783710900,4101.51,4103.31,4101.13,4101.72,4176.03,4063.580000000001,4108.3066005629435,,
1783711800,4101.72,4103.59,4100.45,4102.51,4176.03,4063.580000000001,4108.2746883274285,,
1783712700,4102.51,4109.1,4102.34,4108.02,4176.03,4063.580000000001,4108.259190176842,,
1783713600,4108.02,4114.99,4107.96,4112.15,4176.03,4063.580000000001,4108.276067569301,,
1783714500,4112.15,4112.56,4110.34,4111.25,4176.03,4063.580000000001,4108.285067157586,,
1783715400,4111.25,4112.48,4110.39,4111.51,4176.03,4063.580000000001,4108.292556337094,,
1783893600,4111.51,4111.51,4080.38,4081.07,,,4090.9866666666667,,
1783894500,4081.07,4087.8,4079.9,4084.12,,,4088.6196360166014,,
1783895400,4084.12,4086.31,4077.46,4078.21,,,4087.043946028695,,
1783896300,4078.21,4080.56,4068.86,4076.36,,,4084.2999907141884,,
1783897200,4076.36,4076.65,4068.12,4069.99,,,4081.197749078634,,
1783898100,4069.99,4075.2,4068.65,4074.7,,,4080.099219245872,,
1783899000,4074.7,4079.39,4071.69,4077.6,,,4079.6180004553526,,
1783899900,4077.6,4084.71,4075.52,4084.51,,,4080.073896643163,,
1783900800,4084.51,4091.09,4080.68,4086.77,,,4081.457448098741,,
1783901700,4086.77,4087.79,4074.16,4074.57,,,4081.0070353948154,,
1783902600,4074.57,4075.6,4060.86,4073.21,,,4079.4677706296966,,
1783903500,4073.21,4077.55,4068.4,4074.04,,,4078.6142571601954,,
1783904400,4074.04,4081.02,4065.46,4079.51,,,4078.0023370831004,,
1783905300,4079.51,4082.04,4071.12,4079.75,,,4077.95503554685,,
1783906200,4079.75,4089.83,4077.61,4084.39,,,4078.556463989231,,
1783907100,4084.39,4088.14,4067.17,4072.49,,,4078.28755476974,,
1783908000,4072.49,4074.95,4069.94,4072.16,,,4077.8067369439395,,
1783908900,4072.16,4074.4,4066.41,4067.26,,,4077.355408484725,,
1783909800,4067.26,4077.46,4064.48,4072.77,,,4077.040680505447,,
1783910700,4072.77,4072.98,4068.34,4068.42,,,4076.735403497646,,
1783911600,4068.42,4069.31,4053.01,4058.13,,,4075.893938441735,,
1783912500,4058.13,4062.53,4057.93,4061.89,,,4075.376455634574,,
1783913400,4061.89,4062.54,4057.03,4057.85,,,4074.949978447706,,
1783914300,4057.85,4061.03,4057.64,4060.51,,,4074.680058277272,,
1783915200,4060.51,4060.52,4052.22,4054.4,4138.57,4016.7200000000003,4074.2413473337865,,
1783916100,4054.4,4057.8,4050.06,4055.36,4138.57,4016.7200000000003,4073.7091923743956,,
1783917000,4055.36,4057.7,4053.28,4054.01,4138.57,4016.7200000000003,4073.404022997983,,
1783917900,4054.01,4059.21,4052.65,4058.83,4138.57,4016.7200000000003,4073.1687350835573,,
1783918800,4058.83,4073.21,4054.8,4069.4,4138.57,4016.7200000000003,4072.928297255156,,
1783919700,4069.4,4069.52,4057.27,4058.15,4138.57,4016.7200000000003,4072.5949014147604,,
1783920600,4058.15,4065.77,4051.95,4063.47,4138.57,4016.7200000000003,4071.9996812180757,,
1783921500,4063.47,4064.23,4052.54,4053.54,4138.57,4016.7200000000003,4071.437969273368,,
1783922400,4053.54,4056.11,4043.65,4050.87,4138.57,4016.7200000000003,4070.450821798776,,
1783923300,4050.87,4061.41,4050.65,4061.04,4138.57,4016.7200000000003,4070.052386321874,,
1783924200,4061.04,4063.54,4058.47,4060.03,4138.57,4016.7200000000003,4069.8144951404147,,
1783925100,4060.03,4060.41,4052.02,4055.51,4138.57,4016.7200000000003,4069.4890006853198,,
1783926000,4055.51,4061.2,4048.91,4055.55,4138.57,4016.7200000000003,4069.1005257205125,,
1783926900,4055.55,4059.34,4055.38,4058.79,4138.57,4016.7200000000003,4068.9316786565314,,
1783927800,4058.79,4062.88,4056.08,4057.36,4138.57,4016.7200000000003,4068.75388670864,,
1783928700,4057.36,4065.13,4056.05,4064.88,4138.57,4016.7200000000003,4068.6405179426947,,
1783929600,4064.88,4074.97,4063.1,4073.83,4138.57,4016.7200000000003,4068.7013402674697,,
1783930500,4073.83,4080.75,4073.55,4074.09,4138.57,4016.7200000000003,4068.880014783327,,
1783931400,4074.09,4076.42,4071.72,4075.63,4138.57,4016.7200000000003,4068.9754112706514,,
1783932300,4075.63,4078.49,4072.23,4074.56,4138.57,4016.7200000000003,4069.063984342463,,
1783933200,4074.56,4076.19,4072.66,4074.33,4138.57,4016.7200000000003,4069.131916345423,,
1783934100,4074.33,4076.7,4071.18,4072.53,4138.57,4016.7200000000003,4069.1894375501442,,
1783935000,4072.53,4073.95,4069.24,4072.66,4138.57,4016.7200000000003,4069.2259353837885,,
1783935900,4072.66,4073.78,4068.07,4068.21,4138.57,4016.7200000000003,4069.234388019467,,
1783936800,4068.21,4070.47,4066.71,4067.62,4138.57,4016.7200000000003,4069.2241790828825,,
1783937700,4067.62,4069.49,4064.26,4065.08,4138.57,4016.7200000000003,4069.1957967766716,,
1783938600,4065.08,4068.13,4046.4,4052.17,4138.57,4016.7200000000003,4068.958981949122,,
1783939500,4052.17,4061.64,4047.91,4060.63,4138.57,4016.7200000000003,4068.7164116715926,,
1783940400,4060.63,4067.97,4057.72,4063.96,4138.57,4016.7200000000003,4068.6066927183483,,
1783941300,4063.96,4065.1,4058.11,4062.84,4138.57,4016.7200000000003,4068.5208835335766,,
1783942200,4062.84,4068.38,4061.99,4065.26,4138.57,4016.7200000000003,4068.469854297747,,
1783943100,4065.26,4065.78,4054.84,4056.39,4138.57,4016.7200000000003,4068.3200621145957,,
1783944000,4056.39,4060.44,4053.51,4056.25,4138.57,4016.7200000000003,4068.0979915674934,,
1783944900,4056.25,4063.66,4055.04,4058.89,4138.57,4016.7200000000003,4067.945215660568,,
1783945800,4058.89,4064.06,4058.43,4062.79,4138.57,4016.7200000000003,4067.8451493626017,,
1783946700,4062.79,4067.48,4062.7,4067.26,4138.57,4016.7200000000003,4067.814604021231,,
1783947600,4067.26,4067.51,4059.21,4061.78,4138.57,4016.7200000000003,4067.6962295434264,,
1783948500,4061.78,4065.88,4058.49,4062.22,4138.57,4016.7200000000003,4067.5627006373243,,
1783949400,4062.22,4064.02,4051.45,4054.84,4138.57,4016.7200000000003,4067.091061748565,,
1783950300,4054.84,4058.36,4041.46,4043.33,4138.57,4016.7200000000003,4066.267885409563,,
1783951200,4043.33,4046.89,4029.61,4035.85,4138.57,4016.7200000000003,4065.141983030001,,
1783952100,4035.85,4037.25,4002.31,4016.78,4138.57,4016.7200000000003,4062.3905939674996,,
1783953000,4016.78,4017.02,3999.49,4005.46,4138.57,4016.7200000000003,4060.436967195267,,
1783953900,4005.46,4015.28,4001.83,4015.16,4138.57,4016.7200000000003,4059.065138852306,,
1783954800,4015.16,4017.64,4010.7,4014.65,4138.57,4016.7200000000003,4058.141208315213,,
1783955700,4014.65,4020.36,4012.96,4016.42,4138.57,4016.7200000000003,4057.3455594254096,,
1783956600,4016.42,4017.59,4012.03,4013.38,4138.57,4016.7200000000003,4056.654009344679,,
1783957500,4013.38,4016.04,4010.19,4015.99,4138.57,4016.7200000000003,4056.014286514074,,
1783958400,4015.99,4017.95,4012.52,4013.92,4138.57,4016.7200000000003,4055.533797415597,,
1783959300,4013.92,4014.07,4000.15,4003.85,4138.57,4016.7200000000003,4054.7563521704556,,
1783960200,4003.85,4004.86,3990.71,4000.64,4138.57,4016.7200000000003,4053.0374927683024,,
1783961100,4000.64,4002.71,3986.39,3993.11,4138.57,4016.7200000000003,4051.7989379862042,,
1783962000,3993.11,3998.98,3991.94,3997.6,4138.57,4016.7200000000003,4050.9595139148532,,
1783962900,3997.6,4001.96,3996.48,3998.94,4138.57,4016.7200000000003,4050.2620054098734,,
1783963800,3998.94,4000.89,3996.07,3996.95,4138.57,4016.7200000000003,4049.6467154097154,,
1783964700,3996.95,3999.28,3991.87,3993.17,4138.57,4016.7200000000003,4048.916124282891,,
1783965600,3993.17,3995.1,3989.71,3993.67,4138.57,4016.7200000000003,4047.9499467344626,,
1783966500,3993.67,3996.79,3986.62,3995.17,4138.57,4016.7200000000003,4047.13828181435,,
1783967400,3995.17,4000.63,3993.97,4000.1,4138.57,4016.7200000000003,4046.6501416973842,,
1783968300,4000.1,4005.13,3998.1,4001.34,4138.57,4016.7200000000003,4046.210242057897,,
1783969200,4001.34,4004.39,3997.73,3998,4138.57,4016.7200000000003,4045.723921972186,,
1783970100,3998,4001,3996.9,3998.17,4138.57,4016.7200000000003,4045.3251536269026,,
1783971000,3998.17,4001.1,3993.43,3998.99,4138.57,4016.7200000000003,4044.8482883548145,,
1783971900,3998.99,4002.37,3996.74,4001.85,4138.57,4016.7200000000003,4044.3313360510147,,
1783972800,4001.85,4006.2,3998.44,3998.65,4138.57,4016.7200000000003,4044.118714397213,,
1783973700,3998.65,4000.2,3996.15,3999.82,4138.57,4016.7200000000003,4043.9543854647613,,
1783974600,3999.82,4000.39,3997.25,3999.93,4138.57,4016.7200000000003,4043.819309210479,,
1783975500,3999.93,4002.54,3997.99,4001.49,4138.57,4016.7200000000003,4043.651488505321,,
1783980000,4001.49,4005.91,4001.03,4003.53,4138.57,4016.7200000000003,4003.4900000000002,,
1783980900,4003.53,4005.85,4003.53,4004.32,4138.57,4016.7200000000003,4003.9453439369227,,
1783981800,4004.32,4005.49,4002.93,4003.82,4138.57,4016.7200000000003,4003.995001501695,,
1783982700,4003.82,4005.14,4000.48,4000.9,4138.57,4016.7200000000003,4003.4646234793186,,
1783983600,4000.9,4003.03,3999.5,4000.13,4138.57,4016.7200000000003,4002.8216349358536,,
1783984500,4000.13,4000.61,3996.95,3997.37,4138.57,4016.7200000000003,4002.01772699985,,
1783985400,3997.37,3997.4,3993.54,3995.43,4138.57,4016.7200000000003,4000.7829754344284,,
1783986300,3995.43,4001.98,3992.23,4001.12,4138.57,4016.7200000000003,4000.0842391130195,,
1783987200,4001.12,4004.85,3983.11,3995.35,4138.57,4016.7200000000003,3997.590240723841,,
1783988100,3995.35,3997.02,3985.47,3995.08,4138.57,4016.7200000000003,3996.2884477241496,,
1783989000,3995.08,4007.04,3994.21,4002.91,4138.57,4016.7200000000003,3997.285867262726,,
1783989900,4002.91,4007.31,4000.49,4004.11,4138.57,4016.7200000000003,3998.3813807914253,,
1783990800,4004.11,4004.36,3991.99,3995.23,4138.57,4016.7200000000003,3998.15147536767,,
1783991700,3995.23,4004.86,3994.94,3997.84,4138.57,4016.7200000000003,3998.2627306885306,,
1783992600,3997.84,4003.99,3992.75,4002.06,4138.57,4016.7200000000003,3998.399258406905,,
1783993500,4002.06,4012.14,3998.75,4010.47,4138.57,4016.7200000000003,3999.0885392820537,,
1783994400,4010.47,4017.75,4005.88,4016.57,4138.57,4016.7200000000003,4000.026215021577,,
1783995300,4016.57,4019.1,4013.44,4017.81,4138.57,4016.7200000000003,4000.790643952019,,
1783996200,4017.81,4019.09,4010.52,4010.96,4138.57,4016.7200000000003,4001.3760695834926,,
1783997100,4010.96,4013.92,4008.99,4012.28,,,4001.7783434695352,,
1783998000,4012.28,4016.69,4012.04,4014.11,,,4002.2515071460475,,
1783998900,4014.11,4018.83,4011.06,4017.99,,,4002.7124450623796,,
1783999800,4017.99,4019.07,4013.8,4015.24,,,4003.0986833087627,,
1784000700,4015.24,4018.08,4014.54,4016.89,,,4003.3445921282587,,
1784001600,4016.89,4018.64,4013.32,4015.62,4052.44,3951.6899999999996,4003.6082720131917,,
1784002500,4015.62,4017.31,4013.91,4015.63,4052.44,3951.6899999999996,4003.807685037219,,
1784003400,4015.63,4023.37,4015.58,4020.47,4052.44,3951.6899999999996,4004.1153678772753,,
1784004300,4020.47,4021.4,4015.86,4020.08,4052.44,3951.6899999999996,4004.3992013591446,,
1784005200,4020.08,4023.94,4019.56,4023.13,4052.44,3951.6899999999996,4004.7099999647826,,
1784006100,4023.13,4024.02,4019.87,4022.57,4052.44,3951.6899999999996,4005.0111238818395,,
1784007000,4022.57,4033.77,4022.28,4032.05,4052.44,3951.6899999999996,4006.000309533137,,
1784007900,4032.05,4032.57,4029.02,4031.19,4052.44,3951.6899999999996,4006.641832831925,,
1784008800,4031.19,4033.08,4028.44,4030.78,4052.44,3951.6899999999996,4007.352814711093,,
1784009700,4030.78,4031,4022.48,4023,4052.44,3951.6899999999996,4007.7631205915313,,
1784010600,4023,4026.31,4021.58,4025.23,4052.44,3951.6899999999996,4008.1545943519272,,
1784011500,4025.23,4026.69,4022.92,4023.97,4052.44,3951.6899999999996,4008.4839998297152,,
1784012400,4023.97,4029.05,4020.71,4024.62,4052.44,3951.6899999999996,4008.8920739682676,,
1784013300,4024.62,4029.84,4024.35,4026.18,4052.44,3951.6899999999996,4009.282027633338,,
1784014200,4026.18,4029.49,4022.86,4023.55,4052.44,3951.6899999999996,4009.644430553882,,
1784015100,4023.55,4026.07,4020.03,4020.62,4052.44,3951.6899999999996,4009.943204889109,,
1784016000,4020.62,4022.48,4014.35,4017.14,4052.44,3951.6899999999996,4010.193186874256,,
1784016900,4017.14,4023.13,4017.14,4021.66,4052.44,3951.6899999999996,4010.394255320949,,
1784017800,4021.66,4023.84,4018.67,4019.19,4052.44,3951.6899999999996,4010.582405156243,,
1784018700,4019.19,4020.82,4015.79,4015.85,4052.44,3951.6899999999996,4010.6795732535297,,
1784019600,4015.85,4024.42,4013.77,4020.58,4052.44,3951.6899999999996,4010.8190882501844,,
1784020500,4020.58,4021.87,4014.93,4015.66,4052.44,3951.6899999999996,4010.9421512748136,,
1784021400,4015.66,4018.09,4013.69,4017.08,4052.44,3951.6899999999996,4011.0291911495124,,
1784022300,4017.08,4023.85,4016.33,4021.67,4052.44,3951.6899999999996,4011.2125195862623,,
1784023200,4021.67,4022.22,4016.69,4018.04,4052.44,3951.6899999999996,4011.3181289671957,,
1784024100,4018.04,4019.99,4015.62,4017.67,4052.44,3951.6899999999996,4011.3995410255666,,
1784025000,4017.67,4020.06,4015.06,4019.03,4052.44,3951.6899999999996,4011.520687546999,,
1784025900,4019.03,4022.85,4017.97,4021.69,4052.44,3951.6899999999996,4011.641187258541,,
1784026800,4021.69,4024.01,4015.32,4022.67,4052.44,3951.6899999999996,4011.8402502334466,,
1784027700,4022.67,4028.39,4020.59,4024.87,4052.44,3951.6899999999996,4012.0734344587477,,
1784028600,4024.87,4030.4,4024.35,4027.91,4052.44,3951.6899999999996,4012.3289553018794,,
1784029500,4027.91,4031.98,4025.73,4031.14,4052.44,3951.6899999999996,4012.591185744528,,
1784030400,4031.14,4035.99,4025.15,4025.87,4052.44,3951.6899999999996,4012.940783686024,,
1784031300,4025.87,4030.82,4023.15,4029.74,4052.44,3951.6899999999996,4013.2579347226683,,
1784032200,4029.74,4103.59,4028.95,4092.97,4052.44,3951.6899999999996,4018.5807412733975,,
1784033100,4092.97,4095.38,4068.81,4076.16,4052.44,3951.6899999999996,4021.5398902832253,,
1784034000,4076.16,4083.36,4070.82,4074.99,4052.44,3951.6899999999996,4024.0298906091616,,
1784034900,4074.99,4086.31,4072.01,4081.49,4052.44,3951.6899999999996,4025.7450313902727,,
1784035800,4081.49,4088.55,4075.65,4087.43,4052.44,3951.6899999999996,4028.7026128706116,,
1784036700,4087.43,4087.44,4074.21,4076.4,4052.44,3951.6899999999996,4030.65433226931,,
1784037600,4076.4,4085.25,4072.67,4082.29,4052.44,3951.6899999999996,4032.455687603102,,
1784038500,4082.29,4085.22,4070.63,4076.77,4052.44,3951.6899999999996,4034.2528233556986,,
1784039400,4076.77,4090.47,4073.25,4079.95,4052.44,3951.6899999999996,4036.0354548812725,,
1784040300,4079.95,4087.47,4077.56,4085.01,4052.44,3951.6899999999996,4037.163911862831,,
1784041200,4085.01,4100.66,4078.68,4090.08,4052.44,3951.6899999999996,4038.945015628049,,
1784042100,4090.08,4091.07,4082.17,4084.92,4052.44,3951.6899999999996,4039.7126373421374,,
1784043000,4084.92,4086.77,4066.35,4073.96,4052.44,3951.6899999999996,4040.5280507283355,,
1784043900,4073.96,4076.43,4064.42,4066.07,4052.44,3951.6899999999996,4041.1233307284733,,
1784044800,4066.07,4066.97,4057.72,4062.84,4052.44,3951.6899999999996,4041.5263331508822,,
1784045700,4062.84,4065.08,4057.79,4059.31,4052.44,3951.6899999999996,4041.726142102886,,
1784046600,4059.31,4062.78,4057.6,4060.81,4052.44,3951.6899999999996,4041.927266042436,,
1784047500,4060.81,4062.1,4057.74,4061.5,4052.44,3951.6899999999996,4042.077978125955,,
1784048400,4061.5,4064.66,4055.23,4056.56,4052.44,3951.6899999999996,4042.247932234254,,
1784049300,4056.56,4064,4054.02,4062.79,4052.44,3951.6899999999996,4042.427923244211,,
1784050200,4062.79,4065,4059.33,4059.69,4052.44,3951.6899999999996,4042.5622514642,,
1784051100,4059.69,4063.87,4058.23,4062.68,4052.44,3951.6899999999996,4042.6630065700388,,
1784052000,4062.68,4062.84,4059.59,4061.48,4052.44,3951.6899999999996,4042.8029261130346,,
1784052900,4061.48,4063.14,4056.51,4058.36,4052.44,3951.6899999999996,4042.924908482641,,
1784053800,4058.36,4059.48,4042.92,4046.52,4052.44,3951.6899999999996,4043.0081772688236,,
1784054700,4046.52,4054.7,4044.67,4054.14,4052.44,3951.6899999999996,4043.0813748898386,,
1784055600,4054.14,4057.42,4052.17,4056.55,4052.44,3951.6899999999996,4043.168545811202,,
1784056500,4056.55,4056.9,4051.15,4051.51,4052.44,3951.6899999999996,4043.225836592713,,
1784057400,4051.51,4052.74,4047.45,4052.33,4052.44,3951.6899999999996,4043.290125833343,,
1784058300,4052.33,4056.82,4051.59,4055.68,4052.44,3951.6899999999996,4043.38645850337,,
1784059200,4055.68,4056.33,4053.6,4053.65,4052.44,3951.6899999999996,4043.419569491897,,
1784060100,4053.65,4054.42,4051.99,4052.97,4052.44,3951.6899999999996,4043.438523970255,,
1784061000,4052.97,4053.45,4049.43,4050.44,4052.44,3951.6899999999996,4043.45594559138,,
1784061900,4050.44,4053,4048.76,4051.99,4052.44,3951.6899999999996,4043.4748837150046,,
1784066400,4051.99,4053.54,4048.55,4050.7,4052.44,3951.6899999999996,4050.9300000000007,,
1784067300,4050.7,4052.08,4048.75,4051.48,4052.44,3951.6899999999996,4050.833505854404,,
1784068200,4051.48,4052.71,4048.81,4050.49,4052.44,3951.6899999999996,4050.776668880771,,
1784069100,4050.49,4050.61,4048.46,4049,4052.44,3951.6899999999996,4050.5217933811737,,
1784070000,4049,4050.03,4046.58,4047.4,4052.44,3951.6899999999996,4050.0096815978004,,
1784070900,4047.4,4053.74,4046.6,4053.66,4052.44,3951.6899999999996,4050.225895945592,,
1784071800,4053.66,4056.12,4051.3,4054.72,4052.44,3951.6899999999996,4051.0113307039915,,
1784072700,4054.72,4055.11,4051.93,4052.92,4052.44,3951.6899999999996,4051.3563466153932,,
1784073600,4052.92,4056.1,4050.9,4051.76,4052.44,3951.6899999999996,4051.8392460743844,,
1784074500,4051.76,4058.37,4051.26,4058.37,4052.44,3951.6899999999996,4052.6627531958966,,
1784075400,4058.37,4058.51,4052.09,4054.62,4052.44,3951.6899999999996,4052.954826795822,,
1784076300,4054.62,4060.71,4054.2,4059.01,4052.44,3951.6899999999996,4053.535671231428,,
1784077200,4059.01,4062.1,4054.77,4055.76,4052.44,3951.6899999999996,4054.4288183353874,,
1784078100,4055.76,4057.3,4052.62,4054.41,4052.44,3951.6899999999996,4054.4790653135997,,
1784079000,4054.41,4054.72,4036.51,4038.8,4052.44,3951.6899999999996,4052.818659733509,,
1784079900,4038.8,4042.54,4035.52,4037.16,4052.44,3951.6899999999996,4051.284367991209,,
1784080800,4037.16,4042.08,4033.96,4036.62,4052.44,3951.6899999999996,4050.0271002997365,,
1784081700,4036.62,4036.98,4029.22,4033.14,4052.44,3951.6899999999996,4049.0060305521542,,
1784082600,4033.14,4041.77,4032.56,4041.51,4052.44,3951.6899999999996,4048.374237820412,,
1784083500,4041.51,4041.8,4034.4,4035.12,,,4047.8021158579168,,
1784084400,4035.12,4040.42,4032.77,4033.97,,,4047.1949563733538,,
1784085300,4033.97,4035.24,4029.99,4030.89,,,4046.4843425292297,,
1784086200,4030.89,4035.72,4027.86,4029.18,,,4045.939017654619,,
1784087100,4029.18,4033.39,4029.07,4031.2,,,4045.616390361167,,
1784088000,4031.2,4033.31,4029.94,4031.65,4115.26,3982.36,4045.3348752048073,,
1784088900,4031.65,4035.16,4030.96,4033.57,4115.26,3982.36,4045.0801582124327,,
1784089800,4033.57,4035.07,4028.01,4030.06,4115.26,3982.36,4044.712410449538,,
1784090700,4030.06,4034.4,4030.06,4033.08,4115.26,3982.36,4044.5221531905827,,
1784091600,4033.08,4036.07,4025.17,4026.07,4115.26,3982.36,4043.8443821590313,,
1784092500,4026.07,4028.58,4024.57,4024.95,4115.26,3982.36,4043.3402592878488,,
1784093400,4024.95,4036.59,4021.72,4029.66,4115.26,3982.36,4042.5397853796912,,
1784094300,4029.66,4034.9,4027.31,4034.59,4115.26,3982.36,4042.2038358802165,,
1784095200,4034.59,4035.13,4026.96,4027.52,4115.26,3982.36,4041.715995442914,,
1784096100,4027.52,4028.61,4021.23,4026.48,4115.26,3982.36,4041.02123148955,,
1784097000,4026.48,4033.3,4022.43,4032.57,4115.26,3982.36,4040.6595551294313,,
1784097900,4032.57,4033.8,4029.56,4032.04,4115.26,3982.36,4040.3234208036174,,
1784098800,4032.04,4034.25,4027.97,4029.31,4115.26,3982.36,4040.0362666661654,,
1784099700,4029.31,4029.81,4020.08,4023.91,4115.26,3982.36,4039.5224154054604,,
1784100600,4023.91,4027.03,4019.63,4022.74,4115.26,3982.36,4039.0409660207106,,
1784101500,4022.74,4026.81,4021.25,4024.48,4115.26,3982.36,4038.701247335146,,
1784102400,4024.48,4025.96,4017.27,4017.94,4115.26,3982.36,4038.1023998219744,,
1784103300,4017.94,4026.83,4017.9,4026.74,4115.26,3982.36,4037.63275479317,,
1784104200,4026.74,4029.15,4024.47,4028.5,4115.26,3982.36,4037.39633730874,,
1784105100,4028.5,4033.12,4027.59,4031.1,4115.26,3982.36,4037.279746708634,,
1784106000,4031.1,4034.23,4029.6,4030.34,4115.26,3982.36,4037.1369013247404,,
1784106900,4030.34,4032.88,4026.92,4027.45,4115.26,3982.36,4037.0187066114145,,
1784107800,4027.45,4029.57,4025.44,4027.33,4115.26,3982.36,4036.8731887159397,,
1784108700,4027.33,4030.44,4026.07,4030.27,4115.26,3982.36,4036.745443564957,,
1784109600,4030.27,4035.88,4028.6,4033.55,4115.26,3982.36,4036.672902353968,,
1784110500,4033.55,4035.61,4026.46,4028.82,4115.26,3982.36,4036.5078501948824,,
1784111400,4028.82,4034.09,4028.22,4031.14,4115.26,3982.36,4036.414362628425,,
1784112300,4031.14,4031.19,4026.89,4027.93,4115.26,3982.36,4036.2868415651546,,
1784113200,4027.93,4032.84,4027.6,4030.19,4115.26,3982.36,4036.1671882190344,,
1784114100,4030.19,4031.19,4027.55,4030.71,4115.26,3982.36,4036.0591528364093,,
1784115000,4030.71,4039.26,4029.2,4037.33,4115.26,3982.36,4036.0468827618256,,
1784115900,4037.33,4040.19,4035.51,4038.25,4115.26,3982.36,4036.083693159095,,
1784116800,4038.25,4042.6,4035.83,4037.83,4115.26,3982.36,4036.1393820691474,,
1784117700,4037.83,4040.7,4037.41,4039.2,4115.26,3982.36,4036.217721925158,,
1784118600,4039.2,4066.02,4038.89,4062.94,4115.26,3982.36,4037.2617407465414,,
1784119500,4062.94,4071.55,4060.7,4067.75,4115.26,3982.36,4038.188803962661,,
1784120400,4067.75,4074.12,4061.57,4061.58,4115.26,3982.36,4039.464202748167,,
1784121300,4061.58,4066.46,4053.93,4055.58,4115.26,3982.36,4039.953142090151,,
1784122200,4055.58,4063.16,4055.26,4061.05,4115.26,3982.36,4040.5990302823598,,
1784123100,4061.05,4066.58,4054.91,4061.66,4115.26,3982.36,4041.417297111386,,
1784124000,4061.66,4065.62,4059.89,4064.26,4115.26,3982.36,4042.133086753296,,
1784124900,4064.26,4065.84,4055.51,4058.37,4115.26,3982.36,4042.7762825172686,,
1784125800,4058.37,4064.02,4056.84,4057.23,4115.26,3982.36,4043.294124257891,,
1784126700,4057.23,4060.96,4053.18,4060.51,4115.26,3982.36,4043.756700301694,,
1784127600,4060.51,4062.95,4043.13,4043.86,4115.26,3982.36,4043.9286293280256,,
1784128500,4043.86,4049.78,4039.38,4048.84,4115.26,3982.36,4043.993733765298,,
1784129400,4048.84,4050.48,4044.65,4049.53,4115.26,3982.36,4044.092101922499,,
1784130300,4049.53,4050.94,4046.28,4046.91,4115.26,3982.36,4044.153187734657,,
1784131200,4046.91,4047.89,4037.26,4038.46,4115.26,3982.36,4044.0958005751936,,
1784132100,4038.46,4040.73,4032.89,4034.61,4115.26,3982.36,4043.9017015546106,,
1784133000,4034.61,4037,4026.71,4028.8,4115.26,3982.36,4043.5884203473724,,
1784133900,4028.8,4037.99,4027.47,4033.65,4115.26,3982.36,4043.3344773489807,,
1784134800,4033.65,4039.14,4032.92,4035.99,4115.26,3982.36,4043.224770682299,,
1784135700,4035.99,4048.16,4033.08,4047.31,4115.26,3982.36,4043.218975342927,,
1784136600,4047.31,4063.07,4046.88,4062.36,4115.26,3982.36,4043.5099886728867,,
1784137500,4062.36,4066.18,4060.29,4062.23,4115.26,3982.36,4043.8149980498833,,
1784138400,4062.23,4070.31,4061.74,4067.97,4115.26,3982.36,4044.1318411855827,,
1784139300,4067.97,4075.34,4066.68,4074.09,4115.26,3982.36,4044.5321750872918,,
1784140200,4074.09,4081.44,4067.67,4067.73,4115.26,3982.36,4044.9233676291437,,
1784141100,4067.73,4068.63,4057.84,4059.18,4115.26,3982.36,4045.146537338912,,
1784142000,4059.18,4062.95,4057.29,4060.88,4115.26,3982.36,4045.3264811963363,,
1784142900,4060.88,4061.28,4052.79,4055.99,4115.26,3982.36,4045.433357035439,,
1784143800,4055.99,4057.48,4047.78,4051.04,4115.26,3982.36,4045.5361696502464,,
1784144700,4051.04,4057.29,4050.43,4057,4115.26,3982.36,4045.640378415765,,
1784145600,4057,4058.37,4055.22,4057.41,4115.26,3982.36,4045.6909044901176,,
1784146500,4057.41,4062.15,4057.22,4061.33,4115.26,3982.36,4045.7307128839293,,
1784147400,4061.33,4063.06,4060.37,4061.49,4115.26,3982.36,4045.7656236353387,,
1784148300,4061.49,4062.82,4059.33,4059.82,4115.26,3982.36,4045.8055511235875,,
1784152800,4059.82,4065.24,4059.82,4063.37,4115.26,3982.36,4062.81,,
1784153700,4063.37,4064.03,4061.15,4062.13,4115.26,3982.36,4062.6437105999757,,
1784154600,4062.13,4062.25,4058.9,4059.96,4115.26,3982.36,4061.9355337690636,,
1784155500,4059.96,4061.38,4058.07,4059.54,4115.26,3982.36,4061.40895197631,,
1784156400,4059.54,4062.06,4058.88,4060.37,4115.26,3982.36,4061.202485549133,,
1784157300,4060.37,4060.37,4056.91,4057.63,4115.26,3982.36,4060.750563259716,,
1784158200,4057.63,4059.38,4055.43,4057.78,4115.26,3982.36,4060.297030356519,,
1784159100,4057.78,4061.02,4056.18,4057.95,4115.26,3982.36,4059.860843376914,,
1784160000,4057.95,4059.42,4054.78,4056.34,4115.26,3982.36,4058.9916504020684,,
1784160900,4056.34,4060.34,4054.91,4058.37,4115.26,3982.36,4058.80161161564,,
1784161800,4058.37,4061.1,4054,4054.98,4115.26,3982.36,4058.5016832815463,,
1784162700,4054.98,4060.88,4043.51,4044.52,4115.26,3982.36,4056.855156168555,,
1784163600,4044.52,4050.58,4040.59,4045.34,4115.26,3982.36,4053.755210781309,,
1784164500,4045.34,4045.5,4033.82,4036.93,4115.26,3982.36,4051.4231099341273,,
1784165400,4036.93,4046,4036.64,4042.13,4115.26,3982.36,4050.3197442404626,,
1784166300,4042.13,4044.07,4037.05,4039.04,4115.26,3982.36,4049.369410026679,,
1784167200,4039.04,4040.15,4031.14,4032.61,4115.26,3982.36,4048.200323655148,,
1784168100,4032.61,4035.1,4028.66,4034.66,4115.26,3982.36,4047.316099070429,,
1784169000,4034.66,4035.7,4023.8,4027.81,4115.26,3982.36,4045.856399463559,,
1784169900,4027.81,4032.51,4024.58,4031.32,,,4044.9177069491675,,
1784170800,4031.32,4033.08,4029.21,4029.85,,,4044.1962994872815,,
1784171700,4029.85,4034.05,4027.51,4033.92,,,4043.6162671273396,,
1784172600,4033.92,4036.35,4032.35,4035.54,,,4043.31030702531,,
1784173500,4035.54,4036.92,4034.19,4036.24,,,4043.1575300233917,,
1784174400,4036.24,4037.98,4031.81,4036.9,4084.0999999999995,4000.3000000000006,4042.9790002513714,,
1784175300,4036.9,4036.92,4031.79,4034.03,4084.0999999999995,4000.3000000000006,4042.8191181935063,,
1784176200,4034.03,4035.42,4031.78,4032.55,4084.0999999999995,4000.3000000000006,4042.6712859461763,,
1784177100,4032.55,4035.22,4032.31,4033.03,4084.0999999999995,4000.3000000000006,4042.540551928557,,
1784178000,4033.03,4033.87,4029.25,4030.91,4084.0999999999995,4000.3000000000006,4042.288348973388,,
1784178900,4030.91,4033.13,4026.69,4027.6,4084.0999999999995,4000.3000000000006,4041.871302036881,,
1784179800,4027.6,4033,4025.12,4032.39,4084.0999999999995,4000.3000000000006,4041.0251560461998,,
1784180700,4032.39,4032.83,4025.54,4027.29,4084.0999999999995,4000.3000000000006,4040.380490555623,,
1784181600,4027.29,4036.38,4026.85,4032.12,4084.0999999999995,4000.3000000000006,4039.920749339056,,
1784182500,4032.12,4032.81,4027.85,4030.35,4084.0999999999995,4000.3000000000006,4039.547612984213,,
1784183400,4030.35,4030.95,4022.87,4027.04,4084.0999999999995,4000.3000000000006,4038.9627014889265,,
1784184300,4027.04,4031.45,4026.33,4030.41,4084.0999999999995,4000.3000000000006,4038.677344574234,,
1784185200,4030.41,4030.67,4025.53,4026.28,4084.0999999999995,4000.3000000000006,4038.3670224857915,,
1784186100,4026.28,4026.98,4023.66,4024.5,4084.0999999999995,4000.3000000000006,4038.0125923419687,,
1784187000,4024.5,4028.41,4022.89,4026.02,4084.0999999999995,4000.3000000000006,4037.6994999977574,,
1784187900,4026.02,4031.71,4025.8,4030.59,4084.0999999999995,4000.3000000000006,4037.4617022676566,,
1784188800,4030.59,4034.08,4025.31,4025.8,4084.0999999999995,4000.3000000000006,4037.1667151475294,,
1784189700,4025.8,4033.67,4025.29,4032.23,4084.0999999999995,4000.3000000000006,4037.0073608726975,,
1784190600,4032.23,4035.71,4031.94,4033.66,4084.0999999999995,4000.3000000000006,4036.934859310234,,
1784191500,4033.66,4036.65,4032.93,4035.17,4084.0999999999995,4000.3000000000006,4036.900378457276,,
1784192400,4035.17,4037.37,4035.09,4036.79,4084.0999999999995,4000.3000000000006,4036.8931480972783,,
1784193300,4036.79,4037.9,4030.7,4033.05,4084.0999999999995,4000.3000000000006,4036.8455543603727,,
1784194200,4033.05,4035.21,4030.26,4034.27,4084.0999999999995,4000.3000000000006,4036.7778340106106,,
1784195100,4034.27,4036.3,4031.53,4031.53,4084.0999999999995,4000.3000000000006,4036.7246833432987,,
1784196000,4031.53,4032.71,4029.47,4031.74,4084.0999999999995,4000.3000000000006,4036.642344874302,,
1784196900,4031.74,4034.86,4031.22,4033.29,4084.0999999999995,4000.3000000000006,4036.6012820401775,,
1784197800,4033.29,4034.5,4031.37,4033.05,4084.0999999999995,4000.3000000000006,4036.5505066957758,,
1784198700,4033.05,4033.25,4028.65,4029.51,4084.0999999999995,4000.3000000000006,4036.458321869051,,
1784199600,4029.51,4030.25,4026.39,4028.01,4084.0999999999995,4000.3000000000006,4036.32176586958,,
1784200500,4028.01,4028.01,4021.03,4024.28,4084.0999999999995,4000.3000000000006,4036.054216814603,,
1784201400,4024.28,4036.1,4023.56,4034.8,4084.0999999999995,4000.3000000000006,4035.949661277222,,
1784202300,4034.8,4042.54,4027.08,4038.31,4084.0999999999995,4000.3000000000006,4035.950845643604,,
1784203200,4038.31,4043.3,4027.44,4031.64,4084.0999999999995,4000.3000000000006,4035.8928686249055,,
1784204100,4031.64,4032.22,4012.58,4024.66,4084.0999999999995,4000.3000000000006,4035.3090531312473,,
1784205000,4024.66,4029.64,4000.43,4002.69,4084.0999999999995,4000.3000000000006,4034.1226346913645,,
1784205900,4002.69,4008.88,3990.27,3992.26,4084.0999999999995,4000.3000000000006,4032.2170726456625,,
1784206800,3992.26,3996.99,3973.26,3992.29,4084.0999999999995,4000.3000000000006,4029.5925991249815,,
1784207700,3992.29,4006.16,3991.22,4005.48,4084.0999999999995,4000.3000000000006,4028.724845467299,,
1784208600,4005.48,4008.31,3981.62,3986.28,4084.0999999999995,4000.3000000000006,4026.7151818558405,,
1784209500,3986.28,3996.96,3985.95,3989.81,4084.0999999999995,4000.3000000000006,4025.0843334548613,,
1784210400,3989.81,3997.32,3986.94,3989.14,4084.0999999999995,4000.3000000000006,4023.615152779307,,
1784211300,3989.14,4000.52,3987.68,3999.16,4084.0999999999995,4000.3000000000006,4022.531923821302,,
1784212200,3999.16,4004.83,3995.56,4004.83,4084.0999999999995,4000.3000000000006,4021.9639999971023,,
1784213100,4004.83,4006.65,3992.37,3997.84,4084.0999999999995,4000.3000000000006,4021.2998228441584,,
1784214000,3997.84,3998.69,3989.21,3992.81,4084.0999999999995,4000.3000000000006,4020.6062814325714,,
1784214900,3992.81,4016.96,3992.61,4011.33,4084.0999999999995,4000.3000000000006,4020.23255271142,,
1784215800,4011.33,4016.29,4007.53,4010.29,4084.0999999999995,4000.3000000000006,4020.0336461261954,,
1784216700,4010.29,4012.11,4005.44,4006.93,4084.0999999999995,4000.3000000000006,4019.8342180596733,,
1784217600,4006.93,4007.61,3989.59,3989.59,4084.0999999999995,4000.3000000000006,4019.2626916776053,,
1784218500,3989.59,3991.67,3982.13,3987.44,4084.0999999999995,4000.3000000000006,4018.3777645770583,,
1784219400,3987.44,3992.6,3986.87,3991.95,4084.0999999999995,4000.3000000000006,4017.9303583312258,,
1784220300,3991.95,3997,3989.27,3991.95,4084.0999999999995,4000.3000000000006,4017.5572271039523,,
1784221200,3991.95,3992.91,3984.37,3985.79,4084.0999999999995,4000.3000000000006,4017.118367002035,,
1784222100,3985.79,3988.76,3982.72,3987.47,4084.0999999999995,4000.3000000000006,4016.62656184304,,
1784223000,3987.47,3988.71,3979.89,3981.48,4084.0999999999995,4000.3000000000006,4016.067040530877,,
1784223900,3981.48,3987.41,3980.93,3984.54,4084.0999999999995,4000.3000000000006,4015.6230707566438,,
1784224800,3984.54,3989.35,3983.51,3985.07,4084.0999999999995,4000.3000000000006,4015.1203360554236,,
1784225700,3985.07,3990.37,3984.35,3986.26,4084.0999999999995,4000.3000000000006,4014.768246250245,,
1784226600,3986.26,3986.29,3976.45,3983.04,4084.0999999999995,4000.3000000000006,4014.201366448667,,
1784227500,3983.04,3984.92,3979.39,3980.32,4084.0999999999995,4000.3000000000006,4013.8798151497012,,
1784228400,3980.32,3985.95,3978.89,3980.41,4084.0999999999995,4000.3000000000006,4013.47062468131,,
1784229300,3980.41,3984.01,3978.45,3978.72,4084.0999999999995,4000.3000000000006,4013.1616267765808,,
1784230200,3978.72,3979.49,3969.11,3975.6,4084.0999999999995,4000.3000000000006,4012.6082435067615,,
1784231100,3975.6,3982.53,3972.86,3979.95,4084.0999999999995,4000.3000000000006,4012.0406905250034,,
1784232000,3979.95,3980.17,3974.38,3975.08,4084.0999999999995,4000.3000000000006,4011.893111866312,,
1784232900,3975.08,3975.36,3971.84,3974.82,4084.0999999999995,4000.3000000000006,4011.7903212290553,,
1784233800,3974.82,3976.37,3973.45,3974.39,4084.0999999999995,4000.3000000000006,4011.694354520105,,
1784234700,3974.39,3976.7,3974.08,3975.77,4084.0999999999995,4000.3000000000006,4011.563842151759,,
1784239200,3975.77,3980.42,3975.73,3976.4,4084.0999999999995,4000.3000000000006,3977.5166666666664,,
1784240100,3976.4,3977.25,3974.52,3976.58,4084.0999999999995,4000.3000000000006,3976.896161565479,,
1784241000,3976.58,3977.06,3973.37,3973.6,4084.0999999999995,4000.3000000000006,3976.21865597645,,
1784241900,3973.6,3978.49,3973.1,3978.37,4084.0999999999995,4000.3000000000006,3976.3020813771514,,
1784242800,3978.37,3980.33,3975.11,3979.97,4084.0999999999995,4000.3000000000006,3976.8563339856487,,
1784243700,3979.97,3980.61,3977.75,3978.31,4084.0999999999995,4000.3000000000006,3977.148144667265,,
1784244600,3978.31,3981.94,3975.43,3981.58,4084.0999999999995,4000.3000000000006,3977.5579194406896,,
1784245500,3981.58,3986.41,3976.58,3985.86,4084.0999999999995,4000.3000000000006,3979.2821440570233,,
1784246400,3985.86,3987.39,3983.03,3983.86,4084.0999999999995,4000.3000000000006,3981.118511627205,,
1784247300,3983.86,3990.95,3983.77,3984.88,4084.0999999999995,4000.3000000000006,3982.3915670827773,,
1784248200,3984.88,3985.07,3980.5,3982.02,4084.0999999999995,4000.3000000000006,3982.4098739464234,,
1784249100,3982.02,3991.92,3981.5,3991.8,4084.0999999999995,4000.3000000000006,3983.3272504454058,,
1784250000,3991.8,3995.06,3987.22,3992.05,4084.0999999999995,4000.3000000000006,3985.275006721925,,
1784250900,3992.05,3996.2,3987.83,3991.05,4084.0999999999995,4000.3000000000006,3986.093154061672,,
1784251800,3991.05,3995.41,3988.68,3991.29,4084.0999999999995,4000.3000000000006,3986.715413311883,,
1784252700,3991.29,3992.7,3979.04,3983.12,4084.0999999999995,4000.3000000000006,3986.511653923889,,
1784253600,3983.12,3987.36,3979.75,3980.75,4084.0999999999995,4000.3000000000006,3986.2122150966557,,
1784254500,3980.75,3984.51,3980.17,3983.07,4084.0999999999995,4000.3000000000006,3986.0446609263363,,
1784255400,3983.07,3984.18,3970.58,3974.9,4084.0999999999995,4000.3000000000006,3985.2411644466833,,
1784256300,3974.9,3979.9,3974.42,3979.24,,,3984.7363297508573,,
1784257200,3979.24,3992.66,3978.79,3988.6,,,3984.8746656063017,,
1784258100,3988.6,4008.72,3988.44,4001.15,,,3985.9454589392735,,
1784259000,4001.15,4001.6,3995.7,3997.45,,,3986.368223831867,,
1784259900,3997.45,3998.43,3990.47,3991.46,,,3986.5410824378564,,
1784260800,3991.46,3991.64,3987.09,3988.74,4030.5199999999995,3944.7200000000003,3986.609183722275,,
1784261700,3988.74,3990.26,3985.05,3986.22,4030.5199999999995,3944.7200000000003,3986.6236521753603,,
1784262600,3986.22,3988.1,3979.82,3982.03,4030.5199999999995,3944.7200000000003,3986.519406897578,,
1784263500,3982.03,3984.72,3980.15,3981.79,4030.5199999999995,3944.7200000000003,3986.4270916093897,,
1784264400,3981.79,3982.84,3977.12,3979.48,4030.5199999999995,3944.7200000000003,3986.240492294122,,
1784265300,3979.48,3981.71,3974.92,3979.73,4030.5199999999995,3944.7200000000003,3986.0043731972182,,
1784266200,3979.73,3990.6,3978.34,3986.69,4030.5199999999995,3944.7200000000003,3985.953449063016,,
1784267100,3986.69,3991.34,3981.47,3985.07,4030.5199999999995,3944.7200000000003,3985.953741937262,,
1784268000,3985.07,4000.89,3985,3999.48,4030.5199999999995,3944.7200000000003,3986.436578857778,,
1784268900,3999.48,4005.9,3997.74,4003.65,4030.5199999999995,3944.7200000000003,3987.0881351491516,,
1784269800,4003.65,4007.09,3995.57,3996.24,4030.5199999999995,3944.7200000000003,3987.5119436832333,,
1784270700,3996.24,4001.5,3996.02,3999.28,4030.5199999999995,3944.7200000000003,3987.858413728241,,
1784271600,3999.28,4002.48,3993.15,3996.4,4030.5199999999995,3944.7200000000003,3988.169524507319,,
1784272500,3996.4,3999.29,3993.88,3996.3,4030.5199999999995,3944.7200000000003,3988.3810193824743,,
1784273400,3996.3,3998.5,3993.93,3998.49,4030.5199999999995,3944.7200000000003,3988.581679149982,,
1784274300,3998.49,3998.57,3992.54,3992.79,4030.5199999999995,3944.7200000000003,3988.698465633752,,
1784275200,3992.79,3999.81,3991.29,3993.2,4030.5199999999995,3944.7200000000003,3988.8962679937285,,
1784276100,3993.2,3994.98,3988.04,3992.46,4030.5199999999995,3944.7200000000003,3988.9957481213537,,
1784277000,3992.46,3993.38,3987.78,3993.32,4030.5199999999995,3944.7200000000003,3989.0482969242944,,
1784277900,3993.32,3999.37,3991.56,3994.1,4030.5199999999995,3944.7200000000003,3989.1636962622815,,
1784278800,3994.1,3998.45,3992.65,3997.86,4030.5199999999995,3944.7200000000003,3989.3333500782946,,
1784279700,3997.86,4002.46,3995.38,3999.03,4030.5199999999995,3944.7200000000003,3989.512104985496,,
1784280600,3999.03,3999.67,3995.15,3995.7,4030.5199999999995,3944.7200000000003,3989.6276255907874,,
1784281500,3995.7,3998.68,3994.58,3997.99,4030.5199999999995,3944.7200000000003,3989.725169838671,,
1784282400,3997.99,3998.67,3994.78,3997.25,4030.5199999999995,3944.7200000000003,3989.8469385829126,,
1784283300,3997.25,3999.22,3994.29,3996.12,4030.5199999999995,3944.7200000000003,3989.940912370558,,
1784284200,3996.12,3997.56,3993.8,3996.27,4030.5199999999995,3944.7200000000003,3990.001010617698,,
1784285100,3996.27,3997.27,3990.24,3990.86,4030.5199999999995,3944.7200000000003,3990.0337929007687,,
1784286000,3990.86,3994.26,3990.3,3991.6,4030.5199999999995,3944.7200000000003,3990.065655616504,,
1784286900,3991.6,3996.15,3989.91,3995.68,4030.5199999999995,3944.7200000000003,3990.1274901066745,,
1784287800,3995.68,3996.5,3991.3,3992.02,4030.5199999999995,3944.7200000000003,3990.168254588734,,
1784288700,3992.02,3998.82,3991.27,3993.96,4030.5199999999995,3944.7200000000003,3990.235432812105,,
1784289600,3993.96,3995.62,3988.31,3989.87,4030.5199999999995,3944.7200000000003,3990.253935054952,,
1784290500,3989.87,3992.24,3984.23,3987.02,4030.5199999999995,3944.7200000000003,3990.2099543556737,,
1784291400,3987.02,3988.31,3965.46,3969.58,4030.5199999999995,3944.7200000000003,3989.830919323989,,
1784292300,3969.58,3973.11,3963.94,3965.96,4030.5199999999995,3944.7200000000003,3989.2002334198264,,
1784293200,3965.96,3975.7,3959.49,3969.77,4030.5199999999995,3944.7200000000003,3988.386396244542,,
1784294100,3969.77,3975.14,3967.01,3968.29,4030.5199999999995,3944.7200000000003,3987.7511929923785,,
1784295000,3968.29,4003.31,3963.74,3984.97,4030.5199999999995,3944.7200000000003,3987.5004928652897,,
1784295900,3984.97,3997.42,3981.11,3996.97,4030.5199999999995,3944.7200000000003,3987.6973359829703,,
1784296800,3996.97,4000.79,3989.88,3994.56,4030.5199999999995,3944.7200000000003,3987.992158702724,,
1784297700,3994.56,4004.52,3993.49,3998.53,4030.5199999999995,3944.7200000000003,3988.4058536025004,,
1784298600,3998.53,3999.79,3992.03,3997.67,4030.5199999999995,3944.7200000000003,3988.622948600643,,
1784299500,3997.67,4001.42,3992.8,4001.12,4030.5199999999995,3944.7200000000003,3988.8580929151362,,
1784300400,4001.12,4014.05,3997.51,4006.01,4030.5199999999995,3944.7200000000003,3989.347281360669,,
1784301300,4006.01,4013.49,4004.39,4013.44,4030.5199999999995,3944.7200000000003,3989.837364351176,,
1784302200,4013.44,4016.24,4009,4015.26,4030.5199999999995,3944.7200000000003,3990.366643594337,,
1784303100,4015.26,4021.33,4013.63,4019.18,4030.5199999999995,3944.7200000000003,3990.8078215301653,,
1784304000,4019.18,4020.43,4010.79,4017.76,4030.5199999999995,3944.7200000000003,3991.3709265240486,,
1784304900,4017.76,4023.83,4016.65,4018.58,4030.5199999999995,3944.7200000000003,3991.766499986184,,
1784305800,4018.58,4019.4,4012.62,4017.41,4030.5199999999995,3944.7200000000003,3992.0457719308715,,
1784306700,4017.41,4020.61,4014.52,4014.97,4030.5199999999995,3944.7200000000003,3992.26675981448,,
1784307600,4014.97,4019.17,4013.22,4013.34,4030.5199999999995,3944.7200000000003,3992.4616428365243,,
1784308500,4013.34,4015.8,4012.35,4013.83,4030.5199999999995,3944.7200000000003,3992.658530721522,,
1784309400,4013.83,4014.56,4009.63,4010.96,4030.5199999999995,3944.7200000000003,3992.8047833692267,,
1784310300,4010.96,4013.19,4008.2,4009.94,4030.5199999999995,3944.7200000000003,3992.9453751765827,,
1784311200,4009.94,4012.87,4007.57,4010.35,4030.5199999999995,3944.7200000000003,3993.1252079042583,,
1784312100,4010.35,4016.12,4008.81,4015.28,4030.5199999999995,3944.7200000000003,3993.318944948184,,
1784313000,4015.28,4016,4007.12,4008.05,4030.5199999999995,3944.7200000000003,3993.4406011798474,,
1784313900,4008.05,4012.11,4006.51,4011.19,4030.5199999999995,3944.7200000000003,3993.54262568243,,
1784314800,4011.19,4011.53,4004.41,4005.85,4030.5199999999995,3944.7200000000003,3993.6441659319535,,
1784315700,4005.85,4006.77,4002.15,4005.24,4030.5199999999995,3944.7200000000003,3993.722207089154,,
1784316600,4005.24,4009.97,4004.89,4009.84,4030.5199999999995,3944.7200000000003,3993.825444334097,,
1784317500,4009.84,4016.61,4009.15,4015.31,4030.5199999999995,3944.7200000000003,3994.062917533502,,
1784318400,4015.31,4015.75,4011.56,4011.72,4030.5199999999995,3944.7200000000003,3994.127664114061,,
1784319300,4011.72,4012.27,4008.48,4010.63,4030.5199999999995,3944.7200000000003,3994.1738238161292,,
1784320200,4010.63,4013.67,4008.3,4013.3,4030.5199999999995,3944.7200000000003,3994.2222116408684,,
1784498400,4013.3,4013.3,3994.25,3996.04,,,4001.1966666666667,,
1784499300,3996.04,4000.03,3994.39,3994.6,,,3999.38650884282,,
1784500200,3994.6,3999.34,3993.01,3996.48,,,3998.4080600040134,,
1784501100,3996.48,3998.36,3994.24,3994.55,,,3997.9680790021484,,
1784502000,3994.55,3995.38,3990.05,3990.8,,,3996.825768783154,,
1784502900,3990.8,3994.15,3990.2,3992.94,,,3996.2812031537137,,
1784503800,3992.94,3994.58,3989.41,3992.17,,,3995.7081794422406,,
1784504700,3992.17,3996.32,3989.2,3995.24,,,3995.2036800249975,,
1784505600,3995.24,3998.75,3982.21,3996.09,,,3994.378292745221,,
1784506500,3996.09,4005.53,3993.41,4003.92,,,3995.6681222914012,,
1784507400,4003.92,4007.5,3998.3,3998.61,,,3996.513543687469,,
1784508300,3998.61,4010.36,3998.27,4008.7,,,3997.6103670949046,,
1784509200,4008.7,4020.91,4005.43,4009.94,,,4000.798227949311,,
1784510100,4009.94,4010.22,3999.62,4002.95,,,4001.216293153527,,
1784511000,4002.95,4005.69,3995.49,3997.1,,,4001.03036009461,,
1784511900,3997.1,4004.3,3996.85,4002.08,,,4001.0339150260615,,
1784512800,4002.08,4009.83,4001.19,4006.19,,,4001.4089615121366,,
1784513700,4006.19,4008.79,4003.96,4006.86,,,4001.649400691176,,
1784514600,4006.86,4016.25,4005.9,4014.74,,,4002.3837394955367,,
1784515500,4014.74,4028.82,4013.8,4021.69,,,4003.5074761157352,,
1784516400,4021.69,4024.49,4018.54,4024,,,4004.4638978986,,
1784517300,4024,4026.82,4021.46,4022.07,,,4005.3228311790426,,
1784518200,4022.07,4027.82,4018.54,4027.05,,,4005.8845304388074,,
1784519100,4027.05,4027.86,4022.63,4024.11,,,4006.271878410617,,
1784520000,4024.11,4026.68,4021.24,4021.37,4071.75,3944.6499999999996,4006.5899514550483,,
1784520900,4021.37,4025.67,4021.28,4025.36,4071.75,3944.6499999999996,4006.8625696805148,,
1784521800,4025.36,4025.55,4022.03,4022.93,4071.75,3944.6499999999996,4007.138448618758,,
1784522700,4022.93,4023.04,4018.32,4018.7,4071.75,3944.6499999999996,4007.384796217073,,
1784523600,4018.7,4021.13,4011.71,4013.66,4071.75,3944.6499999999996,4007.5661795699107,,
1784524500,4013.66,4014.99,4009.83,4011,4071.75,3944.6499999999996,4007.6524382953053,,
1784525400,4011,4014.56,4007.66,4009.82,4071.75,3944.6499999999996,4007.783939795969,,
1784526300,4009.82,4010.92,4005.26,4008.76,4071.75,3944.6499999999996,4007.8023877874807,,
1784527200,4008.76,4011.66,4006.67,4007.43,4071.75,3944.6499999999996,4007.829320964385,,
1784528100,4007.43,4009.53,4003.98,4004.86,4071.75,3944.6499999999996,4007.7826320302647,,
1784529000,4004.86,4006.45,4002.88,4004.84,4071.75,3944.6499999999996,4007.7024123113965,,
1784529900,4004.84,4007.66,4003.09,4003.83,4071.75,3944.6499999999996,4007.64481379699,,
1784530800,4003.83,4006.85,4001.82,4004.22,4071.75,3944.6499999999996,4007.57476296682,,
1784531700,4004.22,4008.66,4002.1,4006.7,4071.75,3944.6499999999996,4007.532267102998,,
1784532600,4006.7,4020.98,4006.54,4020.92,4071.75,3944.6499999999996,4007.8388985293504,,
1784533500,4020.92,4021.73,4015.79,4017.21,4071.75,3944.6499999999996,4008.061550294296,,
1784534400,4017.21,4025.52,4016.95,4023.92,4071.75,3944.6499999999996,4008.3786562519786,,
1784535300,4023.92,4030.66,4021.8,4021.89,4071.75,3944.6499999999996,4008.709991791744,,
1784536200,4021.89,4024.91,4018.89,4021.83,4071.75,3944.6499999999996,4008.943642631587,,
1784537100,4021.83,4022.77,4017.39,4018.91,4071.75,3944.6499999999996,4009.118394430681,,
1784538000,4018.91,4021.06,4015.21,4019.33,4071.75,3944.6499999999996,4009.262655154839,,
1784538900,4019.33,4022.14,4015.3,4016.33,4071.75,3944.6499999999996,4009.3637955266104,,
1784539800,4016.33,4020.91,4014.67,4019.09,4071.75,3944.6499999999996,4009.5153940192617,,
1784540700,4019.09,4023.21,4017.48,4021.23,4071.75,3944.6499999999996,4009.6670301371964,,
1784541600,4021.23,4021.73,4018.15,4020.7,4071.75,3944.6499999999996,4009.808694382743,,
1784542500,4020.7,4023.38,4018.7,4021.89,4071.75,3944.6499999999996,4009.9396541731226,,
1784543400,4021.89,4024.23,4021.19,4022.09,4071.75,3944.6499999999996,4010.0885609102374,,
1784544300,4022.09,4025.52,4020.9,4024.2,4071.75,3944.6499999999996,4010.242522518552,,
1784545200,4024.2,4027.22,4019.73,4021.99,4071.75,3944.6499999999996,4010.4839855678288,,
1784546100,4021.99,4024,4019.92,4022.21,4071.75,3944.6499999999996,4010.6128535018797,,
1784547000,4022.21,4040.86,4021.5,4032.55,4071.75,3944.6499999999996,4011.8670548137998,,
1784547900,4032.55,4032.55,4024.94,4025.24,4071.75,3944.6499999999996,4012.2118561091984,,
1784548800,4025.24,4025.29,4011.49,4012.74,4071.75,3944.6499999999996,4012.394751140039,,
1784549700,4012.74,4014.91,4006.64,4012.98,4071.75,3944.6499999999996,4012.3704749258172,,
1784550600,4012.98,4014.84,4006.2,4009.93,4071.75,3944.6499999999996,4012.323974194238,,
1784551500,4009.93,4015.52,4007.92,4008.06,4071.75,3944.6499999999996,4012.2889658357813,,
1784552400,4008.06,4013.91,4007.67,4008.55,4071.75,3944.6499999999996,4012.234772963046,,
1784553300,4008.55,4012.62,4006.88,4008.6,4071.75,3944.6499999999996,4012.179297693619,,
1784554200,4008.6,4017.34,4008.04,4013.01,4071.75,3944.6499999999996,4012.200354855489,,
1784555100,4013.01,4013.42,4005.55,4005.57,4071.75,3944.6499999999996,4012.085701363873,,
1784556000,4005.57,4007.88,3998.03,3998.87,4071.75,3944.6499999999996,4011.7773113592602,,
1784556900,3998.87,4006.85,3998.13,4006.61,4071.75,3944.6499999999996,4011.5968001448296,,
1784557800,4006.61,4010.86,4006.07,4007.34,4071.75,3944.6499999999996,4011.53129455571,,
1784558700,4007.34,4013.67,4004.95,4006.15,4071.75,3944.6499999999996,4011.4636739631405,,
1784559600,4006.15,4019.42,4004.37,4014.06,4071.75,3944.6499999999996,4011.4922212081547,,
1784560500,4014.06,4016.5,4011.06,4016.33,4071.75,3944.6499999999996,4011.5556801237244,,
1784561400,4016.33,4016.76,4010.04,4012.91,4071.75,3944.6499999999996,4011.580149114648,,
1784562300,4012.91,4016.3,4011.7,4011.74,4071.75,3944.6499999999996,4011.5979609964334,,
1784563200,4011.74,4018.38,4011.27,4013.67,4071.75,3944.6499999999996,4011.628313558161,,
1784564100,4013.67,4014.32,4010.68,4012.47,4071.75,3944.6499999999996,4011.6360286553195,,
1784565000,4012.47,4012.64,4001.18,4009.63,4071.75,3944.6499999999996,4011.5730488752115,,
1784565900,4009.63,4010.63,4006.69,4009.71,4071.75,3944.6499999999996,4011.546198949747,,
1784566800,4009.71,4012.35,4009.52,4010.07,4071.75,3944.6499999999996,4011.5393777726285,,
1784567700,4010.07,4013.01,4008.8,4012.05,4071.75,3944.6499999999996,4011.537288853619,,
1784568600,4012.05,4012.88,4007.64,4007.92,4071.75,3944.6499999999996,4011.523039587429,,
1784569500,4007.92,4007.92,4003.76,4005.14,4071.75,3944.6499999999996,4011.4694911921547,,
1784570400,4005.14,4010.74,4005.14,4008.76,4071.75,3944.6499999999996,4011.44424074903,,
1784571300,4008.76,4011.83,4003.31,4006.6,4071.75,3944.6499999999996,4011.397426555086,,
1784572200,4006.6,4007.35,4004.36,4006.32,4071.75,3944.6499999999996,4011.3504326879197,,
1784573100,4006.32,4008.76,4005.29,4007.17,4071.75,3944.6499999999996,4011.3164248401,,
1784574000,4007.17,4008.07,4004.4,4004.69,4071.75,3944.6499999999996,4011.279147900572,,
1784574900,4004.69,4013.04,4004.32,4013,4071.75,3944.6499999999996,4011.269571308504,,
1784575800,4013,4018.03,4004.95,4005.81,4071.75,3944.6499999999996,4011.2481482300213,,
1784576700,4005.81,4010.26,4005.47,4006.82,4071.75,3944.6499999999996,4011.21344160082,,
1784577600,4006.82,4009.33,4005.64,4007.78,4071.75,3944.6499999999996,4011.1973035651345,,
1784578500,4007.78,4009.24,4007,4008.32,4071.75,3944.6499999999996,4011.1902963728317,,
1784579400,4008.32,4009.39,4007.24,4008.62,4071.75,3944.6499999999996,4011.185192613541,,
1784580300,4008.62,4009.01,4006.93,4007.65,4071.75,3944.6499999999996,4011.177468045501,,
1784584800,4007.65,4009.4,4005.44,4006.95,4071.75,3944.6499999999996,4007.263333333334,,
1784585700,4006.95,4010.93,4005.1,4010,4071.75,3944.6499999999996,4008.1801102509967,,
1784586600,4010,4010.01,4002.48,4003.85,4071.75,3944.6499999999996,4007.0208199932454,,
1784587500,4003.85,4008.14,3999.59,4000.47,4071.75,3944.6499999999996,4005.4970149773594,,
1784588400,4000.47,4009.93,4000.14,4003.16,4071.75,3944.6499999999996,4005.1906197042176,,
1784589300,4003.16,4007.3,4003.15,4003.55,4071.75,3944.6499999999996,4005.1145030599428,,
1784590200,4003.55,4008.56,4003.27,4007.49,4071.75,3944.6499999999996,4005.274314084937,,
1784591100,4007.49,4010.55,4003.97,4009.82,4071.75,3944.6499999999996,4005.801465043731,,
1784592000,4009.82,4012.78,4003.23,4010.2,4071.75,3944.6499999999996,4006.8238324727477,,
1784592900,4010.2,4018.73,4007.71,4014.96,4071.75,3944.6499999999996,4008.145609251874,,
1784593800,4014.96,4023.8,4013.92,4022.24,4071.75,3944.6499999999996,4009.5699037760346,,
1784594700,4022.24,4027.12,4021.79,4025.37,4071.75,3944.6499999999996,4011.0134360262045,,
1784595600,4025.37,4030.17,4018.69,4028.75,4071.75,3944.6499999999996,4013.4398610858602,,
1784596500,4028.75,4035.84,4025.98,4028.15,4071.75,3944.6499999999996,4015.4468421364054,,
1784597400,4028.15,4030.84,4022.96,4024.28,4071.75,3944.6499999999996,4016.4762332182277,,
1784598300,4024.28,4028.33,4021.28,4023.13,4071.75,3944.6499999999996,4016.9711827352016,,
1784599200,4023.13,4026.68,4022.09,4024.47,4071.75,3944.6499999999996,4017.384067222167,,
1784600100,4024.47,4030,4021.79,4028.63,4071.75,3944.6499999999996,4017.8039848494072,,
1784601000,4028.63,4044.78,4027.67,4035.57,4071.75,3944.6499999999996,4019.322757418943,,
1784601900,4035.57,4038.54,4030.83,4037.96,,,4020.0484470344,,
1784602800,4037.96,4042.19,4037.56,4038.13,,,4020.9118116274535,,
1784603700,4038.13,4051.67,4036.66,4047.56,,,4022.1998597539914,,
1784604600,4047.56,4049.72,4041.74,4041.82,,,4022.85916475754,,
1784605500,4041.82,4047.59,4041.77,4046.91,,,4023.437486623509,,
1784606400,4046.91,4051.68,4045.5,4045.87,4070.1400000000003,3984.39,4024.118912408206,,
1784607300,4045.87,4046.87,4043.48,4044.48,4070.1400000000003,3984.39,4024.471594960882,,
1784608200,4044.48,4047.66,4044.04,4047.17,4070.1400000000003,3984.39,4024.8276945009975,,
1784609100,4047.17,4049.86,4045.3,4049.55,4070.1400000000003,3984.39,4025.1532608951165,,
1784610000,4049.55,4051.73,4046.24,4051.31,4070.1400000000003,3984.39,4025.7165694859177,,
1784610900,4051.31,4056.63,4047.88,4054.56,4070.1400000000003,3984.39,4026.3968196024134,,
1784611800,4054.56,4066.48,4054.54,4065.82,4070.1400000000003,3984.39,4028.119162067954,,
1784612700,4065.82,4067.95,4061.35,4061.55,4070.1400000000003,3984.39,4029.333544227156,,
1784613600,4061.55,4072.6,4061.42,4071.22,4070.1400000000003,3984.39,4030.747905910466,,
1784614500,4071.22,4074.56,4068.31,4072.33,4070.1400000000003,3984.39,4032.183063129667,,
1784615400,4072.33,4080.86,4071.77,4076.94,4070.1400000000003,3984.39,4033.6561950860596,,
1784616300,4076.94,4084.2,4076.94,4078.44,4070.1400000000003,3984.39,4034.9461211671737,,
1784617200,4078.44,4080.21,4071.65,4072.17,4070.1400000000003,3984.39,4035.9058447273615,,
1784618100,4072.17,4073.57,4068.08,4069.52,4070.1400000000003,3984.39,4036.506494533386,,
1784619000,4069.52,4075.41,4067.54,4071.44,4070.1400000000003,3984.39,4037.1745214248776,,
1784619900,4071.44,4072.63,4069.75,4071.3,4070.1400000000003,3984.39,4037.773266850281,,
1784620800,4071.3,4072.56,4065.59,4067.92,4070.1400000000003,3984.39,4038.579445428931,,
1784621700,4067.92,4068.66,4062.89,4063.58,4070.1400000000003,3984.39,4039.1442831265636,,
1784622600,4063.58,4065.15,4060.74,4062.25,4070.1400000000003,3984.39,4039.614952304899,,
1784623500,4062.25,4063.64,4059.06,4062.87,4070.1400000000003,3984.39,4039.9233339972184,,
1784624400,4062.87,4066.9,4062.87,4064.99,4070.1400000000003,3984.39,4040.2648009606664,,
1784625300,4064.99,4068.49,4062.48,4062.73,4070.1400000000003,3984.39,4040.640525851714,,
1784626200,4062.73,4065.7,4061.01,4062.34,4070.1400000000003,3984.39,4040.9525046479803,,
1784627100,4062.34,4069.58,4062.19,4065.77,4070.1400000000003,3984.39,4041.329793550897,,
1784628000,4065.77,4068.4,4060.78,4066.34,4070.1400000000003,3984.39,4041.9325153429522,,
1784628900,4066.34,4069.35,4064.78,4066.61,4070.1400000000003,3984.39,4042.425379477905,,
1784629800,4066.61,4070.05,4066.57,4066.96,4070.1400000000003,3984.39,4042.765018619057,,
1784630700,4066.96,4068.69,4062.42,4062.91,4070.1400000000003,3984.39,4043.0734563216133,,
1784631600,4062.91,4063.55,4055.22,4058.58,4070.1400000000003,3984.39,4043.4098333565594,,
1784632500,4058.58,4059.79,4056.13,4058.05,4070.1400000000003,3984.39,4043.638364861915,,
1784633400,4058.05,4061.08,4055.4,4056.06,4070.1400000000003,3984.39,4043.852069070086,,
1784634300,4056.06,4058.5,4054.39,4056.15,4070.1400000000003,3984.39,4043.983073447125,,
1784635200,4056.15,4060.97,4055.61,4059.34,4070.1400000000003,3984.39,4044.223368214276,,
1784636100,4059.34,4065.56,4055.6,4061.39,4070.1400000000003,3984.39,4044.618466857952,,
1784637000,4061.39,4063.77,4050.7,4053.89,4070.1400000000003,3984.39,4044.98563572691,,
1784637900,4053.89,4062.22,4052.84,4053.85,4070.1400000000003,3984.39,4045.302047693696,,
1784638800,4053.85,4060.47,4053.8,4059.72,4070.1400000000003,3984.39,4045.848181986013,,
1784639700,4059.72,4061.79,4049.94,4050.88,4070.1400000000003,3984.39,4046.157969896817,,
1784640600,4050.88,4057.48,4044.62,4046.39,4070.1400000000003,3984.39,4046.322961288645,,
1784641500,4046.39,4053.54,4044.46,4053.01,4070.1400000000003,3984.39,4046.4580236203265,,
1784642400,4053.01,4065.96,4051.71,4065.91,4070.1400000000003,3984.39,4046.990176313334,,
1784643300,4065.91,4069.45,4061.08,4069.4,4070.1400000000003,3984.39,4047.7056731974394,,
1784644200,4069.4,4073.95,4062.23,4067.45,4070.1400000000003,3984.39,4048.2530118444492,,
1784645100,4067.45,4070.7,4066.11,4068.39,4070.1400000000003,3984.39,4048.781095680793,,
1784646000,4068.39,4073.75,4065.38,4073.28,4070.1400000000003,3984.39,4049.2581476949404,,
1784646900,4073.28,4079.02,4073.28,4076.77,4070.1400000000003,3984.39,4049.914449555008,,
1784647800,4076.77,4083.44,4075.29,4075.65,4070.1400000000003,3984.39,4050.4896315793926,,
1784648700,4075.65,4078.07,4072.11,4074.01,4070.1400000000003,3984.39,4050.765377294446,,
1784649600,4074.01,4079.08,4073.4,4078.37,4070.1400000000003,3984.39,4051.0676793686735,,
1784650500,4078.37,4078.52,4073.97,4075.56,4070.1400000000003,3984.39,4051.3257018276295,,
1784651400,4075.56,4076.35,4070.97,4071.92,4070.1400000000003,3984.39,4051.534045288109,,
1784652300,4071.92,4073.29,4069.76,4071.48,4070.1400000000003,3984.39,4051.7292016705105,,
1784653200,4071.48,4072.64,4069.12,4070.47,4070.1400000000003,3984.39,4051.9046266832124,,
1784654100,4070.47,4072.89,4068.95,4072.09,4070.1400000000003,3984.39,4052.0958244851836,,
1784655000,4072.09,4072.27,4066.6,4067.99,4070.1400000000003,3984.39,4052.2004978546533,,
1784655900,4067.99,4068.72,4066.63,4068.72,4070.1400000000003,3984.39,4052.275516402953,,
1784656800,4068.72,4072.16,4067.7,4071.33,4070.1400000000003,3984.39,4052.4238627888994,,
1784657700,4071.33,4087.32,4071.14,4083.81,4070.1400000000003,3984.39,4052.7963462618013,,
1784658600,4083.81,4085.68,4081.12,4082.31,4070.1400000000003,3984.39,4053.06292143668,,
1784659500,4082.31,4083.34,4079.27,4082.31,4070.1400000000003,3984.39,4053.236071212782,,
1784660400,4082.31,4085.66,4080.08,4080.92,4070.1400000000003,3984.39,4053.4870549625475,,
1784661300,4080.92,4085.24,4080.91,4084.08,4070.1400000000003,3984.39,4053.736305461827,,
1784662200,4084.08,4085.17,4081.9,4083.42,4070.1400000000003,3984.39,4053.9498581072826,,
1784663100,4083.42,4085.45,4082.73,4084.4,4070.1400000000003,3984.39,4054.312559149746,,
1784664000,4084.4,4086.36,4083.17,4084.33,4070.1400000000003,3984.39,4054.4185929022774,,
1784664900,4084.33,4084.49,4081.39,4082.81,4070.1400000000003,3984.39,4054.4670743404963,,
1784665800,4082.81,4085.24,4080.76,4080.99,4070.1400000000003,3984.39,4054.5433619570686,,
1784666700,4080.99,4080.99,4076.3,4077.43,4070.1400000000003,3984.39,4054.6259933848505,,
1784671200,4077.43,4079.83,4076.75,4078.6,4070.1400000000003,3984.39,4078.393333333334,,
1784672100,4078.6,4083.12,4077.86,4082.71,4070.1400000000003,3984.39,4079.909741531351,,
1784673000,4082.71,4085.06,4082.52,4083.67,4070.1400000000003,3984.39,4081.2734196179945,,
1784673900,4083.67,4084.41,4078.12,4080.41,4070.1400000000003,3984.39,4081.192979189797,,
1784674800,4080.41,4081.97,4079.31,4081.23,4070.1400000000003,3984.39,4081.138007463585,,
1784675700,4081.23,4082.46,4080.67,4081.11,4070.1400000000003,3984.39,4081.1646617522338,,
1784676600,4081.11,4082.22,4079.17,4080.28,4070.1400000000003,3984.39,4081.0964220767933,,
1784677500,4080.28,4082.98,4079.17,4080.57,4070.1400000000003,3984.39,4081.069151500123,,
1784678400,4080.57,4092.71,4076.45,4092.24,4070.1400000000003,3984.39,4083.7503630545634,,
1784679300,4092.24,4098.77,4092.22,4098.03,4070.1400000000003,3984.39,4086.844577751811,,
1784680200,4098.03,4102.49,4089.09,4092.74,4070.1400000000003,3984.39,4088.486629276685,,
1784681100,4092.74,4099.51,4091.3,4097.47,4070.1400000000003,3984.39,4089.6005547867176,,
1784682000,4097.47,4121.55,4096.46,4121.43,4070.1400000000003,3984.39,4096.0144358249845,,
1784682900,4121.43,4121.77,4111.6,4115.43,4070.1400000000003,3984.39,4098.8038253109,,
1784683800,4115.43,4122.9,4112.85,4121.68,4070.1400000000003,3984.39,4101.376643372337,,
1784684700,4121.68,4123.59,4117.29,4122.2,4070.1400000000003,3984.39,4103.049610358653,,
1784685600,4122.2,4123.49,4118.78,4121.93,4070.1400000000003,3984.39,4104.342668654188,,
1784686500,4121.93,4126.08,4119.86,4124.06,4070.1400000000003,3984.39,4105.294315075057,,
1784687400,4124.06,4130.49,4122.11,4128.31,4070.1400000000003,3984.39,4107.016904235769,,
1784688300,4128.31,4130.93,4126.2,4130.45,,,4108.326273965135,,
1784689200,4130.45,4140.51,4129.2,4137.22,,,4109.952357303755,,
1784690100,4137.22,4141.66,4136.61,4138.28,,,4111.16835524465,,
1784691000,4138.28,4138.32,4132.39,4133.46,,,4111.911598085717,,
1784691900,4133.46,4134.44,4130,4130.8,,,4112.427631499835,,
1784692800,4130.8,4131.19,4126.24,4127.01,4177.85,4042.2,4112.821538200425,,
1784693700,4127.01,4129.75,4126.97,4128.64,4177.85,4042.2,4113.078936849566,,
1784694600,4128.64,4129.04,4124.74,4127.31,4177.85,4042.2,4113.352198377542,,
1784695500,4127.31,4127.66,4125.14,4126.97,4177.85,4042.2,4113.566171099857,,
1784696400,4126.97,4129.9,4125.7,4128.5,4177.85,4042.2,4113.863238333834,,
1784697300,4128.5,4128.71,4123.14,4123.67,4177.85,4042.2,4114.152387925315,,
1784698200,4123.67,4133.98,4122.95,4132.41,4177.85,4042.2,4114.953657231674,,
1784699100,4132.41,4133.2,4127.86,4131.1,4177.85,4042.2,4115.516914571171,,
1784700000,4131.1,4135.34,4129.38,4129.85,4177.85,4042.2,4116.0738467773745,,
1784700900,4129.85,4131.96,4113.93,4117.46,4177.85,4042.2,4116.282898038514,,
1784701800,4117.46,4120.41,4114.58,4118.82,4177.85,4042.2,4116.345659220352,,
1784702700,4118.82,4120.67,4113.31,4116.37,4177.85,4042.2,4116.359570122148,,
1784703600,4116.37,4117.2,4111.7,4116.47,4177.85,4042.2,4116.323331944862,,
1784704500,4116.47,4122.5,4115.93,4119.61,4177.85,4042.2,4116.38448224086,,
1784705400,4119.61,4123.05,4110.92,4112.31,4177.85,4042.2,4116.357410729787,,
1784706300,4112.31,4114.27,4109.19,4110.54,4177.85,4042.2,4116.2305340860785,,
1784707200,4110.54,4116,4110.54,4114.63,4177.85,4042.2,4116.163675680937,,
1784708100,4114.63,4117.71,4113.37,4117.47,4177.85,4042.2,4116.164138810596,,
1784709000,4117.47,4119.04,4114.02,4114.46,4177.85,4042.2,4116.156711038363,,
1784709900,4114.46,4120.19,4113.3,4118.27,4177.85,4042.2,4116.177473915214,,
1784710800,4118.27,4122.26,4117.74,4121.58,4177.85,4042.2,4116.262578608411,,
1784711700,4121.58,4122.38,4117.69,4118.57,4177.85,4042.2,4116.311495808287,,
1784712600,4118.57,4121.78,4114.39,4115.83,4177.85,4042.2,4116.331466913884,,
1784713500,4115.83,4117.82,4113.18,4114.97,4177.85,4042.2,4116.3169510762245,,
1784714400,4114.97,4120,4114.78,4117.35,4177.85,4042.2,4116.334015088802,,
1784715300,4117.35,4121.81,4116.42,4119.33,4177.85,4042.2,4116.379708511837,,
1784716200,4119.33,4119.97,4115.8,4117.04,4177.85,4042.2,4116.393493648594,,
1784717100,4117.04,4120.21,4116.1,4117.57,4177.85,4042.2,4116.40984725233,,
1784718000,4117.57,4120.85,4115.16,4119.07,4177.85,4042.2,4116.434383722556,,
1784718900,4119.07,4123.01,4117.43,4118.63,4177.85,4042.2,4116.4734005812015,,
1784719800,4118.63,4120.58,4112.56,4115.17,4177.85,4042.2,4116.465206723071,,
1784720700,4115.17,4122.98,4114.69,4122.52,4177.85,4042.2,4116.52277938575,,
1784721600,4122.52,4127.43,4121.78,4127.3,4177.85,4042.2,4116.703392763382,,
1784722500,4127.3,4133.11,4124.7,4132.5,4177.85,4042.2,4117.0218951095485,,
1784723400,4132.5,4134.35,4124.58,4127.27,4177.85,4042.2,4117.31181723224,,
1784724300,4127.27,4127.58,4106.51,4112.87,4177.85,4042.2,4117.25932204425,,
1784725200,4112.87,4125.88,4112.63,4125.7,4177.85,4042.2,4117.391079241044,,
1784726100,4125.7,4134.99,4124.91,4131.69,4177.85,4042.2,4117.6840589506555,,
1784727000,4131.69,4146.52,4131.69,4142.6,4177.85,4042.2,4118.753020954201,,
1784727900,4142.6,4155.75,4142.55,4154.56,4177.85,4042.2,4120.06234223745,,
1784728800,4154.56,4163.41,4153.27,4156.63,4177.85,4042.2,4121.491657717379,,
1784729700,4156.63,4156.66,4144.35,4146.27,4177.85,4042.2,4122.449846526083,,
1784730600,4146.27,4152.9,4146.13,4150.74,4177.85,4042.2,4123.146420986525,,
1784731500,4150.74,4152.83,4143.91,4148.44,4177.85,4042.2,4123.745565753702,,
1784732400,4148.44,4158.48,4148.41,4157.39,4177.85,4042.2,4124.296062990066,,
1784733300,4157.39,4161.4,4153.18,4157.06,4177.85,4042.2,4124.736951253277,,
1784734200,4157.06,4160.86,4155.49,4159.9,4177.85,4042.2,4125.240269588736,,
1784735100,4159.9,4165.97,4158.3,4159.2,4177.85,4042.2,4125.826042522005,,
1784736000,4159.2,4159.36,4153.07,4154.52,4177.85,4042.2,4126.199900797281,,
1784736900,4154.52,4155.55,4147.7,4149.2,4177.85,4042.2,4126.459867444792,,
1784737800,4149.2,4151.37,4144.36,4147.03,4177.85,4042.2,4126.720917522413,,
1784738700,4147.03,4149.04,4144.55,4146.71,4177.85,4042.2,4126.919337168494,,
1784739600,4146.71,4147.8,4143.02,4145.3,4177.85,4042.2,4127.096198876363,,
1784740500,4145.3,4147.18,4142.61,4146.12,4177.85,4042.2,4127.295495769375,,
1784741400,4146.12,4147.59,4138.3,4140.6,4177.85,4042.2,4127.440492689205,,
1784742300,4140.6,4143.68,4140.42,4142.24,4177.85,4042.2,4127.544199758542,,
1784743200,4142.24,4142.86,4136.65,4138.02,4177.85,4042.2,4127.7025283298635,,
1784744100,4138.02,4139.62,4134.66,4135.17,4177.85,4042.2,4127.8299762501965,,
1784745000,4135.17,4136.24,4132,4135.85,4177.85,4042.2,4127.925335762688,,
1784745900,4135.85,4138.92,4135.22,4136.01,4177.85,4042.2,4127.994347138817,,
1784746800,4136.01,4137.18,4132.89,4133.97,4177.85,4042.2,4128.047577329801,,
1784747700,4133.97,4135.43,4131.65,4134.42,4177.85,4042.2,4128.08810496722,,
1784748600,4134.42,4136.24,4132.57,4133.8,4177.85,4042.2,4128.135507830275,,
1784749500,4133.8,4135.31,4128.73,4131.83,4177.85,4042.2,4128.179244335386,,
1784750400,4131.83,4135.63,4130.41,4134.53,4177.85,4042.2,4128.2408633663545,,
1784751300,4134.53,4137.87,4133.98,4136.48,4177.85,4042.2,4128.275191733917,,
1784752200,4136.48,4137.63,4131.01,4131.1,4177.85,4042.2,4128.29397494652,,
1784753100,4131.1,4131.17,4128.15,4129.84,4177.85,4042.2,4128.304565926419,,
1784757600,4129.84,4129.84,4117.11,4123.44,4177.85,4042.2,4123.463333333333,,
1784758500,4123.44,4128.93,4120.4,4128.86,4177.85,4042.2,4124.711716930643,,
1784759400,4128.86,4129.97,4119.93,4121.5,4177.85,4042.2,4124.442719995921,,
1784760300,4121.5,4126.46,4120.23,4121.53,4177.85,4042.2,4124.006722928124,,
1784761200,4121.53,4124.71,4116.09,4123.56,4177.85,4042.2,4123.455597228005,,
1784762100,4123.56,4124.11,4118.92,4119.88,4177.85,4042.2,4123.1916218730885,,
1784763000,4119.88,4124.66,4118.72,4123.37,4177.85,4042.2,4123.114306036796,,
1784763900,4123.37,4134.35,4122.58,4133.44,4177.85,4042.2,4124.380980835099,,
1784764800,4133.44,4134.47,4126.07,4126.72,4177.85,4042.2,4125.181564941851,,
1784765700,4126.72,4134.74,4126.5,4129.86,4177.85,4042.2,4125.810389672867,,
1784766600,4129.86,4132.37,4127.02,4127.68,4177.85,4042.2,4126.114556876823,,
1784767500,4127.68,4133.27,4124.99,4132.1,4177.85,4042.2,4126.459941147385,,
1784768400,4132.1,4139.12,4129.86,4134.56,4177.85,4042.2,4128.106240729192,,
1784769300,4134.56,4141.08,4133.66,4137.53,4177.85,4042.2,4129.116384799414,,
1784770200,4137.53,4139.37,4121.45,4121.59,4177.85,4042.2,4128.882276001575,,
1784771100,4121.59,4123.72,4114.13,4117.84,4177.85,4042.2,4127.767945017182,,
1784772000,4117.84,4118.89,4111.99,4117.63,4177.85,4042.2,4126.808256272628,,
1784772900,4117.63,4118.2,4113.14,4116.18,4177.85,4042.2,4126.245490046422,,
1784773800,4116.18,4122.27,4113.57,4122.25,4177.85,4042.2,4125.784575332905,,
1784774700,4122.25,4128.79,4121.16,4128.1,,,4125.79701325809,,
1784775600,4128.1,4129.18,4124.06,4127.13,,,4125.84014380563,,
1784776500,4127.13,4133.21,4126.66,4130.59,,,4126.032704166916,,
1784777400,4130.59,4131.03,4125.67,4128.67,,,4126.099298150723,,
1784778300,4128.67,4128.87,4124.13,4124.54,,,4126.094931223021,,
1784779200,4124.54,4127.66,4122.47,4127.64,4194.98,4060.2300000000005,4126.091245395266,,
1784780100,4127.64,4129.82,4125.01,4129.68,4194.98,4060.2300000000005,4126.138607103103,,
1784781000,4129.68,4130.43,4123.03,4123.07,4194.98,4060.2300000000005,4126.1244981542395,,
1784781900,4123.07,4124.29,4119.65,4121.15,4194.98,4060.2300000000005,4126.039611960697,,
1784782800,4121.15,4124.97,4119.28,4124.3,4194.98,4060.2300000000005,4125.958778291141,,
1784783700,4124.3,4125.4,4119.84,4125.4,4194.98,4060.2300000000005,4125.903129048216,,
1784784600,4125.4,4128.5,4123.27,4127.7,4194.98,4060.2300000000005,4125.92909810289,,
1784785500,4127.7,4130.55,4120.54,4124.1,4194.98,4060.2300000000005,4125.897688530014,,
1784786400,4124.1,4128.21,4121.13,4123.13,4194.98,4060.2300000000005,4125.823791557305,,
1784787300,4123.13,4127.79,4121.26,4122.09,4194.98,4060.2300000000005,4125.768738543468,,
1784788200,4122.09,4123.81,4116.83,4119.89,4194.98,4060.2300000000005,4125.587144669243,,
1784789100,4119.89,4122.36,4117.78,4118.46,4194.98,4060.2300000000005,4125.44234043546,,
1784790000,4118.46,4119.43,4101.92,4106.57,4194.98,4060.2300000000005,4124.799359904897,,
1784790900,4106.57,4112,4105.37,4108.39,4194.98,4060.2300000000005,4124.285027740582,,
1784791800,4108.39,4108.85,4091.3,4095.5,4194.98,4060.2300000000005,4123.505674896209,,
1784792700,4095.5,4096.87,4089.88,4095.29,4194.98,4060.2300000000005,4122.536686756684,,
1784793600,4095.29,4097.7,4090.15,4091.44,4194.98,4060.2300000000005,4121.656889297628,,
1784794500,4091.44,4092.46,4088.49,4091.88,4194.98,4060.2300000000005,4121.036777358958,,
1784795400,4091.88,4093.69,4088.48,4092.4,4194.98,4060.2300000000005,4120.460001643104,,
1784796300,4092.4,4094.85,4086.91,4093.41,4194.98,4060.2300000000005,4119.931691670679,,
1784797200,4093.41,4099.44,4092.5,4094.8,4194.98,4060.2300000000005,4119.395462309542,,
1784798100,4094.8,4097.09,4089.35,4091.43,4194.98,4060.2300000000005,4118.971601971158,,
1784799000,4091.43,4093.28,4088.49,4091.84,4194.98,4060.2300000000005,4118.509034440432,,
1784799900,4091.84,4094.22,4088.35,4089.92,4194.98,4060.2300000000005,4118.108061706365,,
1784800800,4089.92,4091.61,4087.87,4090.85,4194.98,4060.2300000000005,4117.654153147062,,
1784801700,4090.85,4092.45,4085.82,4089.78,4194.98,4060.2300000000005,4117.228588831252,,
1784802600,4089.78,4092.75,4086.5,4089.38,4194.98,4060.2300000000005,4116.77919927279,,
1784803500,4089.38,4095.21,4087.22,4093.16,4194.98,4060.2300000000005,4116.383565070247,,
1784804400,4093.16,4093.86,4086.99,4087.62,4194.98,4060.2300000000005,4115.909162722376,,
1784805300,4087.62,4089.21,4081.02,4084.31,4194.98,4060.2300000000005,4115.292735377602,,
1784806200,4084.31,4084.34,4072.71,4078.64,4194.98,4060.2300000000005,4114.342223154523,,
1784807100,4078.64,4089.04,4077.75,4085.63,4194.98,4060.2300000000005,4113.757911499807,,
1784808000,4085.63,4085.96,4081.05,4081.46,4194.98,4060.2300000000005,4113.312304998115,,
1784808900,4081.46,4083.27,4070.28,4074.67,4194.98,4060.2300000000005,4112.192454064334,,
1784809800,4074.67,4075.04,4064.11,4069.03,4194.98,4060.2300000000005,4110.814990373139,,
1784810700,4069.03,4069.32,4061.02,4061.79,4194.98,4060.2300000000005,4109.325401322965,,
1784811600,4061.79,4063.7,4040.25,4040.88,4194.98,4060.2300000000005,4105.844631913847,,
1784812500,4040.88,4059.11,4040.58,4058.62,4194.98,4060.2300000000005,4103.901899876325,,
1784813400,4058.62,4067.36,4055.46,4056.18,4194.98,4060.2300000000005,4101.835139692559,,
1784814300,4056.18,4059.02,4042.65,4043.25,4194.98,4060.2300000000005,4099.8632978544565,,
1784815200,4043.25,4051.35,4040.04,4047.94,4194.98,4060.2300000000005,4097.749540075536,,
1784816100,4047.94,4056.93,4042.29,4056.43,4194.98,4060.2300000000005,4096.0683203603185,,
1784817000,4056.43,4060.66,4051.74,4056.97,4194.98,4060.2300000000005,4094.989976698712,,
1784817900,4056.97,4061.69,4056.04,4057.79,4194.98,4060.2300000000005,4094.161940224654,,
1784818800,4057.79,4059.49,4049.42,4051.38,4194.98,4060.2300000000005,4093.1836047658585,,
1784819700,4051.38,4056.89,4045.25,4046.81,4194.98,4060.2300000000005,4092.1459692108397,,
1784820600,4046.81,4053.34,4042.19,4048.16,4194.98,4060.2300000000005,4091.016607513793,,
1784821500,4048.16,4050.97,4046.66,4048.73,4194.98,4060.2300000000005,4090.3957482307533,,
1784822400,4048.73,4051.11,4047.35,4050.23,4194.98,4060.2300000000005,4089.887105935984,,
1784823300,4050.23,4051.68,4045.72,4050.05,4194.98,4060.2300000000005,4089.506173796878,,
1784824200,4050.05,4051.21,4046.9,4049.76,4194.98,4060.2300000000005,4089.1202477151282,,
1784825100,4049.76,4051.78,4047.88,4051.49,4194.98,4060.2300000000005,4088.77089355557,,
1784826000,4051.49,4054.47,4046.89,4047.25,4194.98,4060.2300000000005,4088.278616666364,,
1784826900,4047.25,4050.53,4046.09,4047.19,4194.98,4060.2300000000005,4087.7792957013858,,
1784827800,4047.19,4049.16,4041.85,4042.76,4194.98,4060.2300000000005,4087.294899345523,,
1784828700,4042.76,4044.32,4041.45,4041.66,4194.98,4060.2300000000005,4086.898652776096,,
1784829600,4041.66,4044.2,4040.57,4041.8,4194.98,4060.2300000000005,4086.2813246772453,,
1784830500,4041.8,4045.13,4040.57,4044.48,4194.98,4060.2300000000005,4085.8030684231367,,
1784831400,4044.48,4048.25,4044.35,4046.6,4194.98,4060.2300000000005,4085.5112850532255,,
1784832300,4046.6,4048.38,4044.48,4045.97,4194.98,4060.2300000000005,4085.2713937715243,,
1784833200,4045.97,4048.51,4042.99,4043.22,4194.98,4060.2300000000005,4084.9964412698623,,
1784834100,4043.22,4049.18,4043.03,4048.28,4194.98,4060.2300000000005,4084.7586474867426,,
1784835000,4048.28,4051.03,4045.77,4045.79,4194.98,4060.2300000000005,4084.445147721568,,
1784835900,4045.79,4051.16,4044.81,4049.81,4194.98,4060.2300000000005,4084.044845761969,,
1784836800,4049.81,4051.31,4048.14,4049.53,4194.98,4060.2300000000005,4083.893728667802,,
1784837700,4049.53,4050.62,4047.45,4050.27,4194.98,4060.2300000000005,4083.821755129637,,
1784838600,4050.27,4050.59,4049.06,4049.9,4194.98,4060.2300000000005,4083.75454351755,,
1784839500,4049.9,4050.04,4047.29,4048.86,4194.98,4060.2300000000005,4083.679212285584,,
1784844000,4048.86,4050.41,4048.16,4049.01,4194.98,4060.2300000000005,4049.193333333333,,
1784844900,4049.01,4050.41,4048.98,4049.99,4194.98,4060.2300000000005,4049.4690040650403,,
1784845800,4049.99,4050.52,4048.67,4049.32,4194.98,4060.2300000000005,4049.4811067245687,,
1784846700,4049.32,4050.46,4048.38,4049.53,4194.98,4060.2300000000005,4049.4761158236465,,
1784847600,4049.53,4049.83,4047.31,4048.53,4194.98,4060.2300000000005,4049.2853126685754,,
1784848500,4048.53,4049.86,4047.2,4049.15,4194.98,4060.2300000000005,4049.1819357445947,,
1784849400,4049.15,4050.78,4046.81,4048.08,4194.98,4060.2300000000005,4049.04413621088,,
1784850300,4048.08,4049.63,4046.6,4047.03,4194.98,4060.2300000000005,4048.7291600174667,,
1784851200,4047.03,4050.12,4041.23,4041.45,4194.98,4060.2300000000005,4047.0937485382324,,
1784852100,4041.45,4048.03,4041.27,4046.67,4194.98,4060.2300000000005,4046.6647057086248,,
1784853000,4046.67,4050.2,4044.83,4049.18,4194.98,4060.2300000000005,4046.897060839556,,
1784853900,4049.18,4051.09,4048.39,4049.68,4194.98,4060.2300000000005,4047.2403824850353,,
1784854800,4049.68,4050.11,4039.6,4042.44,4194.98,4060.2300000000005,4046.456693064403,,
1784855700,4042.44,4045.98,4041.44,4042.73,4194.98,4060.2300000000005,4046.0634992556243,,
1784856600,4042.73,4050.52,4041.55,4049.89,4194.98,4060.2300000000005,4046.2133884909554,,
1784857500,4049.89,4050.11,4041.44,4043.55,4194.98,4060.2300000000005,4046.110294646649,,
1784858400,4043.55,4045.89,4040.94,4045.73,4194.98,4060.2300000000005,4045.9579257422874,,
1784859300,4045.73,4048.38,4042.57,4046.4,4194.98,4060.2300000000005,4045.950865132974,,
1784860200,4046.4,4048.14,4041.07,4041.55,4194.98,4060.2300000000005,4045.787168478376,,
1784861100,4041.55,4041.83,4023.03,4024.33,,,4043.6185155441362,,
1784862000,4024.33,4032.34,4023.14,4031.71,,,4042.6555971787784,,
1784862900,4031.71,4033.69,4028.11,4030.39,,,4042.0482635309113,,
1784863800,4030.39,4033.35,4030.39,4031.51,,,4041.650224256097,,
1784864700,4031.51,4032.15,4028.44,4029.41,,,4041.3401486114913,,
1784865600,4029.41,4030.3,4026.92,4028.17,4072.36,4017.7599999999998,4040.9855035689984,,
1784866500,4028.17,4030.29,4027.64,4029.71,4072.36,4017.7599999999998,4040.7457324084558,,
1784867400,4029.71,4030.34,4025.95,4026.9,4072.36,4017.7599999999998,4040.5128367293682,,
1784868300,4026.9,4028.85,4025.22,4027.06,4072.36,4017.7599999999998,4040.296202358245,,
1784869200,4027.06,4032.29,4025.27,4027.6,4072.36,4017.7599999999998,4039.9319160721952,,
1784870100,4027.6,4029.96,4022.28,4026.21,4072.36,4017.7599999999998,4039.5035971138986,,
1784871000,4026.21,4031.52,4023.91,4024.76,4072.36,4017.7599999999998,4038.7646759032464,,
1784871900,4024.76,4029.23,4021.71,4022.99,4072.36,4017.7599999999998,4038.139262842205,,
1784872800,4022.99,4031.35,4022.9,4030.84,4072.36,4017.7599999999998,4037.623581971559,,
1784873700,4030.84,4039.01,4029.21,4036.56,4072.36,4017.7599999999998,4037.500693737712,,
1784874600,4036.56,4037.38,4033.24,4033.89,4072.36,4017.7599999999998,4037.3972814403387,,
1784875500,4033.89,4038.86,4031.52,4035.67,4072.36,4017.7599999999998,4037.31663557132,,
1784876400,4035.67,4047.39,4035.11,4045.35,4072.36,4017.7599999999998,4037.5595400575025,,
1784877300,4045.35,4050.83,4043.95,4048.7,4072.36,4017.7599999999998,4037.905613940262,,
1784878200,4048.7,4053.69,4045.7,4048.33,4072.36,4017.7599999999998,4038.177668321884,,
1784879100,4048.33,4049.68,4045.8,4048.22,4072.36,4017.7599999999998,4038.3762637988098,,
1784880000,4048.22,4049.22,4045.19,4046.82,4072.36,4017.7599999999998,4038.6105427254806,,
1784880900,4046.82,4052.56,4045.1,4052.45,4072.36,4017.7599999999998,4038.8984919092923,,
1784881800,4052.45,4055.4,4048.77,4054.51,4072.36,4017.7599999999998,4039.2347449630456,,
1784882700,4054.51,4058.74,4052.15,4057.45,4072.36,4017.7599999999998,4039.563990081813,,
1784883600,4057.45,4060.79,4053.25,4054.16,4072.36,4017.7599999999998,4039.8833580433734,,
1784884500,4054.16,4056.63,4052.41,4052.98,4072.36,4017.7599999999998,4040.097001246357,,
1784885400,4052.98,4056.22,4051.56,4055.57,4072.36,4017.7599999999998,4040.287204794976,,
1784886300,4055.57,4059.85,4054.64,4059.84,4072.36,4017.7599999999998,4040.5032455893333,,
1784887200,4059.84,4061.54,4057.56,4058.06,4072.36,4017.7599999999998,4040.7618433580087,,
1784888100,4058.06,4063.64,4057.46,4061.95,4072.36,4017.7599999999998,4041.0071340459203,,
1784889000,4061.95,4063.91,4058.08,4058.38,4072.36,4017.7599999999998,4041.1931882519025,,
1784889900,4058.38,4060.23,4056.88,4059.96,4072.36,4017.7599999999998,4041.4000720956556,,
1784890800,4059.96,4063.43,4058.47,4061.24,4072.36,4017.7599999999998,4041.6478843647265,,
1784891700,4061.24,4061.9,4059.05,4059.09,4072.36,4017.7599999999998,4041.791378158377,,
1784892600,4059.09,4060.39,4055.09,4055.13,4072.36,4017.7599999999998,4041.986892439016,,
1784893500,4055.13,4061.57,4051.38,4057.71,4072.36,4017.7599999999998,4042.314908011984,,
1784894400,4057.71,4058.55,4052.33,4056.52,4072.36,4017.7599999999998,4042.708537652962,,
1784895300,4056.52,4060.16,4054.72,4059.57,4072.36,4017.7599999999998,4043.0374522812176,,
1784896200,4059.57,4059.59,4051.96,4054.99,4072.36,4017.7599999999998,4043.311869483619,,
1784897100,4054.99,4056.37,4051.62,4055.94,4072.36,4017.7599999999998,4043.5007949296614,,
1784898000,4055.94,4058.41,4044.7,4048.15,4072.36,4017.7599999999998,4043.7191317535744,,
1784898900,4048.15,4049.44,4044.56,4046.35,4072.36,4017.7599999999998,4043.7811435227927,,
1784899800,4046.35,4056.88,4044.68,4051.87,4072.36,4017.7599999999998,4044.0734345552682,,
1784900700,4051.87,4068.54,4048.01,4067.23,4072.36,4017.7599999999998,4044.8188322651276,,
1784901600,4067.23,4069.98,4057.25,4058.75,4072.36,4017.7599999999998,4045.6288345829003,,
1784902500,4058.75,4069.4,4055.86,4066.03,4072.36,4017.7599999999998,4046.426124778625,,
1784903400,4066.03,4067.95,4059.22,4060.27,4072.36,4017.7599999999998,4046.8725930531455,,
1784904300,4060.27,4066.48,4058.51,4063.27,4072.36,4017.7599999999998,4047.340353598502,,
1784905200,4063.27,4076.64,4061.76,4074.58,4072.36,4017.7599999999998,4048.292041940367,,
1784906100,4074.58,4081.96,4071.76,4075.03,4072.36,4017.7599999999998,4049.5664888632377,,
1784907000,4075.03,4079.57,4071.4,4072.05,4072.36,4017.7599999999998,4050.2362777786584,,
1784907900,4072.05,4077.87,4070.84,4077.38,4072.36,4017.7599999999998,4050.6983603916215,,
1784908800,4077.38,4077.52,4074.36,4074.77,4072.36,4017.7599999999998,4051.0659455114296,,
1784909700,4074.77,4078.13,4073.33,4073.67,4072.36,4017.7599999999998,4051.3700347720655,,
1784910600,4073.67,4074.01,4066.61,4067.63,4072.36,4017.7599999999998,4051.620883517761,,
1784911500,4067.63,4067.66,4064.06,4066.95,4072.36,4017.7599999999998,4051.7661958322124,,
1784912400,4066.95,4068.43,4062.84,4064.19,4072.36,4017.7599999999998,4051.9298584999965,,
1784913300,4064.19,4069.86,4063.62,4068.43,4072.36,4017.7599999999998,4052.102414215353,,
1784914200,4068.43,4069.79,4066.03,4066.44,4072.36,4017.7599999999998,4052.212028551242,,
1784915100,4066.44,4067,4062.93,4063.37,4072.36,4017.7599999999998,4052.300474427128,,
1784916000,4063.37,4064.52,4061.22,4061.62,4072.36,4017.7599999999998,4052.3894601195548,,
1784916900,4061.62,4062.98,4054.81,4055.21,4072.36,4017.7599999999998,4052.4388247944794,,
1784917800,4055.21,4057.02,4050.92,4052.14,4072.36,4017.7599999999998,4052.4484266741583,,
1784918700,4052.14,4055.92,4051.75,4054.38,4072.36,4017.7599999999998,4052.4582235836792,,
1784919600,4054.38,4056.36,4052.1,4052.31,4072.36,4017.7599999999998,4052.4707410508554,,
1784920500,4052.31,4052.35,4049.14,4051.49,4072.36,4017.7599999999998,4052.4598490128456,,
1784921400,4051.49,4057.96,4051.27,4056.79,4072.36,4017.7599999999998,4052.491462881557,,
1784922300,4056.79,4057.37,4052.64,4053.65,4072.36,4017.7599999999998,4052.5117675069323,,
1784923200,4053.65,4055.22,4052.2,4052.52,4072.36,4017.7599999999998,4052.5139597010825,,
1784924100,4052.52,4054.73,4052.03,4053.67,4072.36,4017.7599999999998,4052.515813233373,,
1784925000,4053.67,4055.69,4051.5,4055.42,4072.36,4017.7599999999998,4052.519232684649,,
1785103200,4055.42,4096.55,4055.42,4087.57,,,4079.846666666667,,
1785104100,4087.57,4090.2,4083.98,4086.77,,,4082.8790939945316,,
1785105000,4086.77,4093.12,4085.49,4091.11,,,4084.5803741812547,,
1785105900,4091.11,4093.35,4088.61,4089.44,,,4085.5207815001595,,
1785106800,4089.44,4091.06,4084.33,4084.7,,,4085.7119736886198,,
1785107700,4084.7,4086.34,4083.48,4084.82,,,4085.602491995575,,
1785108600,4084.82,4089.31,4084.25,4088.98,,,4085.7934484746065,,
1785109500,4088.98,4096.4,4088.09,4094.13,,,4087.61681731536,,
1785110400,4094.13,4116.33,4093.89,4115.63,,,4094.0765798670727,,
1785111300,4115.63,4115.67,4090.74,4094.4,,,4095.2694211290345,,
1785112200,4094.4,4102.46,4093.56,4099.76,,,4095.664367406385,,
1785113100,4099.76,4109.31,4098.95,4100.72,,,4096.5653364932095,,
1785114000,4100.72,4112.45,4100.42,4107.19,,,4098.687215834744,,
1785114900,4107.19,4109.19,4096.86,4099.91,,,4099.093882948987,,
1785115800,4099.91,4104.08,4097.7,4102.67,,,4099.3313222564,,
1785116700,4102.67,4110.1,4102.67,4110.06,,,4099.956439406613,,
1785117600,4110.06,4110.92,4103.28,4105.54,,,4100.409866347781,,
1785118500,4105.54,4105.9,4102,4103.09,,,4100.5279552438915,,
1785119400,4103.09,4103.15,4095.5,4096.47,,,4100.4083189853645,,
1785120300,4096.47,4097.59,4093.54,4093.63,,,4100.220374049591,,
1785121200,4093.63,4095.71,4088.98,4091.89,,,4099.860857534574,,
1785122100,4091.89,4093.51,4085.24,4085.54,,,4099.4540706689595,,
1785123000,4085.54,4090.78,4085.09,4089.67,,,4099.135372734287,,
1785123900,4089.67,4091.26,4088.47,4090.92,,,4098.994675217444,,
1785124800,4090.92,4092.83,4088.47,4090.06,4143.63,4065.6799999999994,4098.807424121877,,
1785125700,4090.06,4090.43,4086.89,4088.97,4143.63,4065.6799999999994,4098.6131766510125,,
1785126600,4088.97,4092.3,4088.97,4090.35,4143.63,4065.6799999999994,4098.474937051221,,
1785127500,4090.35,4091.21,4089.11,4090.21,4143.63,4065.6799999999994,4098.372470245803,,
1785128400,4090.21,4094.95,4088.4,4094.66,4143.63,4065.6799999999994,4098.243168829225,,
1785129300,4094.66,4094.66,4086.07,4086.94,4143.63,4065.6799999999994,4098.061589447463,,
1785130200,4086.94,4090.41,4085.63,4087.99,4143.63,4065.6799999999994,4097.611524313564,,
1785131100,4087.99,4093.74,4084.44,4093.16,4143.63,4065.6799999999994,4097.348014707782,,
1785132000,4093.16,4096.31,4091.6,4094.27,4143.63,4065.6799999999994,4097.234317245621,,
1785132900,4094.27,4096.36,4091.17,4096.03,4143.63,4065.6799999999994,4097.172453815783,,
1785133800,4096.03,4099.21,4094.12,4098.61,4143.63,4065.6799999999994,4097.175611721525,,
1785134700,4098.61,4099.09,4094.64,4095.91,4143.63,4065.6799999999994,4097.163735078697,,
1785135600,4095.91,4101.92,4095.66,4101.89,4143.63,4065.6799999999994,4097.246789178499,,
1785136500,4101.89,4106.04,4099.76,4103.1,4143.63,4065.6799999999994,4097.396413240172,,
1785137400,4103.1,4103.76,4095.81,4097.21,4143.63,4065.6799999999994,4097.431442906139,,
1785138300,4097.21,4099.22,4088.43,4088.66,4143.63,4065.6799999999994,4097.30745384028,,
1785139200,4088.66,4093.02,4086.99,4091.18,4143.63,4065.6799999999994,4097.077282523061,,
1785140100,4091.18,4092.57,4088.83,4090.8,4143.63,4065.6799999999994,4096.90510552198,,
1785141000,4090.8,4092.88,4087.26,4091.35,4143.63,4065.6799999999994,4096.76342899511,,
1785141900,4091.35,4096.79,4090.82,4095.07,4143.63,4065.6799999999994,4096.725413471795,,
1785142800,4095.07,4098.31,4092.94,4093.95,4143.63,4065.6799999999994,4096.700549351145,,
1785143700,4093.95,4095.74,4091.04,4091.49,4143.63,4065.6799999999994,4096.636932071544,,
1785144600,4091.49,4094.65,4090.17,4094.12,4143.63,4065.6799999999994,4096.5802656176575,,
1785145500,4094.12,4100.32,4093.69,4095.97,4143.63,4065.6799999999994,4096.581395467697,,
1785146400,4095.97,4096.38,4086.38,4090.84,4143.63,4065.6799999999994,4096.47777270662,,
1785147300,4090.84,4093.89,4089.09,4093.02,4143.63,4065.6799999999994,4096.417533321573,,
1785148200,4093.02,4101.94,4092.92,4100.29,4143.63,4065.6799999999994,4096.444900331452,,
1785149100,4100.29,4102.36,4098.75,4099.49,4143.63,4065.6799999999994,4096.492716266613,,
1785150000,4099.49,4104.05,4096.9,4101.85,4143.63,4065.6799999999994,4096.562111484005,,
1785150900,4101.85,4103.32,4096.52,4096.86,4143.63,4065.6799999999994,4096.591059543196,,
1785151800,4096.86,4099.92,4094.08,4095.56,4143.63,4065.6799999999994,4096.5894895080555,,
1785152700,4095.56,4097.2,4093.43,4093.79,4143.63,4065.6799999999994,4096.559427700063,,
1785153600,4093.79,4097.59,4086.29,4087.63,4143.63,4065.6799999999994,4096.395618730152,,
1785154500,4087.63,4089.01,4081.5,4086.37,4143.63,4065.6799999999994,4096.113651778256,,
1785155400,4086.37,4088.56,4083.03,4086.7,4143.63,4065.6799999999994,4095.9411563017347,,
1785156300,4086.7,4089.03,4081.31,4083.68,4143.63,4065.6799999999994,4095.676222945327,,
1785157200,4083.68,4088.73,4080.55,4084.88,4143.63,4065.6799999999994,4095.246136032935,,
1785158100,4084.88,4087.21,4075.85,4075.96,4143.63,4065.6799999999994,4094.7614726470533,,
1785159000,4075.96,4089.19,4075.44,4086.66,4143.63,4065.6799999999994,4094.134448871181,,
1785159900,4086.66,4089.49,4070.37,4074.21,4143.63,4065.6799999999994,4093.4274066703874,,
1785160800,4074.21,4079.06,4071.03,4077.01,4143.63,4065.6799999999994,4092.680212143243,,
1785161700,4077.01,4078.55,4067.06,4068.29,4143.63,4065.6799999999994,4091.907122037641,,
1785162600,4068.29,4070.63,4065.25,4068.77,4143.63,4065.6799999999994,4090.957313318539,,
1785163500,4068.77,4077.42,4068.77,4076.13,4143.63,4065.6799999999994,4090.493456737352,,
1785164400,4076.13,4076.59,4071.75,4075.93,4143.63,4065.6799999999994,4090.0959961495482,,
1785165300,4075.93,4079.32,4074.56,4076.54,4143.63,4065.6799999999994,4089.8010941828784,,
1785166200,4076.54,4077.89,4072.54,4076.07,4143.63,4065.6799999999994,4089.530406851116,,
1785167100,4076.07,4079.87,4074.49,4078.45,4143.63,4065.6799999999994,4089.339358546084,,
1785168000,4078.45,4084.86,4077.7,4081.33,4143.63,4065.6799999999994,4089.2210185366753,,
1785168900,4081.33,4088.81,4079.61,4085.2,4143.63,4065.6799999999994,4089.121330797856,,
1785169800,4085.2,4093.97,4084.94,4088.07,4143.63,4065.6799999999994,4089.11918626366,,
1785170700,4088.07,4088.57,4080.67,4082.27,4143.63,4065.6799999999994,4089.056264791494,,
1785171600,4082.27,4082.37,4070.48,4073.38,4143.63,4065.6799999999994,4088.845801157823,,
1785172500,4073.38,4076.81,4072.09,4074.71,4143.63,4065.6799999999994,4088.67457850895,,
1785173400,4074.71,4075.97,4072.15,4074.57,4143.63,4065.6799999999994,4088.5233117178377,,
1785174300,4074.57,4077.14,4073.14,4076.29,4143.63,4065.6799999999994,4088.407900582364,,
1785175200,4076.29,4079.2,4075.96,4076.57,4143.63,4065.6799999999994,4088.3059107262884,,
1785176100,4076.57,4076.91,4074.11,4076.84,4143.63,4065.6799999999994,4088.1847060723644,,
1785177000,4076.84,4079.4,4072.8,4076.19,4143.63,4065.6799999999994,4088.0457581926858,,
1785177900,4076.19,4079.47,4074.67,4077.9,4143.63,4065.6799999999994,4087.942912126017,,
1785178800,4077.9,4081.74,4076.05,4080.3,4143.63,4065.6799999999994,4087.8706013941332,,
1785179700,4080.3,4088.62,4079.31,4085.7,4143.63,4065.6799999999994,4087.8450916438223,,
1785180600,4085.7,4087.22,4083.66,4086.89,4143.63,4065.6799999999994,4087.831585537094,,
1785181500,4086.89,4089.42,4082.3,4083.41,4143.63,4065.6799999999994,4087.7966941393383,,
1785182400,4083.41,4084.08,4081.31,4082.13,4143.63,4065.6799999999994,4087.776572513838,,
1785183300,4082.13,4082.2,4078.19,4078.51,4143.63,4065.6799999999994,4087.757348635389,,
1785184200,4078.51,4079.08,4075.69,4077.11,4143.63,4065.6799999999994,4087.7291424150435,,
1785185100,4077.11,4077.43,4075.31,4076.65,4143.63,4065.6799999999994,4087.706126732695,,
1785189600,4076.65,4081.44,4076.12,4077.17,4143.63,4065.6799999999994,4078.243333333334,,
1785190500,4077.17,4077.23,4071.02,4072.46,4143.63,4065.6799999999994,4075.7538006230525,,
1785191400,4072.46,4075.08,4072.33,4074.93,4143.63,4065.6799999999994,4075.28247048138,,
1785192300,4074.93,4074.98,4073.5,4074.18,4143.63,4065.6799999999994,4075.0353671003713,,
1785193200,4074.18,4075.05,4071.78,4074.07,4143.63,4065.6799999999994,4074.7635737029404,,
1785194100,4074.07,4074.59,4072.05,4073.15,4143.63,4065.6799999999994,4074.5409126192944,,
1785195000,4073.15,4073.65,4071.54,4072.06,4143.63,4065.6799999999994,4074.299196880816,,
1785195900,4072.06,4073.32,4069.64,4073.26,4143.63,4065.6799999999994,4073.623146006594,,
1785196800,4073.26,4074.19,4062.01,4067.02,4143.63,4065.6799999999994,4071.3853046103186,,
1785197700,4067.02,4067.4,4058.92,4061.9,4143.63,4065.6799999999994,4069.4660855434836,,
1785198600,4061.9,4066.15,4060.43,4065.4,4143.63,4065.6799999999994,4068.4291585268934,,
1785199500,4065.4,4065.49,4057.43,4057.93,4143.63,4065.6799999999994,4067.106352396751,,
1785200400,4057.93,4060.24,4053.77,4057.99,4143.63,4065.6799999999994,4064.707097236737,,
1785201300,4057.99,4059.12,4046.34,4047.4,4143.63,4065.6799999999994,4062.6894259762344,,
1785202200,4047.4,4050.51,4043.36,4048.92,4143.63,4065.6799999999994,4060.9451855520097,,
1785203100,4048.92,4048.96,4042.45,4045.16,4143.63,4065.6799999999994,4059.6111313842116,,
1785204000,4045.16,4047.52,4042.41,4046.43,4143.63,4065.6799999999994,4058.556266759704,,
1785204900,4046.43,4049.01,4045.26,4046.08,4143.63,4065.6799999999994,4057.966254520013,,
1785205800,4046.08,4047.85,4041.34,4044.14,4143.63,4065.6799999999994,4057.0721855412958,,
1785206700,4044.14,4045.5,4040.8,4042.07,,,4056.344661253334,,
1785207600,4042.07,4047.19,4040.23,4045.76,,,4055.8441075095316,,
1785208500,4045.76,4049.33,4045.2,4047.79,,,4055.5501813382893,,
1785209400,4047.79,4051.01,4047.25,4048.28,,,4055.286290979646,,
1785210300,4048.28,4050.78,4048.01,4049.39,,,4055.111867788123,,
1785211200,4049.39,4049.61,4043.31,4044.01,4095.8199999999997,4006.87,4054.7818438819018,,
1785212100,4044.01,4047.97,4043.48,4045.59,4095.8199999999997,4006.87,4054.5307823973358,,
1785213000,4045.59,4047.77,4043.87,4047.64,4095.8199999999997,4006.87,4054.372814383761,,
1785213900,4047.64,4047.84,4041.34,4042.14,4095.8199999999997,4006.87,4054.1305509491353,,
1785214800,4042.14,4044.02,4039.69,4042.32,4095.8199999999997,4006.87,4053.6989370476977,,
1785215700,4042.32,4043.84,4040.71,4043.02,4095.8199999999997,4006.87,4053.3445305637824,,
1785216600,4043.02,4045.53,4034.58,4041.6,4095.8199999999997,4006.87,4052.5083292275535,,
1785217500,4041.6,4046.52,4039.49,4045.13,4095.8199999999997,4006.87,4052.173055186344,,
1785218400,4045.13,4047.83,4042.77,4044.07,4095.8199999999997,4006.87,4051.894266996106,,
1785219300,4044.07,4048.94,4043.82,4047.68,4095.8199999999997,4006.87,4051.711799819671,,
1785220200,4047.68,4052.36,4046.74,4049.85,4095.8199999999997,4006.87,4051.6455109024528,,
1785221100,4049.85,4051.32,4047.93,4048.34,4095.8199999999997,4006.87,4051.592833545249,,
1785222000,4048.34,4051.1,4047.37,4048.83,4095.8199999999997,4006.87,4051.526248698043,,
1785222900,4048.83,4052.33,4048.57,4050.07,4095.8199999999997,4006.87,4051.5030816231124,,
1785223800,4050.07,4050.99,4048.48,4049.32,4095.8199999999997,4006.87,4051.466171678213,,
1785224700,4049.32,4049.83,4046.04,4047.14,4095.8199999999997,4006.87,4051.3754700790632,,
1785225600,4047.14,4055.14,4043.12,4044.45,4095.8199999999997,4006.87,4051.2254740663643,,
1785226500,4044.45,4051.08,4044.29,4049.5,4095.8199999999997,4006.87,4051.113712842403,,
1785227400,4049.5,4049.79,4041.82,4043.16,4095.8199999999997,4006.87,4050.9420136427534,,
1785228300,4043.16,4046.15,4041.55,4045.36,4095.8199999999997,4006.87,4050.806788902079,,
1785229200,4045.36,4045.93,4040.63,4040.94,4095.8199999999997,4006.87,4050.665853965222,,
1785230100,4040.94,4044.19,4038.49,4040.26,4095.8199999999997,4006.87,4050.515454338846,,
1785231000,4040.26,4040.34,4029.5,4033.33,4095.8199999999997,4006.87,4050.104528489488,,
1785231900,4033.33,4034.25,4019.28,4023.28,4095.8199999999997,4006.87,4049.4875129746456,,
1785232800,4023.28,4026.94,4020.53,4024.27,4095.8199999999997,4006.87,4048.83437310429,,
1785233700,4024.27,4025.82,4016.91,4017.59,4095.8199999999997,4006.87,4048.1850733357487,,
1785234600,4017.59,4023.61,4017.14,4022.49,4095.8199999999997,4006.87,4047.5906162170118,,
1785235500,4022.49,4028.48,4022.09,4026.45,4095.8199999999997,4006.87,4047.20784459743,,
1785236400,4026.45,4028.73,4023.1,4023.87,4095.8199999999997,4006.87,4046.6381222468494,,
1785237300,4023.87,4032.32,4023.71,4027.53,4095.8199999999997,4006.87,4046.132802226006,,
1785238200,4027.53,4031.38,4026.33,4027.04,4095.8199999999997,4006.87,4045.7723481900266,,
1785239100,4027.04,4028.2,4023.97,4028.03,4095.8199999999997,4006.87,4045.435214715596,,
1785240000,4028.03,4028.83,4022.86,4027.73,4095.8199999999997,4006.87,4045.0092143073016,,
1785240900,4027.73,4034.85,4026.11,4034.41,4095.8199999999997,4006.87,4044.7668961544437,,
1785241800,4034.41,4034.76,4025.18,4033.56,4095.8199999999997,4006.87,4044.439666813233,,
1785242700,4033.56,4038.1,4028.08,4029.41,4095.8199999999997,4006.87,4044.195210943934,,
1785243600,4029.41,4035.63,4029.08,4032.78,4095.8199999999997,4006.87,4043.897627577835,,
1785244500,4032.78,4036.02,4028.4,4028.9,4095.8199999999997,4006.87,4043.6339488286394,,
1785245400,4028.9,4032.88,4020.11,4025.1,4095.8199999999997,4006.87,4042.798049453787,,
1785246300,4025.1,4028.94,4021.43,4022.09,4095.8199999999997,4006.87,4042.097862764352,,
1785247200,4022.09,4033.48,4021.61,4025.68,4095.8199999999997,4006.87,4041.558482601706,,
1785248100,4025.68,4026.76,4011.39,4022.12,4095.8199999999997,4006.87,4040.5859740960022,,
1785249000,4022.12,4025.14,4018.72,4022.69,4095.8199999999997,4006.87,4040.0411514713883,,
1785249900,4022.69,4029.55,4021.19,4024.42,4095.8199999999997,4006.87,4039.7410330054804,,
1785250800,4024.42,4036.4,4022.19,4033.6,4095.8199999999997,4006.87,4039.4719598981196,,
1785251700,4033.6,4040.76,4031.59,4035.39,4095.8199999999997,4006.87,4039.358845521654,,
1785252600,4035.39,4042,4032.34,4041.25,4095.8199999999997,4006.87,4039.3422656461166,,
1785253500,4041.25,4046.98,4041.03,4046.01,4095.8199999999997,4006.87,4039.421603650433,,
1785254400,4046.01,4046.46,4042.03,4044.59,4095.8199999999997,4006.87,4039.4848927457324,,
1785255300,4044.59,4045.74,4042.01,4042.16,4095.8199999999997,4006.87,4039.5269615501697,,
1785256200,4042.16,4043.81,4040.18,4040.46,4095.8199999999997,4006.87,4039.5466630619735,,
1785257100,4040.46,4041.01,4036.55,4037.44,4095.8199999999997,4006.87,4039.5351976803086,,
1785258000,4037.44,4041.01,4035.46,4036.96,4095.8199999999997,4006.87,4039.5139202055234,,
1785258900,4036.96,4041.47,4035.21,4037.71,4095.8199999999997,4006.87,4039.492237642806,,
1785259800,4037.71,4037.86,4027.58,4028.24,4095.8199999999997,4006.87,4039.409692314076,,
1785260700,4028.24,4029.61,4025.72,4027.73,4095.8199999999997,4006.87,4039.2783096844796,,
1785261600,4027.73,4030.41,4026.93,4028.21,4095.8199999999997,4006.87,4039.10946858701,,
1785262500,4028.21,4029.99,4025.74,4027.04,4095.8199999999997,4006.87,4038.898803626864,,
1785263400,4027.04,4027.5,4022.93,4024.07,4095.8199999999997,4006.87,4038.6984070978774,,
1785264300,4024.07,4026,4021.57,4022.89,4095.8199999999997,4006.87,4038.5118521898453,,
1785265200,4022.89,4025.73,4022.27,4024.1,4095.8199999999997,4006.87,4038.3737454400825,,
1785266100,4024.1,4025.08,4021.93,4023.31,4095.8199999999997,4006.87,4038.287393038599,,
1785267000,4023.31,4027.79,4022.82,4026.05,4095.8199999999997,4006.87,4038.193776145161,,
1785267900,4026.05,4028.02,4025.37,4026.41,4095.8199999999997,4006.87,4038.0867999866705,,
1785268800,4026.41,4026.45,4022.46,4023.58,4095.8199999999997,4006.87,4038.025373574029,,
1785269700,4023.58,4027.91,4023.58,4027.36,4095.8199999999997,4006.87,4037.9976070848384,,
1785270600,4027.36,4030.08,4027.35,4029.96,4095.8199999999997,4006.87,4037.970088010048,,
1785271500,4029.96,4030.59,4026.3,4028.28,4095.8199999999997,4006.87,4037.942944312044,,
1785276000,4028.28,4028.28,4024.24,4024.39,4095.8199999999997,4006.87,4025.6366666666668,,
1785276900,4024.39,4025.13,4017.06,4020.51,4095.8199999999997,4006.87,4022.5513225938244,,
1785277800,4020.51,4021,4013.5,4018.38,4095.8199999999997,4006.87,4020.189516129032,,
1785278700,4018.38,4019.74,4014.97,4018.24,4095.8199999999997,4006.87,4019.4617702509427,,
1785279600,4018.24,4023.07,4016,4021.95,4095.8199999999997,4006.87,4019.717612070952,,
1785280500,4021.95,4022.06,4015,4018.53,4095.8199999999997,4006.87,4019.467349818182,,
1785281400,4018.53,4023.45,4017.27,4022.78,4095.8199999999997,4006.87,4019.690913071854,,
1785282300,4022.78,4026.2,4018.65,4024.83,4095.8199999999997,4006.87,4020.7457082290025,,
1785283200,4024.83,4026.12,4017.41,4020.56,4095.8199999999997,4006.87,4020.886091991416,,
1785284100,4020.56,4029.83,4020.5,4022.66,4095.8199999999997,4006.87,4021.5152276395456,,
1785285000,4022.66,4027.69,4021.49,4025.83,4095.8199999999997,4006.87,4021.9150018585515,,
1785285900,4025.83,4025.9,4020.23,4021.83,4095.8199999999997,4006.87,4022.006495846178,,
1785286800,4021.83,4021.83,4010.26,4013.15,4095.8199999999997,4006.87,4020.790342419578,,
1785287700,4013.15,4020.29,4011.68,4018.38,4095.8199999999997,4006.87,4020.394935579968,,
1785288600,4018.38,4030.55,4014.89,4027.58,4095.8199999999997,4006.87,4020.8780229287877,,
1785289500,4027.58,4028.17,4021.71,4025.85,4095.8199999999997,4006.87,4021.216784514202,,
1785290400,4025.85,4029.16,4023.1,4028.17,4095.8199999999997,4006.87,4021.652512783155,,
1785291300,4028.17,4035.37,4026.21,4033.01,4095.8199999999997,4006.87,4022.1433101243965,,
1785292200,4033.01,4037.93,4030.6,4034.88,4095.8199999999997,4006.87,4022.7994525032127,,
1785293100,4034.88,4035.11,4029.02,4029.37,,,4023.126978267242,,
1785294000,4029.37,4032.78,4027.34,4027.71,,,4023.3783969376723,,
1785294900,4027.71,4028.88,4025.53,4027.05,,,4023.4991175594146,,
1785295800,4027.05,4029.59,4024.6,4025.95,,,4023.5744110443625,,
1785296700,4025.95,4026.95,4023.22,4023.59,,,4023.5929573095395,,
1785297600,4023.59,4024.91,4021.24,4021.74,4071.13,3969.6800000000003,4023.573579879283,,
1785298500,4021.74,4025.63,4020.54,4023.54,4071.13,3969.6800000000003,4023.5663105564304,,
1785299400,4023.54,4027.31,4023.43,4027.07,4071.13,3969.6800000000003,4023.6231830739657,,
1785300300,4027.07,4027.61,4023.47,4027.15,4071.13,3969.6800000000003,4023.701314640881,,
1785301200,4027.15,4031.6,4026.61,4030.35,4071.13,3969.6800000000003,4023.8491557527905,,
1785302100,4030.35,4031.03,4026.99,4030.47,4071.13,3969.6800000000003,4023.9644877337355,,
1785303000,4030.47,4039.53,4029.79,4038.94,4071.13,3969.6800000000003,4024.577117253517,,
1785303900,4038.94,4039.89,4031.46,4032.87,4071.13,3969.6800000000003,4024.962315014078,,
1785304800,4032.87,4038.17,4032.85,4037.28,4071.13,3969.6800000000003,4025.354493667608,,
1785305700,4037.28,4043.06,4035.72,4040.86,4071.13,3969.6800000000003,4025.726424834217,,
1785306600,4040.86,4044.73,4040.64,4042.65,4071.13,3969.6800000000003,4026.140205270389,,
1785307500,4042.65,4042.96,4039.62,4041.11,4071.13,3969.6800000000003,4026.436214071263,,
1785308400,4041.11,4046.52,4041.03,4045.37,4071.13,3969.6800000000003,4026.795680344388,,
1785309300,4045.37,4047.7,4044.02,4046.05,4071.13,3969.6800000000003,4027.093446543435,,
1785310200,4046.05,4047.42,4044.59,4045.95,4071.13,3969.6800000000003,4027.4032691376983,,
1785311100,4045.95,4046.85,4042.57,4043.81,4071.13,3969.6800000000003,4027.622837637921,,
1785312000,4043.81,4044.38,4038.98,4039.08,4071.13,3969.6800000000003,4027.8590773369006,,
1785312900,4039.08,4042.1,4035.36,4037.3,4071.13,3969.6800000000003,4028.003191213313,,
1785313800,4037.3,4039.13,4035.62,4038.1,4071.13,3969.6800000000003,4028.1291823945685,,
1785314700,4038.1,4040.09,4037,4037.52,4071.13,3969.6800000000003,4028.2657444343704,,
1785315600,4037.52,4038.43,4035.36,4036.23,4071.13,3969.6800000000003,4028.3757643316058,,
1785316500,4036.23,4037.75,4033.14,4033.61,4071.13,3969.6800000000003,4028.458417265915,,
1785317400,4033.61,4034.94,4031.18,4034.34,4071.13,3969.6800000000003,4028.532307655114,,
1785318300,4034.34,4036.34,4031.67,4032.61,4071.13,3969.6800000000003,4028.5835467916822,,
1785319200,4032.61,4034.1,4030.71,4031.84,4071.13,3969.6800000000003,4028.6431976790495,,
1785320100,4031.84,4033.3,4030.06,4032.97,4071.13,3969.6800000000003,4028.678847229613,,
1785321000,4032.97,4034.33,4026.2,4027.42,4071.13,3969.6800000000003,4028.686536167772,,
1785321900,4027.42,4028.62,4025.93,4027.49,4071.13,3969.6800000000003,4028.67376926361,,
1785322800,4027.49,4029.61,4024.88,4029.59,4071.13,3969.6800000000003,4028.665279153386,,
1785323700,4029.59,4033.45,4028.24,4032.74,4071.13,3969.6800000000003,4028.6942026703377,,
1785324600,4032.74,4032.92,4030.05,4030.82,4071.13,3969.6800000000003,4028.715019181982,,
1785325500,4030.82,4036.13,4030.49,4032.7,4071.13,3969.6800000000003,4028.7790943640985,,
1785326400,4032.7,4033.37,4025.85,4027.04,4071.13,3969.6800000000003,4028.7787191350762,,
1785327300,4027.04,4027.56,4012.51,4013.03,4071.13,3969.6800000000003,4028.2593809068994,,
1785328200,4013.03,4022.53,4009.19,4020.86,4071.13,3969.6800000000003,4027.975853581631,,
1785329100,4020.86,4023.57,4018.75,4022.52,4071.13,3969.6800000000003,4027.861069357363,,
1785330000,4022.52,4026.36,4014.93,4015.58,4071.13,3969.6800000000003,4027.5890315264605,,
1785330900,4015.58,4023.2,4013.56,4014.52,4071.13,3969.6800000000003,4027.3262806631724,,
1785331800,4014.52,4017.83,4009.85,4013.62,4071.13,3969.6800000000003,4026.588390625566,,
1785332700,4013.62,4015.92,4002.38,4007.27,4071.13,3969.6800000000003,4025.743658329987,,
1785333600,4007.27,4008.62,3995.83,3999.28,4071.13,3969.6800000000003,4024.6751569821113,,
1785334500,3999.28,4010.08,3998.84,4005.43,4071.13,3969.6800000000003,4023.9781966882797,,
1785335400,4005.43,4009.25,3998.9,4001.19,4071.13,3969.6800000000003,4023.4104132416182,,
1785336300,4001.19,4005.72,3998.26,4004.71,4071.13,3969.6800000000003,4022.7658425249792,,
1785337200,4004.71,4009.7,4003.13,4006.77,4071.13,3969.6800000000003,4022.3817629799205,,
1785338100,4006.77,4011.2,4003.72,4010.55,4071.13,3969.6800000000003,4022.128428506551,,
1785339000,4010.55,4013.47,4006.98,4010.57,4071.13,3969.6800000000003,4021.926136276975,,
1785339900,4010.57,4013.8,4008.11,4009.66,4071.13,3969.6800000000003,4021.7696181262504,,
1785340800,4009.66,4015.61,4007.41,4009.38,4071.13,3969.6800000000003,4021.6122791152507,,
1785341700,4009.38,4017.58,4007.79,4016.37,4071.13,3969.6800000000003,4021.5094385854754,,
1785342600,4016.37,4019.01,4014.84,4017.02,4071.13,3969.6800000000003,4021.450677038951,,
1785343500,4017.02,4032.74,4015.08,4027.24,4071.13,3969.6800000000003,4021.528239240905,,
1785344400,4027.24,4050.54,4027.2,4042.06,4071.13,3969.6800000000003,4022.022861609397,,
1785345300,4042.06,4050.43,4037.22,4039.13,4071.13,3969.6800000000003,4022.6262928591486,,
1785346200,4039.13,4047.29,4036.21,4045.68,4071.13,3969.6800000000003,4023.07977350706,,
1785347100,4045.68,4047.98,4041.27,4043.61,4071.13,3969.6800000000003,4023.411172900897,,
1785348000,4043.61,4086.06,4041.71,4081.05,4071.13,3969.6800000000003,4026.392265784598,,
1785348900,4081.05,4083.97,4063.8,4067.65,4071.13,3969.6800000000003,4028.067864588676,,
1785349800,4067.65,4086.92,4051.8,4083.26,4071.13,3969.6800000000003,4030.614143989612,,
1785350700,4083.26,4109.82,4081.71,4106.73,4071.13,3969.6800000000003,4034.1443999050557,,
1785351600,4106.73,4116.46,4089.88,4099.61,4071.13,3969.6800000000003,4037.2353761748864,,
1785352500,4099.61,4104.53,4080.78,4084.14,4071.13,3969.6800000000003,4039.464936671669,,
1785353400,4084.14,4088.33,4065.13,4069.23,4071.13,3969.6800000000003,4040.8438465604977,,
1785354300,4069.23,4071.97,4044.24,4044.71,4071.13,3969.6800000000003,4041.3143586962274,,
1785355200,4044.71,4055.99,4042.83,4051.9,4071.13,3969.6800000000003,4041.51532878412,,
1785356100,4051.9,4057.49,4043.69,4055.63,4071.13,3969.6800000000003,4041.6384337896266,,
1785357000,4055.63,4068.49,4053.95,4066.69,4071.13,3969.6800000000003,4041.804338508321,,
1785357900,4066.69,4070.21,4062.95,4067.82,4071.13,3969.6800000000003,4041.967315111169,,
1785362400,4067.82,4077.77,4064.16,4076.19,4071.13,3969.6800000000003,4072.7066666666665,,
1785363300,4076.19,4077.39,4072.43,4074.82,4071.13,3969.6800000000003,4073.6384247768337,,
1785364200,4074.82,4081.31,4072.69,4081.3,4071.13,3969.6800000000003,4075.069179125852,,
1785365100,4081.3,4090.65,4079.73,4088.34,4071.13,3969.6800000000003,4077.6696818141863,,
1785366000,4088.34,4100.3,4088.08,4091.55,4071.13,3969.6800000000003,4080.9423266724584,,
1785366900,4091.55,4094.85,4090.43,4093.63,4071.13,3969.6800000000003,4082.6090761585433,,
1785367800,4093.63,4094.44,4089.15,4090.06,4071.13,3969.6800000000003,4083.948150732258,,
1785368700,4090.06,4092.97,4084.34,4084.59,4071.13,3969.6800000000003,4085.009895793752,,
1785369600,4084.59,4086.67,4079.01,4081.3,4071.13,3969.6800000000003,4084.280357654871,,
1785370500,4081.3,4083.66,4072.77,4075.27,4071.13,3969.6800000000003,4082.8521006173273,,
1785371400,4075.27,4076.88,4064.92,4066.1,4071.13,3969.6800000000003,4081.1076665065016,,
1785372300,4066.1,4072.96,4064.85,4072.19,4071.13,3969.6800000000003,4079.9570767680566,,
1785373200,4072.19,4092.93,4070.09,4075.52,4071.13,3969.6800000000003,4079.8826673532444,,
1785374100,4075.52,4084.7,4073.29,4081.06,4071.13,3969.6800000000003,4079.859864788679,,
1785375000,4081.06,4089.71,4080.69,4086.68,4071.13,3969.6800000000003,4080.34191984396,,
1785375900,4086.68,4091.08,4083.78,4084.68,4071.13,3969.6800000000003,4080.712995273433,,
1785376800,4084.68,4090.46,4082.18,4082.4,4071.13,3969.6800000000003,4080.9632136930827,,
1785377700,4082.4,4083.71,4079.92,4082.66,4071.13,3969.6800000000003,4081.01106321207,,
1785378600,4082.66,4082.81,4073.49,4076.7,4071.13,3969.6800000000003,4080.7880875599217,,
1785379500,4076.7,4076.99,4063.41,4063.58,,,4080.164795358003,,
1785380400,4063.58,4070.19,4060.49,4062.93,,,4079.463976008357,,
1785381300,4062.93,4063.98,4052.33,4053.75,,,4078.496096263379,,
1785382200,4053.75,4055.91,4050.54,4052.39,,,4077.659578308439,,
1785383100,4052.39,4059.66,4052.17,4058.77,,,4077.050548734362,,
1785384000,4058.77,4060.21,4052.64,4053.27,4138.609999999999,4024.4100000000008,4076.479027248248,,
1785384900,4053.27,4055.22,4050.81,4054.03,4138.609999999999,4024.4100000000008,4076.046203717937,,
1785385800,4054.03,4054.03,4047.58,4048.64,4138.609999999999,4024.4100000000008,4075.5013171049804,,
1785386700,4048.64,4051.94,4044.26,4046,4138.609999999999,4024.4100000000008,4074.811839147591,,
1785387600,4046,4046.2,4041.32,4045.82,4138.609999999999,4024.4100000000008,4073.9532464257218,,
1785388500,4045.82,4047.28,4037.54,4046.91,4138.609999999999,4024.4100000000008,4073.0278572794214,,
1785389400,4046.91,4051.29,4028.12,4033.24,4138.609999999999,4024.4100000000008,4070.751737584163,,
1785390300,4033.24,4038.5,4030.04,4033.68,4138.609999999999,4024.4100000000008,4069.2377601666467,,
1785391200,4033.68,4039.37,4031.31,4032.2,4138.609999999999,4024.4100000000008,4067.7898824033373,,
1785392100,4032.2,4039.32,4029.35,4033.09,4138.609999999999,4024.4100000000008,4066.624996588387,,
1785393000,4033.09,4038.25,4031,4035.58,4138.609999999999,4024.4100000000008,4065.7436149601485,,
1785393900,4035.58,4040.48,4034.12,4036.46,4138.609999999999,4024.4100000000008,4065.1082131945595,,
1785394800,4036.46,4047.81,4035.33,4046.7,4138.609999999999,4024.4100000000008,4064.223355955567,,
1785395700,4046.7,4051.35,4042.9,4045.75,4138.609999999999,4024.4100000000008,4063.768843433916,,
1785396600,4045.75,4047.19,4035.93,4045.84,4138.609999999999,4024.4100000000008,4063.2855892503576,,
1785397500,4045.84,4046.41,4038.12,4038.84,4138.609999999999,4024.4100000000008,4062.7983900624968,,
1785398400,4038.84,4056.03,4036.62,4053.14,4138.609999999999,4024.4100000000008,4062.3481436006155,,
1785399300,4053.14,4068.35,4052.13,4064.44,4138.609999999999,4024.4100000000008,4062.330839094642,,
1785400200,4064.44,4072.79,4062.92,4065.83,4138.609999999999,4024.4100000000008,4062.468128337904,,
1785401100,4065.83,4071.02,4059.4,4061.35,4138.609999999999,4024.4100000000008,4062.4941623694717,,
1785402000,4061.35,4068.92,4060.32,4065.82,4138.609999999999,4024.4100000000008,4062.541045935307,,
1785402900,4065.82,4072.33,4064.48,4067.49,4138.609999999999,4024.4100000000008,4062.652140074603,,
1785403800,4067.49,4069.11,4060.4,4065.43,4138.609999999999,4024.4100000000008,4062.6930545170044,,
1785404700,4065.43,4073.03,4062.26,4063.34,4138.609999999999,4024.4100000000008,4062.7443090422744,,
1785405600,4063.34,4074.63,4062.87,4068.31,4138.609999999999,4024.4100000000008,4062.8718849170878,,
1785406500,4068.31,4077.59,4067.57,4076.43,4138.609999999999,4024.4100000000008,4063.1081223335927,,
1785407400,4076.43,4082.69,4075.13,4081.21,4138.609999999999,4024.4100000000008,4063.4519720289595,,
1785408300,4081.21,4083.19,4077.97,4077.98,4138.609999999999,4024.4100000000008,4063.693800944606,,
1785409200,4077.98,4082.85,4077.51,4079.64,4138.609999999999,4024.4100000000008,4063.943523460036,,
1785410100,4079.64,4081.93,4076.53,4078.11,4138.609999999999,4024.4100000000008,4064.1420477678203,,
1785411000,4078.11,4079.39,4076.16,4077.41,4138.609999999999,4024.4100000000008,4064.314861669217,,
1785411900,4077.41,4080.63,4075.54,4077.69,4138.609999999999,4024.4100000000008,4064.4809277045565,,
1785412800,4077.69,4082.48,4074.64,4078.35,4138.609999999999,4024.4100000000008,4064.7095293234256,,
1785413700,4078.35,4081.3,4071.5,4076.74,4138.609999999999,4024.4100000000008,4064.8951144235034,,
1785414600,4076.74,4086.39,4071.62,4077.12,4138.609999999999,4024.4100000000008,4065.3031650655225,,
1785415500,4077.12,4079.39,4067.07,4068.94,4138.609999999999,4024.4100000000008,4065.4806753027997,,
1785416400,4068.94,4076.66,4065.03,4076.59,4138.609999999999,4024.4100000000008,4065.733187528635,,
1785417300,4076.59,4083.92,4071.97,4079.79,4138.609999999999,4024.4100000000008,4066.046121829037,,
1785418200,4079.79,4098.75,4074.81,4088.92,4138.609999999999,4024.4100000000008,4067.3402026810845,,
1785419100,4088.92,4112.06,4085.52,4111.88,4138.609999999999,4024.4100000000008,4068.928840809616,,
1785420000,4111.88,4120,4093.88,4098.16,4138.609999999999,4024.4100000000008,4070.51361843851,,
1785420900,4098.16,4100.17,4086.69,4096.07,4138.609999999999,4024.4100000000008,4071.241666519722,,
1785421800,4096.07,4111.21,4094.54,4110.67,4138.609999999999,4024.4100000000008,4071.919059526578,,
1785422700,4110.67,4113.04,4096.5,4099.97,4138.609999999999,4024.4100000000008,4072.526109753941,,
1785423600,4099.97,4100.2,4083.08,4085.53,4138.609999999999,4024.4100000000008,4072.9463384502974,,
1785424500,4085.53,4097.17,4084.72,4095.99,4138.609999999999,4024.4100000000008,4073.333581076124,,
1785425400,4095.99,4106.83,4092.53,4105.34,4138.609999999999,4024.4100000000008,4073.766979558627,,
1785426300,4105.34,4110.19,4103.48,4108.11,4138.609999999999,4024.4100000000008,4074.13571383063,,
1785427200,4108.11,4115.83,4107.73,4114.16,4138.609999999999,4024.4100000000008,4074.5543131698273,,
1785428100,4114.16,4119.15,4113.65,4115.94,4138.609999999999,4024.4100000000008,4074.901472897773,,
1785429000,4115.94,4116.36,4108.27,4108.56,4138.609999999999,4024.4100000000008,4075.2006730860357,,
1785429900,4108.56,4110.7,4106.38,4110.66,4138.609999999999,4024.4100000000008,4075.428532174775,,
1785430800,4110.66,4111.21,4104.73,4104.83,4138.609999999999,4024.4100000000008,4075.665798435752,,
1785431700,4104.83,4108.12,4098.45,4101.6,4138.609999999999,4024.4100000000008,4075.895674323895,,
1785432600,4101.6,4108.11,4099.92,4105.91,4138.609999999999,4024.4100000000008,4076.2455095276614,,
1785433500,4105.91,4108.41,4101.14,4102.6,4138.609999999999,4024.4100000000008,4076.4362483873833,,
1785434400,4102.6,4106.75,4102.57,4106.45,4138.609999999999,4024.4100000000008,4076.620074347563,,
1785435300,4106.45,4106.71,4100.71,4103.4,4138.609999999999,4024.4100000000008,4076.791401341795,,
1785436200,4103.4,4107.77,4102.87,4104.84,4138.609999999999,4024.4100000000008,4076.9549514855257,,
1785437100,4104.84,4105.2,4098.71,4099.71,4138.609999999999,4024.4100000000008,4077.093152910881,,
1785438000,4099.71,4105.56,4098.71,4104.61,4138.609999999999,4024.4100000000008,4077.246231555275,,
1785438900,4104.61,4114.84,4102.85,4112.75,4138.609999999999,4024.4100000000008,4077.44471927443,,
1785439800,4112.75,4115.3,4111.47,4112.13,4138.609999999999,4024.4100000000008,4077.6091647010394,,
1785440700,4112.13,4113.08,4109.03,4111.92,4138.609999999999,4024.4100000000008,4077.803202000579,,
1785441600,4111.92,4117.32,4109.91,4113.9,4138.609999999999,4024.4100000000008,4078.018280980413,,
1785442500,4113.9,4114.82,4111.55,4111.9,4138.609999999999,4024.4100000000008,4078.1199562271017,,
1785443400,4111.9,4112.44,4102.23,4102.65,4138.609999999999,4024.4100000000008,4078.235612698544,,
1785444300,4102.65,4103.48,4098.77,4102.92,4138.609999999999,4024.4100000000008,4078.281303265683,,
1785448800,4102.92,4107.91,4102.54,4106.96,4138.609999999999,4024.4100000000008,4105.803333333333,,
1785449700,4106.96,4108.56,4106.53,4107.78,4138.609999999999,4024.4100000000008,4106.6740074906365,,
1785450600,4107.78,4110.5,4107.08,4110.38,4138.609999999999,4024.4100000000008,4107.417713338857,,
1785451500,4110.38,4111.24,4108.8,4109.06,4138.609999999999,4024.4100000000008,4107.827314751869,,
1785452400,4109.06,4111.76,4106.35,4107.2,4138.609999999999,4024.4100000000008,4107.948587893638,,
1785453300,4107.2,4107.35,4103.68,4104.13,4138.609999999999,4024.4100000000008,4107.474615209472,,
1785454200,4104.13,4107.61,4102.08,4106.04,4138.609999999999,4024.4100000000008,4107.081943089431,,
1785455100,4106.04,4109.93,4105.35,4105.84,4138.609999999999,4024.4100000000008,4107.075693396666,,
1785456000,4105.84,4107.14,4100.51,4101.25,4138.609999999999,4024.4100000000008,4106.023908489745,,
1785456900,4101.25,4103.64,4096.08,4096.39,4138.609999999999,4024.4100000000008,4104.65165395753,,
1785457800,4096.39,4097.52,4090.37,4092.89,4138.609999999999,4024.4100000000008,4103.125852765586,,
1785458700,4092.89,4096.07,4090.54,4094.59,4138.609999999999,4024.4100000000008,4101.936494256007,,
1785459600,4094.59,4101.42,4088.68,4089.03,4138.609999999999,4024.4100000000008,4100.051196594657,,
1785460500,4089.03,4094.82,4086.51,4091.97,4138.609999999999,4024.4100000000008,4099.009851522935,,
1785461400,4091.97,4092.01,4083.85,4085.74,4138.609999999999,4024.4100000000008,4097.805199978795,,
1785462300,4085.74,4089.39,4081.9,4084.24,4138.609999999999,4024.4100000000008,4096.778963595375,,
1785463200,4084.24,4090.38,4081.45,4085.37,4138.609999999999,4024.4100000000008,4095.9940824696296,,
1785464100,4085.37,4085.37,4081.32,4082.23,4138.609999999999,4024.4100000000008,4095.431455270149,,
1785465000,4082.23,4084.41,4075.21,4075.28,4138.609999999999,4024.4100000000008,4094.361102481817,,
1785465900,4075.28,4078.38,4074.16,4076,,,4093.4212409519655,,
1785466800,4076,4076.19,4071.88,4073.5,,,4092.3960411130915,,
1785467700,4073.5,4075.94,4072.16,4075.22,,,4091.6584866016683,,
1785468600,4075.22,4079.54,4074.84,4076.4,,,4091.1223082292854,,
1785469500,4076.4,4077.47,4074.12,4074.96,,,4090.7727374514657,,
1785470400,4074.96,4076.87,4073.1,4076.69,4140.46,4042.86,4090.407594236053,,
1785471300,4076.69,4079.97,4074.25,4079.97,4140.46,4042.86,4090.1442207027394,,
1785472200,4079.97,4081.47,4079.12,4079.16,4140.46,4042.86,4089.9878850980763,,
1785473100,4079.16,4080.17,4074.47,4080.04,4140.46,4042.86,4089.7704964132254,,
1785474000,4080.04,4083.22,4079.46,4079.84,4140.46,4042.86,4089.5668764993366,,
1785474900,4079.84,4082.73,4079.39,4080.83,4140.46,4042.86,4089.4230909037783,,
1785475800,4080.83,4081.74,4075.51,4076.22,4140.46,4042.86,4088.9026663476698,,
1785476700,4076.22,4076.44,4073.24,4074.21,4140.46,4042.86,4088.4424176559924,,
1785477600,4074.21,4082.79,4072.65,4082.31,4140.46,4042.86,4088.0893275521084,,
1785478500,4082.31,4087.29,4081.09,4084.83,4140.46,4042.86,4087.961105798419,,
1785479400,4084.83,4084.97,4077.06,4078.15,4140.46,4042.86,4087.56956449587,,
1785480300,4078.15,4081.55,4076.31,4077.69,4140.46,4042.86,4087.2339884256653,,
1785481200,4077.69,4079.12,4075.23,4077.46,4140.46,4042.86,4086.951050662846,,
1785482100,4077.46,4079.22,4072.03,4072.65,4140.46,4042.86,4086.59759552192,,
1785483000,4072.65,4073.82,4068.12,4072.12,4140.46,4042.86,4086.2068707556814,,
1785483900,4072.12,4074.37,4067.5,4067.66,4140.46,4042.86,4085.789293063695,,
1785484800,4067.66,4067.69,4061.05,4062.2,4140.46,4042.86,4085.0231236256145,,
1785485700,4062.2,4067.16,4057.82,4058.6,4140.46,4042.86,4084.2472877754785,,
1785486600,4058.6,4061.52,4053.99,4059.29,4140.46,4042.86,4083.4275958352932,,
1785487500,4059.29,4064.46,4057.68,4060.82,4140.46,4042.86,4082.7338431059056,,
1785488400,4060.82,4063.91,4055.04,4056.79,4140.46,4042.86,4081.9081561632806,,
1785489300,4056.79,4057.5,4051.28,4052.42,4140.46,4042.86,4081.1966407319887,,
1785490200,4052.42,4054.66,4050.18,4053.04,4140.46,4042.86,4080.6038359952254,,
1785491100,4053.04,4057.1,4052.21,4055.04,4140.46,4042.86,4080.240572884125,,
1785492000,4055.04,4058.29,4053.12,4055.68,4140.46,4042.86,4079.8433076403307,,
1785492900,4055.68,4055.88,4051.96,4053.1,4140.46,4042.86,4079.4962341276473,,
1785493800,4053.1,4056.53,4052.79,4054.7,4140.46,4042.86,4079.1129762611713,,
1785494700,4054.7,4057.08,4053.57,4054.48,4140.46,4042.86,4078.807535271763,,
1785495600,4054.48,4059.28,4052.15,4056.86,4140.46,4042.86,4078.401837597801,,
1785496500,4056.86,4060.98,4054.1,4058.8,4140.46,4042.86,4077.8891270342197,,
1785497400,4058.8,4058.8,4050.59,4051.99,4140.46,4042.86,4077.3895027885715,,
1785498300,4051.99,4055.39,4051.18,4053.63,4140.46,4042.86,4077.0301721607807,,
1785499200,4053.63,4059.27,4052.53,4059.01,4140.46,4042.86,4076.6170741666324,,
1785500100,4059.01,4059.24,4046.97,4047.19,4140.46,4042.86,4076.0561491280264,,
1785501000,4047.19,4051.56,4042.48,4044.48,4140.46,4042.86,4075.1504986047257,,
1785501900,4044.48,4046.41,4040.27,4040.67,4140.46,4042.86,4074.3196641704244,,
1785502800,4040.67,4042.62,4034.65,4036.21,4140.46,4042.86,4072.791230607299,,
1785503700,4036.21,4046.89,4035.47,4042.51,4140.46,4042.86,4071.5156170970104,,
1785504600,4042.51,4043.8,4022.31,4025.08,4140.46,4042.86,4068.6888835459577,,
1785505500,4025.08,4032.18,4021.92,4025.41,4140.46,4042.86,4065.9056423923935,,
1785506400,4025.41,4032.38,4020.76,4031.92,4140.46,4042.86,4063.588524951086,,
1785507300,4031.92,4040.14,4029.72,4038.76,4140.46,4042.86,4062.2751954778487,,
1785508200,4038.76,4043.06,4036.47,4041.39,4140.46,4042.86,4061.591471247323,,
1785509100,4041.39,4050.31,4040.9,4049.07,4140.46,4042.86,4061.156698740003,,
1785510000,4049.07,4050.7,4042.63,4046.88,4140.46,4042.86,4060.710679787609,,
1785510900,4046.88,4052.6,4040.04,4041.09,4140.46,4042.86,4060.2633639967853,,
1785511800,4041.09,4043.64,4036.55,4042.1,4140.46,4042.86,4059.8095939591326,,
1785512700,4042.1,4046.7,4039.82,4045.41,4140.46,4042.86,4059.485097711506,,
1785513600,4045.41,4046.91,4041.28,4046.26,4140.46,4042.86,4059.2550650425687,,
1785514500,4046.26,4048.36,4042.94,4047.38,4140.46,4042.86,4059.055448495375,,
1785515400,4047.38,4049.79,4041.12,4042.49,4140.46,4042.86,4058.8539002004513,,
1785516300,4042.49,4045.1,4042.07,4043.22,4140.46,4042.86,4058.696199562711,,
1785517200,4043.22,4046.31,4041.4,4045.47,4140.46,4042.86,4058.549819423864,,
1785518100,4045.47,4053.34,4044.69,4050.38,4140.46,4042.86,4058.4055069582505,,
1785519000,4050.38,4053.25,4047.51,4051.85,4140.46,4042.86,4058.293460309344,,
1785519900,4051.85,4054.62,4050.24,4053.5,4140.46,4042.86,4058.211908147304,,
1785520800,4053.5,4055.17,4046.96,4048.06,4140.46,4042.86,4058.0954502195264,,
1785521700,4048.06,4051.71,4047.42,4051.01,4140.46,4042.86,4058.01780978878,,
1785522600,4051.01,4051.56,4047.87,4049.31,4140.46,4042.86,4057.9635287249007,,
1785523500,4049.31,4051.46,4048.07,4050.66,4140.46,4042.86,4057.913847705168,,
1785524400,4050.66,4052.9,4046.8,4047.95,4140.46,4042.86,4057.8562337792196,,
1785525300,4047.95,4050.57,4046.98,4050.52,4140.46,4042.86,4057.801106248094,,
1785526200,4050.52,4054.63,4048.77,4054.05,4140.46,4042.86,4057.7633141658275,,
1785527100,4054.05,4055.54,4049.94,4050.69,4140.46,4042.86,4057.6609619567016,,
1785528000,4050.69,4051.75,4045.15,4047.75,4140.46,4042.86,4057.578207130401,,
1785528900,4047.75,4048.94,4046.3,4047.53,4140.46,4042.86,4057.5220362314058,,
1785529800,4047.53,4052.9,4047.06,4050.83,4140.46,4042.86,4057.4798403360874,,
1785708000,4050.83,4079.25,4050.83,4076.18,,,4068.7533333333336,,
1785708900,4076.18,4077.16,4063.58,4065.83,,,4068.792907479306,,
1785709800,4065.83,4068.37,4063.99,4066.76,,,4068.1806000583647,,
1785710700,4066.76,4067.2,4063.29,4063.66,,,4067.582656374969,,
1785711600,4063.66,4067.13,4063.07,4066.33,,,4067.2457131844667,,
1785712500,4066.33,4072.49,4065.97,4071.92,,,4067.5957454343607,,
1785713400,4071.92,4072.3,4067.89,4069.54,,,4067.765783085437,,
1785714300,4069.54,4074.97,4068.13,4074.87,,,4068.6933264982913,,
1785715200,4074.89,4078.96,4069.88,4071.9,,,4069.7917267939647,,
1785716100,4071.9,4072.9,4061.19,4064.31,,,4069.099621613408,,
1785717000,4064.31,4070.03,4056.8,4058.15,,,4067.7862770730862,,
1785717900,4058.15,4060.49,4055.55,4057.12,,,4066.4198217648263,,
1785718800,4057.12,4063.12,4051.45,4052.22,,,4064.4218921918273,,
1785719700,4052.22,4055.06,4047.38,4052.71,,,4063.3266853372224,,
1785720600,4052.71,4056.9,4047.55,4051.16,,,4062.3229892644836,,
1785721500,4051.16,4057.37,4049.9,4056.58,,,4061.8200993306077,,
1785722400,4056.58,4060.98,4053.21,4055.59,,,4061.5285306449373,,
1785723300,4055.59,4060.66,4051.94,4058.08,,,4061.3375314854975,,
1785724200,4058.08,4060.64,4052.43,4059.53,,,4061.1101980455633,,
1785725100,4059.53,4067.03,4058.38,4062.44,,,4061.1750788733643,,
1785726000,4062.44,4065.38,4060.88,4064.37,,,4061.255336231057,,
1785726900,4064.37,4067.91,4061.54,4063.87,,,4061.374996877355,,
1785727800,4063.87,4064.92,4060.65,4060.65,,,4061.3941147557007,,
1785728700,4060.65,4066.72,4059.23,4064.96,,,4061.445428162095,,
1785729600,4064.96,4068.3,4064.19,4066.52,4094.5999999999995,4015.9000000000005,4061.541556095064,,
1785730500,4066.52,4070.96,4066.07,4068.14,4094.5999999999995,4015.9000000000005,4061.670381533615,,
1785731400,4068.14,4071.24,4068.14,4070.45,4094.5999999999995,4015.9000000000005,4061.852872824644,,
1785732300,4070.45,4071.83,4063.73,4063.75,4094.5999999999995,4015.9000000000005,4061.9387553645356,,
1785733200,4063.75,4065.3,4056.72,4057.43,4094.5999999999995,4015.9000000000005,4061.8822501019044,,
1785734100,4057.43,4062.63,4054.06,4060.22,4094.5999999999995,4015.9000000000005,4061.821490012318,,
1785735000,4060.22,4064.64,4055.04,4063.43,4094.5999999999995,4015.9000000000005,4061.7917564221934,,
1785735900,4063.43,4069.8,4058.71,4068.77,4094.5999999999995,4015.9000000000005,4061.9006320331,,
1785736800,4068.77,4071.12,4065.93,4066.02,4094.5999999999995,4015.9000000000005,4062.090102857856,,
1785737700,4066.02,4071.91,4065.38,4068.42,4094.5999999999995,4015.9000000000005,4062.3049184878223,,
1785738600,4068.42,4068.85,4060.19,4065.5,4094.5999999999995,4015.9000000000005,4062.3842890124433,,
1785739500,4065.5,4066.87,4062.77,4063.95,4094.5999999999995,4015.9000000000005,4062.435045789865,,
1785740400,4063.95,4065.07,4059.54,4061.5,4094.5999999999995,4015.9000000000005,4062.4227609710883,,
1785741300,4061.5,4061.95,4051.97,4058.04,4094.5999999999995,4015.9000000000005,4062.208638126866,,
1785742200,4058.04,4061.13,4056.57,4059.65,4094.5999999999995,4015.9000000000005,4062.1446674594104,,
1785743100,4059.65,4063.22,4058.3,4060.99,4094.5999999999995,4015.9000000000005,4062.1223192300345,,
1785744000,4060.99,4062.12,4058.31,4061.63,4094.5999999999995,4015.9000000000005,4062.0902932782037,,
1785744900,4061.63,4062.41,4054.17,4055.95,4094.5999999999995,4015.9000000000005,4061.995504217532,,
1785745800,4055.95,4060.63,4054.85,4058.48,4094.5999999999995,4015.9000000000005,4061.919825787387,,
1785746700,4058.48,4060.62,4057.58,4059.34,4094.5999999999995,4015.9000000000005,4061.873709682545,,
1785747600,4059.34,4062.03,4057.17,4061.4,4094.5999999999995,4015.9000000000005,4061.8485124501835,,
1785748500,4061.4,4061.4,4052.08,4052.5,4094.5999999999995,4015.9000000000005,4061.7396890764726,,
1785749400,4052.5,4054.81,4046.49,4053.4,4094.5999999999995,4015.9000000000005,4061.497143962016,,
1785750300,4053.4,4058,4053.36,4055.17,4094.5999999999995,4015.9000000000005,4061.4069741687904,,
1785751200,4055.17,4057.03,4053.08,4056.24,4094.5999999999995,4015.9000000000005,4061.3183580796863,,
1785752100,4056.24,4056.88,4051.84,4053.33,4094.5999999999995,4015.9000000000005,4061.2175554288096,,
1785753000,4053.33,4053.74,4048.55,4049.19,4094.5999999999995,4015.9000000000005,4061.073493925195,,
1785753900,4049.19,4050.73,4046.03,4049.32,4094.5999999999995,4015.9000000000005,4060.9321983402297,,
1785754800,4049.32,4052.83,4047.85,4049.74,4094.5999999999995,4015.9000000000005,4060.757801614973,,
1785755700,4049.74,4049.86,4045.4,4048.43,4094.5999999999995,4015.9000000000005,4060.5581334962826,,
1785756600,4048.43,4054.92,4047.95,4053.42,4094.5999999999995,4015.9000000000005,4060.4415851518534,,
1785757500,4053.42,4063.1,4052.48,4062.43,4094.5999999999995,4015.9000000000005,4060.4211657079563,,
1785758400,4062.43,4064.53,4054.66,4055.92,4094.5999999999995,4015.9000000000005,4060.384123056835,,
1785759300,4055.92,4056.43,4048.55,4050.81,4094.5999999999995,4015.9000000000005,4060.217358121075,,
1785760200,4050.81,4052.85,4042.22,4045.01,4094.5999999999995,4015.9000000000005,4059.944702742738,,
1785761100,4045.01,4048.89,4043.24,4047.66,4094.5999999999995,4015.9000000000005,4059.7180107119802,,
1785762000,4047.66,4053.47,4038.72,4038.72,4094.5999999999995,4015.9000000000005,4059.0749856395696,,
1785762900,4038.72,4040.41,4031.56,4034.19,4094.5999999999995,4015.9000000000005,4058.3598928816396,,
1785763800,4034.19,4035.43,4019.03,4031.68,4094.5999999999995,4015.9000000000005,4056.7495234485546,,
1785764700,4031.68,4035.3,4028.17,4031.67,4094.5999999999995,4015.9000000000005,4055.712851217814,,
1785765600,4031.67,4036.04,4026.54,4033.21,4094.5999999999995,4015.9000000000005,4054.7643065232087,,
1785766500,4033.21,4035.87,4029.83,4032.52,4094.5999999999995,4015.9000000000005,4054.2556682992836,,
1785767400,4032.52,4038,4031.82,4036.33,4094.5999999999995,4015.9000000000005,4053.8919525270185,,
1785768300,4036.33,4039.19,4033.55,4036.15,4094.5999999999995,4015.9000000000005,4053.5913272925486,,
1785769200,4036.15,4037.09,4030.47,4033.19,4094.5999999999995,4015.9000000000005,4053.2339039921367,,
1785770100,4033.19,4038.32,4030.59,4032.73,4094.5999999999995,4015.9000000000005,4052.8556404327674,,
1785771000,4032.73,4038.77,4030.88,4036.74,4094.5999999999995,4015.9000000000005,4052.5858648050944,,
1785771900,4036.74,4040.9,4035.32,4036.1,4094.5999999999995,4015.9000000000005,4052.416732923195,,
1785772800,4036.1,4037.58,4034.54,4036.51,4094.5999999999995,4015.9000000000005,4052.284722123201,,
1785773700,4036.51,4038.41,4034.87,4036.84,4094.5999999999995,4015.9000000000005,4052.147322655918,,
1785774600,4036.84,4039.15,4035.45,4038.49,4094.5999999999995,4015.9000000000005,4052.0187675280035,,
1785775500,4038.49,4038.65,4035.63,4036.95,4094.5999999999995,4015.9000000000005,4051.912106878611,,
1785776400,4036.95,4037.65,4033.42,4034.23,4094.5999999999995,4015.9000000000005,4051.7952482620153,,
1785777300,4034.23,4037.72,4033.78,4034.32,4094.5999999999995,4015.9000000000005,4051.6346327521287,,
1785778200,4034.32,4036.78,4034.03,4036.08,4094.5999999999995,4015.9000000000005,4051.5298348015526,,
1785779100,4036.08,4036.31,4030.15,4030.49,4094.5999999999995,4015.9000000000005,4051.4160724414605,,
1785780000,4030.49,4038.48,4029.66,4035.03,4094.5999999999995,4015.9000000000005,4051.275989179791,,
1785780900,4035.03,4038.79,4034.89,4037.85,4094.5999999999995,4015.9000000000005,4051.1696391393325,,
1785781800,4037.85,4041.44,4036.37,4041.35,4094.5999999999995,4015.9000000000005,4051.099660017133,,
1785782700,4041.35,4044.96,4040.4,4043.47,4094.5999999999995,4015.9000000000005,4051.045790820232,,
1785783600,4043.47,4049.47,4043.38,4046.16,4094.5999999999995,4015.9000000000005,4050.9936104699573,,
1785784500,4046.16,4054.26,4046.15,4052.99,4094.5999999999995,4015.9000000000005,4050.9949720188015,,
1785785400,4052.99,4055.74,4051.91,4054.02,4094.5999999999995,4015.9000000000005,4051.014696658891,,
1785786300,4054.02,4055.49,4051.54,4051.87,4094.5999999999995,4015.9000000000005,4051.030453326676,,
1785787200,4051.87,4052.81,4050.21,4052.5,4094.5999999999995,4015.9000000000005,4051.03333801336,,
1785788100,4052.5,4055.81,4051.33,4054.17,4094.5999999999995,4015.9000000000005,4051.0393435890624,,
1785789000,4054.17,4058,4053.67,4056.39,4094.5999999999995,4015.9000000000005,4051.053186472949,,
1785789900,4056.39,4056.99,4053.54,4054.85,4094.5999999999995,4015.9000000000005,4051.0622248084815,,
1785794400,4054.85,4054.85,4048.83,4051.47,4094.5999999999995,4015.9000000000005,4051.7166666666667,,
1785795300,4051.47,4052.56,4050.64,4052.03,4094.5999999999995,4015.9000000000005,4051.726617909383,,
1785796200,4052.03,4053.45,4051.5,4052.72,4094.5999999999995,4015.9000000000005,4051.97976940243,,
1785797100,4052.72,4053.39,4051.14,4052.72,4094.5999999999995,4015.9000000000005,4052.108677387403,,
1785798000,4052.72,4055.02,4049.9,4051.43,4094.5999999999995,4015.9000000000005,4052.1108426775395,,
1785798900,4051.43,4054.59,4050.67,4051.68,4094.5999999999995,4015.9000000000005,4052.1555859969562,,
1785799800,4051.68,4052.75,4051.09,4052.45,4094.5999999999995,4015.9000000000005,4052.1501785070323,,
1785800700,4052.45,4054.02,4051.34,4053.89,4094.5999999999995,4015.9000000000005,4052.3109616197803,,
1785801600,4053.89,4069.1,4053,4063.68,4094.5999999999995,4015.9000000000005,4056.1919063937103,,
1785802500,4063.68,4064.46,4057.91,4059.1,4094.5999999999995,4015.9000000000005,4057.0095804053,,
1785803400,4059.1,4060.65,4055.6,4056.37,4094.5999999999995,4015.9000000000005,4057.079813239953,,
1785804300,4056.37,4057.97,4048.75,4049.36,4094.5999999999995,4015.9000000000005,4056.2063459880696,,
1785805200,4049.36,4050.56,4042.53,4046.76,4094.5999999999995,4015.9000000000005,4053.8039540893797,,
1785806100,4046.76,4052.31,4046.76,4049.12,4094.5999999999995,4015.9000000000005,4053.285986247948,,
1785807000,4049.12,4059.98,4048.39,4059.16,4094.5999999999995,4015.9000000000005,4053.599239674797,,
1785807900,4059.16,4061.6,4056.45,4058.71,4094.5999999999995,4015.9000000000005,4054.124982325624,,
1785808800,4058.71,4061.15,4055.51,4058.27,4094.5999999999995,4015.9000000000005,4054.541995851196,,
1785809700,4058.27,4059.69,4055.96,4056.73,4094.5999999999995,4015.9000000000005,4054.717478233333,,
1785810600,4056.73,4065.06,4055.68,4061.66,4094.5999999999995,4015.9000000000005,4055.2056680001406,,
1785811500,4061.66,4062.31,4058.1,4058.92,,,4055.460657409064,,
1785812400,4058.92,4060.68,4056.52,4058.12,,,4055.6176243836144,,
1785813300,4058.12,4061.63,4057.75,4057.77,,,4055.771283813362,,
1785814200,4057.77,4058.8,4052.66,4052.88,,,4055.7343375072887,,
1785815100,4052.88,4055.47,4052.04,4052.35,,,4055.6760300714595,,
1785816000,4052.35,4056.87,4051.1,4056.72,4099.74,4004.390000000001,4055.6558903876457,,
1785816900,4056.72,4061.55,4055.9,4061.26,4099.74,4004.390000000001,4055.7750509260372,,
1785817800,4061.26,4064.21,4060.4,4062.76,4099.74,4004.390000000001,4055.9331808839315,,
1785818700,4062.76,4066.15,4062.39,4063.91,4099.74,4004.390000000001,4056.1178263939696,,
1785819600,4063.91,4064.66,4057.26,4057.99,4099.74,4004.390000000001,4056.214774575348,,
1785820500,4057.99,4063.81,4057.26,4063.11,4099.74,4004.390000000001,4056.3226149172388,,
1785821400,4063.11,4067.62,4059.33,4062.89,4099.74,4004.390000000001,4056.621717725076,,
1785822300,4062.89,4064.41,4058.69,4061.91,4099.74,4004.390000000001,4056.79636379113,,
1785823200,4061.91,4066.23,4061.9,4064.31,4099.74,4004.390000000001,4057.1051264817725,,
1785824100,4064.31,4064.84,4059.42,4059.86,4099.74,4004.390000000001,4057.238850640658,,
1785825000,4059.86,4060.13,4055.67,4060.01,4099.74,4004.390000000001,4057.2796372791604,,
1785825900,4060.01,4063.61,4058.83,4063.34,4099.74,4004.390000000001,4057.413505581669,,
1785826800,4063.34,4065.81,4060.76,4060.99,4099.74,4004.390000000001,4057.580440631536,,
1785827700,4060.99,4065.58,4060.86,4062.93,4099.74,4004.390000000001,4057.7387775176767,,
1785828600,4062.93,4066.7,4061.28,4062.88,4099.74,4004.390000000001,4057.89781315356,,
1785829500,4062.88,4066.11,4062.2,4065.48,4099.74,4004.390000000001,4058.020290043085,,
1785830400,4065.48,4072.81,4064.64,4068.17,4099.74,4004.390000000001,4058.433243622546,,
1785831300,4068.17,4068.66,4060.34,4063.41,4099.74,4004.390000000001,4058.5680196914536,,
1785832200,4063.41,4064.46,4058.36,4059.46,4099.74,4004.390000000001,4058.6337166223607,,
1785833100,4059.46,4059.64,4054.54,4054.96,4099.74,4004.390000000001,4058.577060591035,,
1785834000,4054.96,4055.38,4048.49,4050.67,4099.74,4004.390000000001,4058.3978716824117,,
1785834900,4050.67,4052.05,4048.61,4050.25,4099.74,4004.390000000001,4058.2211312539403,,
1785835800,4050.25,4051.31,4046.22,4050.3,4099.74,4004.390000000001,4058.050914784775,,
1785836700,4050.3,4050.92,4047.37,4049.8,4099.74,4004.390000000001,4057.9137826088213,,
1785837600,4049.8,4049.89,4046.86,4049.06,4099.74,4004.390000000001,4057.766810609689,,
1785838500,4049.06,4049.63,4045.53,4049.07,4099.74,4004.390000000001,4057.6527368249135,,
1785839400,4049.07,4053.75,4046.48,4052.67,4099.74,4004.390000000001,4057.517218014367,,
1785840300,4052.67,4060.65,4052.48,4053.82,4099.74,4004.390000000001,4057.422313672801,,
1785841200,4053.82,4058.67,4052.21,4056.64,4099.74,4004.390000000001,4057.3817370626584,,
1785842100,4056.64,4060.85,4055.4,4060.7,4099.74,4004.390000000001,4057.41159925275,,
1785843000,4060.7,4070.15,4059.81,4069.44,4099.74,4004.390000000001,4057.7483020150994,,
1785843900,4069.44,4084.28,4067.11,4075.01,4099.74,4004.390000000001,4058.9160006899115,,
1785844800,4075.01,4075.64,4060.98,4062.04,4099.74,4004.390000000001,4059.2201962672316,,
1785845700,4062.04,4070.34,4061.19,4068.02,4099.74,4004.390000000001,4059.4122824534597,,
1785846600,4068.02,4084.28,4068.02,4077.85,4099.74,4004.390000000001,4060.0458474584784,,
1785847500,4077.85,4079.23,4069.37,4070.76,4099.74,4004.390000000001,4060.410655205785,,
1785848400,4070.76,4071.51,4061.18,4063.8,4099.74,4004.390000000001,4060.5870754111083,,
1785849300,4063.8,4090.93,4062.46,4078.55,4099.74,4004.390000000001,4061.4050468702703,,
1785850200,4078.55,4091.46,4075.95,4083.41,4099.74,4004.390000000001,4062.7972191608324,,
1785851100,4083.41,4093.76,4081.82,4083.81,4099.74,4004.390000000001,4063.6950816618937,,
1785852000,4083.81,4091.43,4083.22,4090.14,4099.74,4004.390000000001,4064.48491476853,,
1785852900,4090.14,4091.74,4080.63,4083.72,4099.74,4004.390000000001,4065.1067303047057,,
1785853800,4083.72,4086.7,4074.41,4079.94,4099.74,4004.390000000001,4065.668545618433,,
1785854700,4079.94,4084.74,4077.81,4083.43,4099.74,4004.390000000001,4066.00674922924,,
1785855600,4083.43,4085.63,4079.68,4084.11,4099.74,4004.390000000001,4066.3350301800565,,
1785856500,4084.11,4084.28,4074.84,4078.39,4099.74,4004.390000000001,4066.6009394392872,,
1785857400,4078.39,4087.17,4076.66,4083.8,4099.74,4004.390000000001,4067.0144298166365,,
1785858300,4083.8,4088.79,4082.68,4087.17,4099.74,4004.390000000001,4067.3327442168734,,
1785859200,4087.17,4088.47,4084.35,4085.09,4099.74,4004.390000000001,4067.616780116029,,
1785860100,4085.09,4089.72,4082.82,4087.45,4099.74,4004.390000000001,4067.8492233441084,,
1785861000,4087.45,4089.31,4084.83,4088.99,4099.74,4004.390000000001,4068.058140720835,,
1785861900,4088.99,4093.5,4088.58,4093.18,4099.74,4004.390000000001,4068.298446045132,,
1785862800,4093.18,4106.14,4092.4,4100,4099.74,4004.390000000001,4068.8823386313707,,
1785863700,4100,4101.15,4094.36,4094.68,4099.74,4004.390000000001,4069.2926004619776,,
1785864600,4094.68,4096.21,4091.56,4095.39,4099.74,4004.390000000001,4069.538233020258,,
1785865500,4095.39,4096.45,4086.05,4086.05,4099.74,4004.390000000001,4069.7676473768383,,
1785866400,4086.05,4088.96,4084.91,4088.79,4099.74,4004.390000000001,4069.9750089825993,,
1785867300,4088.79,4088.79,4083.99,4084.54,4099.74,4004.390000000001,4070.124443065597,,
1785868200,4084.54,4085.71,4076.12,4076.56,4099.74,4004.390000000001,4070.2267819963627,,
1785869100,4076.56,4081.24,4075.12,4079.89,4099.74,4004.390000000001,4070.2976089550502,,
1785870000,4079.89,4084.21,4078.77,4081.56,4099.74,4004.390000000001,4070.3713408521085,,
1785870900,4081.56,4084.72,4079.4,4080.22,4099.74,4004.390000000001,4070.4519290076364,,
1785871800,4080.22,4082.53,4078.76,4081.38,4099.74,4004.390000000001,4070.519920301531,,
1785872700,4081.38,4082.27,4076.31,4078.44,4099.74,4004.390000000001,4070.5999963001614,,
1785873600,4078.44,4080.21,4078.22,4079.02,4099.74,4004.390000000001,4070.6484192674566,,
1785874500,4079.02,4079.02,4074.7,4075.39,4099.74,4004.390000000001,4070.6838124226356,,
1785875400,4075.39,4078.48,4075.31,4077.56,4099.74,4004.390000000001,4070.7119018842877,,
1785876300,4077.56,4078.05,4075.93,4077.27,4099.74,4004.390000000001,4070.733120743223,,
1785880800,4077.27,4078.48,4076.28,4076.95,4099.74,4004.390000000001,4077.236666666666,,
1785881700,4076.95,4079.93,4075.68,4079.83,4099.74,4004.390000000001,4078.0908523796716,,
1785882600,4079.83,4085.83,4078.93,4083.99,4099.74,4004.390000000001,4080.1128542415245,,
1785883500,4083.99,4084.51,4075.7,4075.7,4099.74,4004.390000000001,4079.5678854176927,,
1785884400,4075.7,4077.17,4068.7,4073.58,4099.74,4004.390000000001,4077.3487287771327,,
1785885300,4073.58,4074.78,4065.46,4067.27,4099.74,4004.390000000001,4075.840457134844,,
1785886200,4067.27,4070.09,4065.82,4069.22,4099.74,4004.390000000001,4075.0671641134413,,
1785887100,4069.22,4073.53,4069.14,4072.44,4099.74,4004.390000000001,4074.692763209338,,
1785888000,4072.44,4074.12,4070.27,4071.6,4099.74,4004.390000000001,4074.220927679476,,
1785888900,4071.6,4078.87,4071.3,4078.55,4099.74,4004.390000000001,4074.4949618677815,,
1785889800,4078.55,4082.94,4078.01,4078.18,4099.74,4004.390000000001,4075.006350305316,,
1785890700,4078.18,4083.47,4077.74,4082.41,4099.74,4004.390000000001,4075.6903868369964,,
1785891600,4082.41,4086.82,4077.59,4085.7,4099.74,4004.390000000001,4077.3087378695873,,
1785892500,4085.7,4088.62,4082.51,4084.57,4099.74,4004.390000000001,4078.312273823685,,
1785893400,4084.57,4092.96,4080.36,4092.85,4099.74,4004.390000000001,4079.4346830871727,,
1785894300,4092.85,4102.42,4092.68,4101.31,4099.74,4004.390000000001,4081.146445038677,,
1785895200,4101.31,4102.86,4096.25,4099.71,4099.74,4004.390000000001,4082.6909719178134,,
1785896100,4099.71,4108.14,4095.59,4103.6,4099.74,4004.390000000001,4084.2010885444506,,
1785897000,4103.6,4128.67,4101.48,4128.14,4099.74,4004.390000000001,4089.098630192423,,
1785897900,4128.14,4135.38,4124.62,4129,,,4093.5146322083783,,
1785898800,4129,4136.23,4126.78,4135.84,,,4096.1227923039105,,
1785899700,4135.84,4136.5,4129.85,4130.4,,,4097.856627002596,,
1785900600,4130.4,4130.7,4127.4,4128.52,,,4098.867932553409,,
1785901500,4128.52,4130.32,4127.45,4128.11,,,4099.448814004933,,
1785902400,4128.11,4141.33,4128.09,4138.49,4152.08,4027.9300000000003,4100.917316017926,,
1785903300,4138.49,4140.98,4137.68,4138.41,4152.08,4027.9300000000003,4101.813609779867,,
1785904200,4138.41,4138.6,4133.35,4134.59,4152.08,4027.9300000000003,4102.522701684037,,
1785905100,4134.59,4135.97,4132.59,4135.42,4152.08,4027.9300000000003,4103.157281476088,,
1785906000,4135.42,4138.2,4134.64,4137.03,4152.08,4027.9300000000003,4104.012474911283,,
1785906900,4137.03,4142.14,4135.48,4139.35,4152.08,4027.9300000000003,4104.849246221561,,
1785907800,4139.35,4158.92,4139.35,4156.7,4152.08,4027.9300000000003,4109.054886339117,,
1785908700,4156.7,4172.85,4156.7,4161.7,4152.08,4027.9300000000003,4113.487469748654,,
1785909600,4161.7,4174.28,4160.05,4173.18,4152.08,4027.9300000000003,4116.465295013544,,
1785910500,4173.18,4173.38,4161.05,4168.68,4152.08,4027.9300000000003,4118.563149467581,,
1785911400,4168.68,4178.15,4166.92,4175.57,4152.08,4027.9300000000003,4120.714653154993,,
1785912300,4175.57,4178.35,4172.4,4177.37,4152.08,4027.9300000000003,4122.383810113316,,
1785913200,4177.37,4179.5,4166.18,4166.22,4152.08,4027.9300000000003,4124.1439165493875,,
1785914100,4166.22,4169.29,4163.11,4164.19,4152.08,4027.9300000000003,4125.4213614734535,,
1785915000,4164.19,4166.62,4162.2,4166.54,4152.08,4027.9300000000003,4126.333261978567,,
1785915900,4166.54,4172.02,4164.11,4170.82,4152.08,4027.9300000000003,4127.112865355264,,
1785916800,4170.82,4172.68,4164.9,4165.45,4152.08,4027.9300000000003,4128.051791751894,,
1785917700,4165.45,4168.15,4162.01,4164.43,4152.08,4027.9300000000003,4128.887054242313,,
1785918600,4164.43,4167,4161.39,4166.15,4152.08,4027.9300000000003,4129.773681320245,,
1785919500,4166.15,4166.21,4159.04,4160.49,4152.08,4027.9300000000003,4130.443028522249,,
1785920400,4160.49,4167.02,4160.49,4162.88,4152.08,4027.9300000000003,4131.162712524203,,
1785921300,4162.88,4162.88,4155.1,4157.61,4152.08,4027.9300000000003,4131.683939620227,,
1785922200,4157.61,4159.08,4154.33,4158.13,4152.08,4027.9300000000003,4132.223349865138,,
1785923100,4158.13,4159.18,4153.11,4157.93,4152.08,4027.9300000000003,4132.596589773345,,
1785924000,4157.93,4157.93,4150.36,4151.08,4152.08,4027.9300000000003,4132.86251324991,,
1785924900,4151.08,4158.6,4150.12,4156.66,4152.08,4027.9300000000003,4133.196134430422,,
1785925800,4156.66,4157.8,4153.55,4155.1,4152.08,4027.9300000000003,4133.444431458533,,
1785926700,4155.1,4161.6,4153.77,4161.45,4152.08,4027.9300000000003,4133.7935432315735,,
1785927600,4161.45,4170.94,4160.87,4170.76,4152.08,4027.9300000000003,4134.484218251576,,
1785928500,4170.76,4180.5,4169.48,4175.86,4152.08,4027.9300000000003,4135.3831930775505,,
1785929400,4175.86,4188.54,4174.07,4184.87,4152.08,4027.9300000000003,4137.053301641753,,
1785930300,4184.87,4192.61,4182.97,4188.74,4152.08,4027.9300000000003,4138.337743282701,,
1785931200,4188.74,4199.76,4188.74,4197.16,4152.08,4027.9300000000003,4140.236814601493,,
1785932100,4197.16,4213.39,4197.16,4205.18,4152.08,4027.9300000000003,4142.63665246478,,
1785933000,4205.18,4208.98,4192.8,4194.53,4152.08,4027.9300000000003,4144.383478404331,,
1785933900,4194.53,4195.46,4183,4183.86,4152.08,4027.9300000000003,4145.566221693552,,
1785934800,4183.86,4197.04,4183.68,4187.92,4152.08,4027.9300000000003,4147.189817473396,,
1785935700,4187.92,4198,4185.57,4196.95,4152.08,4027.9300000000003,4148.408736654622,,
1785936600,4196.95,4204.69,4192.49,4197.32,4152.08,4027.9300000000003,4151.257022901897,,
1785937500,4197.32,4206.66,4189.44,4205.71,4152.08,4027.9300000000003,4153.37766522316,,
1785938400,4205.71,4234.77,4203.23,4229.49,4152.08,4027.9300000000003,4157.722273175957,,
1785939300,4229.49,4240.67,4226.5,4236.88,4152.08,4027.9300000000003,4161.950193751239,,
1785940200,4236.88,4243.43,4228.8,4243.23,4152.08,4027.9300000000003,4165.348383371019,,
1785941100,4243.23,4247.51,4233.23,4244.09,4152.08,4027.9300000000003,4168.402584045308,,
1785942000,4244.09,4261.01,4242.51,4257.93,4152.08,4027.9300000000003,4171.607399400662,,
1785942900,4257.93,4265.19,4250.13,4257.45,4152.08,4027.9300000000003,4173.993454862097,,
1785943800,4257.45,4259.73,4252.11,4255.71,4152.08,4027.9300000000003,4175.545161206362,,
1785944700,4255.71,4255.71,4232.01,4232.67,4152.08,4027.9300000000003,4177.336851662588,,
1785945600,4232.67,4236.31,4224.71,4234.2,4152.08,4027.9300000000003,4178.687220137262,,
1785946500,4234.2,4241.76,4232.47,4241.47,4152.08,4027.9300000000003,4179.793185835819,,
1785947400,4241.47,4247.08,4238.9,4244.58,4152.08,4027.9300000000003,4180.690857918132,,
1785948300,4244.58,4247.3,4238.32,4242.32,4152.08,4027.9300000000003,4181.524285344819,,
1785949200,4242.32,4244.27,4239.08,4241.99,4152.08,4027.9300000000003,4182.305668548301,,
1785950100,4241.99,4246.5,4236.66,4244.85,4152.08,4027.9300000000003,4183.248881014686,,
1785951000,4244.85,4250.96,4240.78,4248.17,4152.08,4027.9300000000003,4184.123634869798,,
1785951900,4248.17,4252.41,4247.33,4250.18,4152.08,4027.9300000000003,4184.754415987031,,
1785952800,4250.18,4257.41,4249.1,4253.14,4152.08,4027.9300000000003,4185.506616270932,,
1785953700,4253.14,4268.13,4252.84,4262.82,4152.08,4027.9300000000003,4186.3667498127725,,
1785954600,4262.82,4263.78,4254.54,4259.31,4152.08,4027.9300000000003,4187.076005152537,,
1785955500,4259.31,4263.52,4257.93,4260.84,4152.08,4027.9300000000003,4187.779868028134,,
1785956400,4260.84,4262.1,4256.01,4258.12,4152.08,4027.9300000000003,4188.445551716888,,
1785957300,4258.12,4258.3,4250.37,4252.79,4152.08,4027.9300000000003,4189.0418634671405,,
1785958200,4252.79,4254.06,4248.22,4253.04,4152.08,4027.9300000000003,4189.699390733455,,
1785959100,4253.04,4253.45,4246.22,4246.93,4152.08,4027.9300000000003,4190.492053345185,,
1785960000,4246.93,4249.54,4246.62,4249.1,4152.08,4027.9300000000003,4190.792086061257,,
1785960900,4249.1,4249.66,4245.4,4246.24,4152.08,4027.9300000000003,4190.935676267808,,
1785961800,4246.24,4249.56,4245.08,4245.41,4152.08,4027.9300000000003,4191.05210641843,,
1785962700,4245.41,4247.59,4243.08,4247.07,4152.08,4027.9300000000003,4191.204725232993,,
1785967200,4247.07,4253.94,4245.48,4247.5,4152.08,4027.9300000000003,4248.973333333332,,
1785968100,4247.5,4248.73,4246.89,4247.86,4152.08,4027.9300000000003,4248.5687701083125,,
1785969000,4247.86,4250.19,4247.44,4248.23,4152.08,4027.9300000000003,4248.584378787878,,
1785969900,4248.23,4250.3,4247.77,4249.97,4152.08,4027.9300000000003,4248.730043617749,,
1785970800,4249.97,4258.4,4249.17,4256.23,4152.08,4027.9300000000003,4250.008992077589,,
1785971700,4256.23,4264.22,4256.1,4263.63,4152.08,4027.9300000000003,4252.569569266335,,
1785972600,4263.63,4281.95,4261.09,4280.58,4152.08,4027.9300000000003,4259.70539744949,,
1785973500,4280.58,4280.7,4272.03,4278.05,4152.08,4027.9300000000003,4264.104462535359,,
1785974400,4278.05,4278.07,4264.35,4270.5,4152.08,4027.9300000000003,4266.266621063229,,
1785975300,4270.5,4284.66,4270.5,4273.91,4152.08,4027.9300000000003,4268.57047035156,,
1785976200,4273.91,4291.06,4273.65,4286.37,4152.08,4027.9300000000003,4271.2931032991055,,
1785977100,4286.37,4300.31,4285.84,4294.67,4152.08,4027.9300000000003,4274.634591204883,,
1785978000,4294.67,4302.67,4279.98,4284.77,4152.08,4027.9300000000003,4277.897684519502,,
1785978900,4284.77,4287.96,4272.81,4276.02,4152.08,4027.9300000000003,4278.0446839143,,
1785979800,4276.02,4297.31,4275.69,4287.43,4152.08,4027.9300000000003,4279.092234853861,,
1785980700,4287.43,4297.25,4282.68,4286.39,4152.08,4027.9300000000003,4280.092151552369,,
1785981600,4286.39,4304.06,4283.34,4295.18,4152.08,4027.9300000000003,4281.240344834977,,
1785982500,4295.18,4300.04,4291.86,4292.17,4152.08,4027.9300000000003,4281.794380745814,,
1785983400,4292.17,4292.43,4280.91,4285.69,4152.08,4027.9300000000003,4282.082269488281,,
1785984300,4285.69,4287.14,4274.74,4278.55,,,4281.974231483593,,
1785985200,4278.55,4280.9,4273.61,4273.9,,,4281.699485241436,,
1785986100,4273.9,4274.02,4260.67,4266.26,,,4280.8703388105305,,
1785987000,4266.26,4266.73,4261.45,4262.91,,,4280.382246693173,,
1785987900,4262.91,4265.75,4260.3,4265.74,,,4279.96330011523,,
1785988800,4265.74,4267.22,4262.11,4263.2,4362.389999999999,4213.090000000001,4279.581684254027,,
1785989700,4263.2,4263.86,4252.78,4255.35,4362.389999999999,4213.090000000001,4279.052027102734,,
1785990600,4255.35,4261.18,4255.33,4259.06,4362.389999999999,4213.090000000001,4278.619650999703,,
1785991500,4259.06,4263.09,4258.31,4262.16,4362.389999999999,4213.090000000001,4278.337338197008,,
1785992400,4262.16,4265.28,4256.23,4259.37,4362.389999999999,4213.090000000001,4277.819574955179,,
1785993300,4259.37,4259.42,4252.97,4253.94,4362.389999999999,4213.090000000001,4277.263223961943,,
1785994200,4253.94,4266.18,4246.68,4263.71,4362.389999999999,4213.090000000001,4276.427133470811,,
1785995100,4263.71,4268.54,4262.1,4267.21,4362.389999999999,4213.090000000001,4276.149664931792,,
1785996000,4267.21,4268.53,4256.53,4260.37,4362.389999999999,4213.090000000001,4275.739508506825,,
1785996900,4260.37,4261.21,4254.35,4257.6,4362.389999999999,4213.090000000001,4275.279464399598,,
1785997800,4257.6,4258.03,4249.18,4256.66,4362.389999999999,4213.090000000001,4274.844501650811,,
1785998700,4256.66,4258.42,4250.94,4255.93,4362.389999999999,4213.090000000001,4274.436642756172,,
1785999600,4255.93,4263.78,4253.13,4263.07,4362.389999999999,4213.090000000001,4274.127028663735,,
1786000500,4263.07,4265.36,4258.13,4261.8,4362.389999999999,4213.090000000001,4273.923808694461,,
1786001400,4261.8,4261.95,4254.63,4254.96,4362.389999999999,4213.090000000001,4273.697505124906,,
1786002300,4254.96,4262.84,4252.29,4262.66,4362.389999999999,4213.090000000001,4273.4548898353605,,
1786003200,4262.66,4269.45,4260.18,4268.92,4362.389999999999,4213.090000000001,4273.319407152369,,
1786004100,4268.92,4270.55,4263.4,4267.75,4362.389999999999,4213.090000000001,4273.214942148744,,
1786005000,4267.75,4274.91,4266.28,4273.23,4362.389999999999,4213.090000000001,4273.183964756784,,
1786005900,4273.23,4278.82,4270.36,4278.18,4362.389999999999,4213.090000000001,4273.239233304594,,
1786006800,4278.18,4283.57,4275.95,4279.76,4362.389999999999,4213.090000000001,4273.379055545365,,
1786007700,4279.76,4284.8,4278.46,4283.4,4362.389999999999,4213.090000000001,4273.50768471876,,
1786008600,4283.4,4284.29,4271.6,4271.62,4362.389999999999,4213.090000000001,4273.543738812134,,
1786009500,4271.62,4276.06,4271.04,4272.92,4362.389999999999,4213.090000000001,4273.541644430801,,
1786010400,4272.92,4273.49,4268.43,4269.44,4362.389999999999,4213.090000000001,4273.4962322566025,,
1786011300,4269.44,4270.87,4267.05,4269.1,4362.389999999999,4213.090000000001,4273.439065601933,,
1786012200,4269.1,4269.72,4264.55,4265.24,4362.389999999999,4213.090000000001,4273.353351525595,,
1786013100,4265.24,4271.46,4264.58,4270.83,4362.389999999999,4213.090000000001,4273.305566385749,,
1786014000,4270.83,4273.36,4266.6,4268.9,4362.389999999999,4213.090000000001,4273.244101145122,,
1786014900,4268.9,4271.54,4260.26,4264.21,4362.389999999999,4213.090000000001,4273.129761119219,,
1786015800,4264.21,4266.9,4259.66,4260.53,4362.389999999999,4213.090000000001,4272.985348375612,,
1786016700,4260.53,4263.52,4254.12,4263.2,4362.389999999999,4213.090000000001,4272.737551653293,,
1786017600,4263.2,4265.57,4255.37,4256.08,4362.389999999999,4213.090000000001,4272.487353157549,,
1786018500,4256.08,4263.03,4253.08,4261.58,4362.389999999999,4213.090000000001,4272.247714984936,,
1786019400,4261.58,4270.92,4257.86,4266.87,4362.389999999999,4213.090000000001,4272.118880187895,,
1786020300,4266.87,4267.56,4248.94,4250.11,4362.389999999999,4213.090000000001,4271.726753084758,,
1786021200,4250.11,4255.8,4230.36,4238.33,4362.389999999999,4213.090000000001,4270.548114457207,,
1786022100,4238.33,4248.16,4235.9,4247.69,4362.389999999999,4213.090000000001,4269.884293369246,,
1786023000,4247.69,4274.14,4245.67,4270.05,4362.389999999999,4213.090000000001,4269.5560897329515,,
1786023900,4270.05,4270.14,4262.17,4266.96,4362.389999999999,4213.090000000001,4269.445506649281,,
1786024800,4266.96,4275.24,4263.91,4268.17,4362.389999999999,4213.090000000001,4269.4344217443595,,
1786025700,4268.17,4268.98,4260.06,4265.27,4362.389999999999,4213.090000000001,4269.307764767131,,
1786026600,4265.27,4274.78,4265.27,4273.42,4362.389999999999,4213.090000000001,4269.354463000644,,
1786027500,4273.42,4275.25,4262.59,4272.97,4362.389999999999,4213.090000000001,4269.375342854622,,
1786028400,4272.97,4274.2,4261.73,4263.83,4362.389999999999,4213.090000000001,4269.307982100994,,
1786029300,4263.83,4263.87,4250.5,4254.83,4362.389999999999,4213.090000000001,4268.964619294209,,
1786030200,4254.83,4255.56,4245.96,4251.6,4362.389999999999,4213.090000000001,4268.642138826793,,
1786031100,4251.6,4251.72,4229.01,4233.69,4362.389999999999,4213.090000000001,4267.782070452957,,
1786032000,4233.69,4243.11,4230.69,4232.75,4362.389999999999,4213.090000000001,4266.890220543798,,
1786032900,4232.75,4233.06,4223.3,4230.06,4362.389999999999,4213.090000000001,4265.819446039556,,
1786033800,4230.06,4236.08,4229.97,4233.37,4362.389999999999,4213.090000000001,4265.26302855836,,
1786034700,4233.37,4242.49,4231.64,4241.28,4362.389999999999,4213.090000000001,4264.918527484714,,
1786035600,4241.28,4244.43,4239.43,4240.91,4362.389999999999,4213.090000000001,4264.658000456968,,
1786036500,4240.91,4242.7,4238.33,4241.55,4362.389999999999,4213.090000000001,4264.348828768694,,
1786037400,4241.55,4243.43,4238.44,4241.81,4362.389999999999,4213.090000000001,4264.132876690092,,
1786038300,4241.81,4248.16,4240.25,4247.06,4362.389999999999,4213.090000000001,4263.981043079346,,
1786039200,4247.06,4249.02,4244,4246.79,4362.389999999999,4213.090000000001,4263.840972714364,,
1786040100,4246.79,4249.58,4245.95,4246.64,4362.389999999999,4213.090000000001,4263.693891513324,,
1786041000,4246.64,4247.72,4240.96,4241.53,4362.389999999999,4213.090000000001,4263.579191202085,,
1786041900,4241.53,4245.48,4240.73,4243.31,4362.389999999999,4213.090000000001,4263.467446614892,,
1786042800,4243.31,4251.26,4242.87,4247.27,4362.389999999999,4213.090000000001,4263.348789409047,,
1786043700,4247.27,4248.5,4235.06,4237.27,4362.389999999999,4213.090000000001,4263.0796819742,,
1786044600,4237.27,4239.65,4232.85,4234.52,4362.389999999999,4213.090000000001,4262.744886953307,,
1786045500,4234.52,4250.68,4234.5,4248.76,4362.389999999999,4213.090000000001,4262.479684962672,,
1786046400,4248.76,4250.07,4242.52,4244.35,4362.389999999999,4213.090000000001,4262.399844559687,,
1786047300,4244.35,4245.63,4239.83,4241.81,4362.389999999999,4213.090000000001,4262.339465351799,,
1786048200,4241.81,4242.38,4235.08,4235.35,4362.389999999999,4213.090000000001,4262.274027454155,,
1786049100,4235.35,4242,4234.76,4239.43,4362.389999999999,4213.090000000001,4262.196189706774,,
1786053600,4239.43,4240.33,4235.7,4239.05,4362.389999999999,4213.090000000001,4238.36,,
1786054500,4239.05,4243.53,4238.82,4242.51,4362.389999999999,4213.090000000001,4240.179103202847,,
1786055400,4242.51,4243.47,4238.91,4239.46,4362.389999999999,4213.090000000001,4240.344392035853,,
1786056300,4239.46,4243,4238.9,4240.71,4362.389999999999,4213.090000000001,4240.458279811234,,
1786057200,4240.71,4245.82,4240.18,4245.34,4362.389999999999,4213.090000000001,4241.286880480325,,
1786058100,4245.34,4246.11,4242.97,4245.05,4362.389999999999,4213.090000000001,4241.824874035241,,
1786059000,4245.05,4248.74,4244.56,4246.49,4362.389999999999,4213.090000000001,4242.655967349147,,
1786059900,4246.49,4253,4245.82,4252.29,4362.389999999999,4213.090000000001,4245.055877966944,,
1786060800,4252.29,4252.91,4243.38,4244.8,4362.389999999999,4213.090000000001,4245.755059390048,,
1786061700,4244.8,4246.17,4239.21,4244.07,4362.389999999999,4213.090000000001,4245.070653254438,,
1786062600,4244.07,4244.07,4230.21,4234.87,4362.389999999999,4213.090000000001,4243.140470908603,,
1786063500,4234.87,4237.01,4229.59,4232.62,4362.389999999999,4213.090000000001,4241.035683872689,,
1786064400,4232.62,4246.67,4231.24,4244.16,4362.389999999999,4213.090000000001,4240.954038638881,,
1786065300,4244.16,4250.13,4239.95,4243.35,4362.389999999999,4213.090000000001,4241.450040014811,,
1786066200,4243.35,4255.86,4239.15,4255.2,4362.389999999999,4213.090000000001,4242.632640496336,,
1786067100,4255.2,4259.24,4251.78,4256.83,4362.389999999999,4213.090000000001,4243.749220949665,,
1786068000,4256.83,4261.64,4255.99,4258.53,4362.389999999999,4213.090000000001,4244.757476730158,,
1786068900,4258.53,4261.22,4257.5,4260.89,4362.389999999999,4213.090000000001,4245.28335087078,,
1786069800,4260.89,4261.62,4249.66,4249.66,4362.389999999999,4213.090000000001,4245.896192539148,,
1786070700,4249.66,4255.9,4246.88,4250.24,,,4246.198421622103,,
1786071600,4250.24,4259.38,4249.41,4254.73,,,4246.675808245205,,
1786072500,4254.73,4258.88,4251.74,4258.67,,,4247.14170855976,,
1786073400,4258.67,4261.38,4257.48,4260.56,,,4247.479840893741,,
1786074300,4260.56,4266.47,4259.05,4266.29,,,4247.9641845165925,,
1786075200,4266.29,4269.26,4262.02,4265.84,4315.24,4175.24,4248.706565663864,,
1786076100,4265.84,4268.44,4261.79,4264.86,4315.24,4175.24,4249.324658379578,,
1786077000,4264.86,4268.56,4260.44,4264.02,4315.24,4175.24,4249.842295574622,,
1786077900,4264.02,4267.32,4262.39,4264.9,4315.24,4175.24,4250.102621395153,,
1786078800,4264.9,4271.38,4261.92,4269.15,4315.24,4175.24,4250.749430683946,,
1786079700,4269.15,4270.73,4264.67,4266.65,4315.24,4175.24,4251.2182233385965,,
1786080600,4266.65,4277.43,4265.85,4271.35,4315.24,4175.24,4252.250242350883,,
1786081500,4271.35,4280.47,4271.35,4278.72,4315.24,4175.24,4253.382114217867,,
1786082400,4278.72,4291.34,4278.3,4286.73,4315.24,4175.24,4254.789492819758,,
1786083300,4286.73,4291.21,4283.14,4283.38,4315.24,4175.24,4256.217532607835,,
1786084200,4283.38,4295.01,4280.03,4292.15,4315.24,4175.24,4257.489348963757,,
1786085100,4292.15,4298.8,4288.7,4297.26,4315.24,4175.24,4258.829478886567,,
1786086000,4297.26,4297.95,4290.23,4291.11,4315.24,4175.24,4259.745707534579,,
1786086900,4291.11,4292.69,4284.58,4285.49,4315.24,4175.24,4260.416276743202,,
1786087800,4285.49,4288.75,4283.85,4285.07,4315.24,4175.24,4260.945811402787,,
1786088700,4285.07,4291.15,4282.78,4289.98,4315.24,4175.24,4261.487966925978,,
1786089600,4289.98,4300.27,4288.94,4299.47,4315.24,4175.24,4262.346021781583,,
1786090500,4299.47,4300.68,4293.2,4294.96,4315.24,4175.24,4263.095542299795,,
1786091400,4294.96,4316.69,4293.92,4309.06,4315.24,4175.24,4264.703770625431,,
1786092300,4309.06,4311.38,4303.31,4306.06,4315.24,4175.24,4265.563600613854,,
1786093200,4306.06,4307.32,4304.53,4306.08,4315.24,4175.24,4266.254582287452,,
1786094100,4306.08,4311.04,4304.77,4306.78,4315.24,4175.24,4266.991574402479,,
1786095000,4306.78,4318.42,4302.14,4317.38,4315.24,4175.24,4268.068603657064,,
1786095900,4317.38,4320.92,4314.32,4316.05,4315.24,4175.24,4269.243930443719,,
1786096800,4316.05,4319.34,4307.98,4308.21,4315.24,4175.24,4270.019470138808,,
1786097700,4308.21,4314.35,4308.15,4313.55,4315.24,4175.24,4270.70944954988,,
1786098600,4313.55,4318.23,4312.94,4316.81,4315.24,4175.24,4271.370004041729,,
1786099500,4316.81,4320.62,4316.17,4316.86,4315.24,4175.24,4272.105306219146,,
1786100400,4316.86,4326.19,4316.73,4320.19,4315.24,4175.24,4273.116125551091,,
1786101300,4320.19,4327.13,4317,4324.91,4315.24,4175.24,4274.216553910585,,
1786102200,4324.91,4327.68,4320.69,4322.76,4315.24,4175.24,4275.11859782748,,
1786103100,4322.76,4327,4320.57,4321.12,4315.24,4175.24,4275.89337798672,,
1786104000,4321.12,4325.26,4314.84,4315.01,4315.24,4175.24,4276.856276989649,,
1786104900,4315.01,4317.27,4300.84,4309.68,4315.24,4175.24,4277.800470664355,,
1786105800,4309.68,4370.77,4309.68,4366.95,4315.24,4175.24,4283.7235554645085,,
1786106700,4366.95,4371.81,4355.49,4361.39,4315.24,4175.24,4287.734276013194,,
1786107600,4361.39,4364.08,4345.93,4347.92,4315.24,4175.24,4291.0756086643305,,
1786108500,4347.92,4357.87,4339.38,4356.03,4315.24,4175.24,4293.052633389352,,
1786109400,4356.03,4367.85,4350.21,4358.31,4315.24,4175.24,4296.78772065318,,
1786110300,4358.31,4359.91,4342.25,4348.1,4315.24,4175.24,4299.342557115037,,
1786111200,4348.1,4348.89,4327.29,4334.16,4315.24,4175.24,4301.715772555824,,
1786112100,4334.16,4352.94,4330.37,4348.88,4315.24,4175.24,4304.051177971577,,
1786113000,4348.88,4350.6,4342.2,4344.19,4315.24,4175.24,4305.5042797228525,,
1786113900,4344.19,4348.91,4340.31,4341.53,4315.24,4175.24,4306.578818868998,,
1786114800,4341.53,4355.96,4340.25,4355.32,4315.24,4175.24,4307.760069164605,,
1786115700,4355.32,4358.41,4350.95,4351.39,4315.24,4175.24,4308.662923357336,,
1786116600,4351.39,4353.85,4347.03,4349.65,4315.24,4175.24,4309.4615206983,,
1786117500,4349.65,4351.91,4339.74,4340.97,4315.24,4175.24,4310.038456676163,,
1786118400,4340.97,4349.55,4338.52,4347.31,4315.24,4175.24,4310.6342513997715,,
1786119300,4347.31,4349.66,4334.23,4337.46,4315.24,4175.24,4311.289723231495,,
1786120200,4337.46,4342.08,4332.63,4338.64,4315.24,4175.24,4311.773572581891,,
1786121100,4338.64,4342.17,4329.08,4329.09,4315.24,4175.24,4312.097366409922,,
1786122000,4329.09,4338.56,4327.83,4335.58,4315.24,4175.24,4312.391350319883,,
1786122900,4335.58,4342.22,4333.81,4339.61,4315.24,4175.24,4312.704432804128,,
1786123800,4339.61,4340.05,4329.38,4336.17,4315.24,4175.24,4312.999254597463,,
1786124700,4336.46,4343.07,4334.77,4340.13,4315.24,4175.24,4313.208430117068,,
1786125600,4340.13,4342.93,4334.72,4334.94,4315.24,4175.24,4313.398380660732,,
1786126500,4334.94,4337.86,4332.02,4334.29,4315.24,4175.24,4313.573689296591,,
1786127400,4334.29,4338.88,4333.21,4334.13,4315.24,4175.24,4313.700446384985,,
1786128300,4334.13,4337.44,4332.99,4335.56,4315.24,4175.24,4313.819713612954,,
1786129200,4335.56,4345.74,4335.34,4343.49,4315.24,4175.24,4314.2089206979535,,
1786130100,4343.49,4350.43,4342.87,4348.58,4315.24,4175.24,4314.628541117832,,
1786131000,4348.58,4348.87,4344.28,4347.86,4315.24,4175.24,4314.991190404515,,
1786131900,4347.86,4349.45,4339.92,4343.98,4315.24,4175.24,4315.45736992149,,
1786132800,4343.98,4345.25,4337.93,4342.39,4315.24,4175.24,4315.556079357801,,
1786133700,4342.39,4342.86,4337.08,4337.76,4315.24,4175.24,4315.613756036009,,
1786134600,4337.76,4342.17,4336.03,4341.03,4315.24,4175.24,4315.66497995129,,
1786312800,4341.03,4349.68,4331.98,4343.25,,,4341.636666666666,,
1786313700,4343.25,4344.83,4338.2,4343.5,,,4341.807693226531,,
1786314600,4343.5,4345.32,4340.08,4340.09,,,4341.812767735982,,
1786315500,4340.09,4344.24,4339.86,4341.6,,,4341.8215388746485,,
1786316400,4341.6,4347.56,4341.24,4346.28,,,4342.374662788583,,
1786317300,4346.28,4348.97,4343.56,4346.17,,,4342.85043703074,,
1786318200,4346.17,4347.29,4340.12,4342.31,,,4342.905657532789,,
1786319100,4342.31,4343.47,4331.57,4332.69,,,4341.432052712396,,
1786320000,4332.69,4347.08,4332.24,4344.19,,,4341.356129771642,,
1786320900,4344.19,4345.69,4337.2,4337.55,,,4341.1141975788305,,
1786321800,4337.55,4339.35,4333.52,4334.32,,,4340.265242352211,,
1786322700,4334.32,4337.54,4330.69,4332,,,4339.352513400922,,
1786323600,4332,4340.73,4322.01,4323.19,,,4336.664379617825,,
1786324500,4323.19,4328.25,4316.06,4316.09,,,4334.816685838217,,
1786325400,4316.09,4320.93,4313.21,4317.34,,,4332.6756034578075,,
1786326300,4317.34,4324.03,4316.03,4322.3,,,4331.537818148809,,
1786327200,4322.3,4325.7,4318.58,4324.44,,,4330.8594643324695,,
1786328100,4324.44,4332.13,4323.38,4330.82,,,4330.767960851123,,
1786329000,4330.82,4332.43,4323.1,4326.24,,,4330.549284846429,,
1786329900,4326.24,4327.17,4318.66,4319.64,,,4330.132837080686,,
1786330800,4319.64,4321.2,4317.62,4320.12,,,4329.725604123645,,
1786331700,4320.12,4328.36,4319.58,4327.14,,,4329.546955148815,,
1786332600,4327.14,4329.82,4324.62,4325.22,,,4329.463091772882,,
1786333500,4325.22,4327.97,4324.1,4326.71,,,4329.402278901881,,
1786334400,4326.71,4332.68,4322.83,4332.22,4395.769999999999,4258.170000000001,4329.3975608227265,,
1786335300,4332.22,4337.64,4330.7,4334.71,4395.769999999999,4258.170000000001,4329.51626530136,,
1786336200,4334.71,4336.19,4329.57,4332.2,4395.769999999999,4258.170000000001,4329.5858298394405,,
1786337100,4332.2,4339.51,4331.8,4339.38,4395.769999999999,4258.170000000001,4329.765757419916,,
1786338000,4339.38,4339.76,4333.41,4334.95,4395.769999999999,4258.170000000001,4329.90536165316,,
1786338900,4334.95,4336.47,4332.59,4333.74,4395.769999999999,4258.170000000001,4329.973589098033,,
1786339800,4333.74,4344.25,4331.48,4343.48,4395.769999999999,4258.170000000001,4330.52303490609,,
1786340700,4343.48,4352.19,4340.48,4347.31,4395.769999999999,4258.170000000001,4331.17833466196,,
1786341600,4347.31,4350.04,4341.75,4347.13,4395.769999999999,4258.170000000001,4331.657387777582,,
1786342500,4347.13,4349.68,4342.59,4348.26,4395.769999999999,4258.170000000001,4332.069847993428,,
1786343400,4348.26,4355.72,4345.87,4355.1,4395.769999999999,4258.170000000001,4332.604715834923,,
1786344300,4355.1,4359.75,4354.94,4357.95,4395.769999999999,4258.170000000001,4333.233154920571,,
1786345200,4357.95,4358.73,4349.99,4351.13,4395.769999999999,4258.170000000001,4333.730406214234,,
1786346100,4351.13,4358.82,4350.48,4355.09,4395.769999999999,4258.170000000001,4334.194978515283,,
1786347000,4355.09,4359.9,4352.52,4359.26,4395.769999999999,4258.170000000001,4334.675561310744,,
1786347900,4359.26,4362.01,4354.67,4355.31,4395.769999999999,4258.170000000001,4335.182622417582,,
1786348800,4355.31,4356.23,4351.46,4354.55,4395.769999999999,4258.170000000001,4335.507795192048,,
1786349700,4354.55,4356.19,4352.19,4355.38,4395.769999999999,4258.170000000001,4335.79216087,,
1786350600,4355.38,4356.7,4345.65,4346.25,4395.769999999999,4258.170000000001,4336.041572782194,,
1786351500,4346.25,4349.11,4343.78,4346.59,4395.769999999999,4258.170000000001,4336.24710561241,,
1786352400,4346.59,4349.95,4345.6,4349.66,4395.769999999999,4258.170000000001,4336.470041218454,,
1786353300,4349.66,4349.74,4344.72,4346.85,4395.769999999999,4258.170000000001,4336.589096858195,,
1786354200,4346.85,4346.93,4340.4,4344.06,4395.769999999999,4258.170000000001,4336.698998909953,,
1786355100,4344.06,4345.31,4340.79,4341.09,4395.769999999999,4258.170000000001,4336.763491087733,,
1786356000,4341.09,4341.53,4339.04,4340.6,4395.769999999999,4258.170000000001,4336.81677295594,,
1786356900,4340.6,4344.13,4339.24,4343.74,4395.769999999999,4258.170000000001,4336.881601049077,,
1786357800,4343.74,4344.17,4337.76,4337.81,4395.769999999999,4258.170000000001,4336.922807327023,,
1786358700,4337.81,4340.66,4335.14,4335.65,4395.769999999999,4258.170000000001,4336.925597653732,,
1786359600,4335.65,4336.87,4328.92,4331.48,4395.769999999999,4258.170000000001,4336.854432797005,,
1786360500,4331.48,4336.39,4328.8,4334.56,4395.769999999999,4258.170000000001,4336.805542646162,,
1786361400,4334.56,4339.34,4334.44,4337.37,4395.769999999999,4258.170000000001,4336.808734622557,,
1786362300,4337.37,4337.94,4331.95,4335.06,4395.769999999999,4258.170000000001,4336.784681218931,,
1786363200,4335.06,4337.53,4330.97,4331.82,4395.769999999999,4258.170000000001,4336.722737273316,,
1786364100,4331.82,4332.56,4324.01,4327.69,4395.769999999999,4258.170000000001,4336.5615976691315,,
1786365000,4327.69,4332.62,4326.31,4329.08,4395.769999999999,4258.170000000001,4336.390346672519,,
1786365900,4329.08,4335.61,4328.63,4332.46,4395.769999999999,4258.170000000001,4336.320840827727,,
1786366800,4332.46,4337.85,4325.91,4337.27,4395.769999999999,4258.170000000001,4336.240895378499,,
1786367700,4337.27,4337.75,4329.07,4335.04,4395.769999999999,4258.170000000001,4336.194249173548,,
1786368600,4335.04,4339.91,4329.81,4330.81,4395.769999999999,4258.170000000001,4336.017665427989,,
1786369500,4330.81,4331.98,4316.56,4317.98,4395.769999999999,4258.170000000001,4335.266870587102,,
1786370400,4317.98,4331.17,4317.95,4330.06,4395.769999999999,4258.170000000001,4334.984853428696,,
1786371300,4330.06,4348.16,4328.28,4345.52,4395.769999999999,4258.170000000001,4335.164733695158,,
1786372200,4345.52,4351.86,4344.48,4349.39,4395.769999999999,4258.170000000001,4335.517918952165,,
1786373100,4349.39,4350.74,4342.54,4345.36,4395.769999999999,4258.170000000001,4335.756568505773,,
1786374000,4345.36,4352.15,4343.01,4346.87,4395.769999999999,4258.170000000001,4336.066856014428,,
1786374900,4346.87,4352.55,4345.84,4349.19,4395.769999999999,4258.170000000001,4336.386644894107,,
1786375800,4349.19,4351.94,4347.71,4350.13,4395.769999999999,4258.170000000001,4336.657233920517,,
1786376700,4350.13,4359.55,4348.45,4358.51,4395.769999999999,4258.170000000001,4337.0717809800835,,
1786377600,4358.51,4364.72,4356.72,4361.34,4395.769999999999,4258.170000000001,4337.772314801595,,
1786378500,4361.34,4364.54,4360.85,4362.64,4395.769999999999,4258.170000000001,4338.32181856766,,
1786379400,4362.64,4363.01,4348.85,4351.66,4395.769999999999,4258.170000000001,4338.7093222033845,,
1786380300,4351.66,4356.98,4351.62,4356.83,4395.769999999999,4258.170000000001,4338.947702300456,,
1786381200,4356.83,4358.22,4351.65,4357.1,4395.769999999999,4258.170000000001,4339.194181444497,,
1786382100,4357.1,4361.25,4356.31,4361.06,4395.769999999999,4258.170000000001,4339.5329942379085,,
1786383000,4361.06,4365.48,4359.58,4360.35,4395.769999999999,4258.170000000001,4339.8430382618835,,
1786383900,4360.35,4361.37,4357.66,4360.33,4395.769999999999,4258.170000000001,4340.1441029213165,,
1786384800,4360.33,4365.42,4359.89,4362.96,4395.769999999999,4258.170000000001,4340.503171205612,,
1786385700,4362.96,4367.18,4361.46,4365.88,4395.769999999999,4258.170000000001,4340.8460214967445,,
1786386600,4365.88,4382.57,4365.12,4379.63,4395.769999999999,4258.170000000001,4341.476669786612,,
1786387500,4379.63,4379.73,4373.22,4378.43,4395.769999999999,4258.170000000001,4342.139786758759,,
1786388400,4378.43,4382.84,4378.41,4382.09,4395.769999999999,4258.170000000001,4342.870657426823,,
1786389300,4382.09,4391.68,4381.22,4390.8,4395.769999999999,4258.170000000001,4343.854530937073,,
1786390200,4390.8,4394.17,4384.25,4388.29,4395.769999999999,4258.170000000001,4344.8061882124175,,
1786391100,4388.29,4395.29,4387.31,4388.41,4395.769999999999,4258.170000000001,4345.780301840021,,
1786392000,4388.41,4390.57,4385.63,4389.09,4395.769999999999,4258.170000000001,4345.955489009308,,
1786392900,4389.09,4392.02,4386.49,4390.92,4395.769999999999,4258.170000000001,4346.09260403987,,
1786393800,4390.92,4391.98,4389.79,4389.98,4395.769999999999,4258.170000000001,4346.181316396706,,
1786394700,4389.98,4390.79,4388.58,4389.28,4395.769999999999,4258.170000000001,4346.279959845159,,
1786399200,4389.28,4392.9,4387.98,4391.2,4395.769999999999,4258.170000000001,4390.693333333333,,
1786400100,4391.2,4393.38,4390.87,4391.92,4395.769999999999,4258.170000000001,4391.175613860069,,
1786401000,4391.92,4396.22,4391.9,4395.34,4395.769999999999,4258.170000000001,4392.127076638702,,
1786401900,4395.34,4401.04,4395.28,4399.73,4395.769999999999,4258.170000000001,4393.75018330302,,
1786402800,4399.73,4402.09,4395.56,4397.45,4395.769999999999,4258.170000000001,4394.99976045568,,
1786403700,4397.45,4397.47,4394.44,4395.35,4395.769999999999,4258.170000000001,4395.086865180687,,
1786404600,4395.35,4398.87,4395.1,4398.7,4395.769999999999,4258.170000000001,4395.400389203518,,
1786405500,4398.7,4402.47,4395.87,4402.18,4395.769999999999,4258.170000000001,4396.612504195134,,
1786406400,4402.18,4408.93,4396.25,4405.49,4395.769999999999,4258.170000000001,4398.686888048332,,
1786407300,4405.49,4416.14,4404.52,4414.1,4395.769999999999,4258.170000000001,4400.864171404616,,
1786408200,4414.1,4414.22,4407.27,4414.05,4395.769999999999,4258.170000000001,4402.549157646467,,
1786409100,4414.05,4419.2,4408.08,4409.39,4395.769999999999,4258.170000000001,4403.9119045531925,,
1786410000,4409.39,4415.23,4393.29,4414.47,4395.769999999999,4258.170000000001,4405.020562804851,,
1786410900,4414.47,4420.23,4412.51,4419.19,4395.769999999999,4258.170000000001,4406.93627001035,,
1786411800,4419.19,4422.23,4414.67,4415.36,4395.769999999999,4258.170000000001,4408.187638621387,,
1786412700,4415.36,4434.12,4414.61,4429.64,4395.769999999999,4258.170000000001,4410.094632818747,,
1786413600,4429.64,4434.36,4421.58,4433.82,4395.769999999999,4258.170000000001,4411.859321634101,,
1786414500,4433.82,4435.25,4426.01,4428.47,4395.769999999999,4258.170000000001,4412.762364053604,,
1786415400,4428.47,4429.28,4413.67,4418.27,4395.769999999999,4258.170000000001,4413.404005755132,,
1786416300,4418.27,4418.98,4407.91,4410.77,,,4413.356847802859,,
1786417200,4410.77,4415.27,4409.39,4413.46,,,4413.3254853417575,,
1786418100,4413.46,4420.66,4412.89,4420.39,,,4413.509364245015,,
1786419000,4420.39,4421.5,4415.67,4416.02,,,4413.608133035227,,
1786419900,4416.02,4418.84,4414.05,4416.7,,,4413.676574419112,,
1786420800,4416.7,4419.63,4411.97,4413.86,4515.78,4311.63,4413.712660853925,,
1786421700,4413.86,4415.89,4409.85,4415.33,4515.78,4311.63,4413.712086027578,,
1786422600,4415.33,4420.31,4408.13,4409.91,4515.78,4311.63,4413.668833619243,,
1786423500,4409.91,4411.44,4403.06,4408.88,4515.78,4311.63,4413.494624572331,,
1786424400,4408.88,4409.09,4399.3,4402.19,4515.78,4311.63,4413.262990192891,,
1786425300,4402.19,4402.19,4390.76,4392.4,4515.78,4311.63,4412.642240367722,,
1786426200,4392.4,4392.4,4372.51,4376.9,4515.78,4311.63,4409.769826480525,,
1786427100,4376.9,4378.05,4367.47,4375.35,4515.78,4311.63,4407.666040146037,,
1786428000,4375.35,4382.53,4371.74,4372.77,4515.78,4311.63,4406.197326943853,,
1786428900,4372.77,4376.11,4361.67,4363.43,4515.78,4311.63,4404.380465639813,,
1786429800,4363.43,4369.34,4359.6,4363.6,4515.78,4311.63,4402.681746099353,,
1786430700,4363.6,4367.59,4359.59,4366.28,4515.78,4311.63,4401.593772111004,,
1786431600,4366.28,4367.57,4361.18,4363.32,4515.78,4311.63,4400.60261894357,,
1786432500,4363.32,4365.98,4357.45,4362.97,4515.78,4311.63,4399.720865121701,,
1786433400,4362.97,4364.87,4356.72,4358.73,4515.78,4311.63,4398.813649038176,,
1786434300,4358.73,4361.42,4356.63,4357.63,4515.78,4311.63,4398.136401662155,,
1786435200,4357.63,4366.7,4356.91,4365.21,4515.78,4311.63,4397.329252421704,,
1786436100,4365.21,4369.76,4359.02,4369.23,4515.78,4311.63,4396.689243995953,,
1786437000,4369.23,4375.99,4368.6,4374.72,4515.78,4311.63,4396.261915136258,,
1786437900,4374.72,4376.65,4368.96,4369.03,4515.78,4311.63,4395.819867807578,,
1786438800,4369.03,4372.95,4367.51,4372.34,4515.78,4311.63,4395.43476487084,,
1786439700,4372.34,4375.6,4370.59,4371.84,4515.78,4311.63,4394.967790280121,,
1786440600,4371.84,4375.09,4369.85,4370.43,4515.78,4311.63,4394.607116860365,,
1786441500,4370.43,4374.69,4370.3,4372.31,4515.78,4311.63,4394.375522558921,,
1786442400,4372.31,4376,4371.1,4373.12,4515.78,4311.63,4394.112657467949,,
1786443300,4373.12,4381.78,4372.36,4378.21,4515.78,4311.63,4393.788286419144,,
1786444200,4378.21,4380.97,4376.86,4377.72,4515.78,4311.63,4393.574275524552,,
1786445100,4377.72,4382.6,4377.48,4382.31,4515.78,4311.63,4393.421335492908,,
1786446000,4382.31,4392.98,4380.38,4391.51,4515.78,4311.63,4393.1953625515935,,
1786446900,4391.51,4392.34,4385.1,4387.27,4515.78,4311.63,4393.097126546024,,
1786447800,4387.27,4388.06,4382.95,4386.01,4515.78,4311.63,4392.986902422072,,
1786448700,4386.01,4389.84,4384.86,4387.61,4515.78,4311.63,4392.903980955198,,
1786449600,4387.61,4397.49,4383.78,4396.79,4515.78,4311.63,4392.898945735174,,
1786450500,4396.79,4399.66,4387.49,4391.16,4515.78,4311.63,4392.895038218087,,
1786451400,4391.16,4398.6,4388.77,4398.51,4515.78,4311.63,4392.94800329516,,
1786452300,4398.51,4400.05,4392.04,4392.38,4515.78,4311.63,4392.977528800569,,
1786453200,4392.38,4400.82,4391.68,4393.73,4515.78,4311.63,4393.045364472995,,
1786454100,4393.73,4400.82,4389.31,4397.82,4515.78,4311.63,4393.113723019371,,
1786455000,4397.82,4401.8,4388.81,4399.72,4515.78,4311.63,4393.279692487988,,
1786455900,4399.72,4404.16,4384.38,4388.94,4515.78,4311.63,4393.24272475471,,
1786456800,4388.94,4389.77,4381.1,4386.91,4515.78,4311.63,4392.989005186876,,
1786457700,4386.91,4390.17,4381.48,4383.9,4515.78,4311.63,4392.76203121436,,
1786458600,4383.9,4395.3,4383.9,4393.3,4515.78,4311.63,4392.712783010191,,
1786459500,4393.3,4397.88,4391.78,4394.05,4515.78,4311.63,4392.748232721971,,
1786460400,4394.05,4398.74,4389.09,4392.11,4515.78,4311.63,4392.759745154696,,
1786461300,4392.11,4392.11,4381.93,4386.72,4515.78,4311.63,4392.619723321347,,
1786462200,4386.72,4387.06,4368.92,4375.77,4515.78,4311.63,4392.130131512111,,
1786463100,4375.77,4383.87,4374.79,4383.72,4515.78,4311.63,4391.933026951489,,
1786464000,4383.72,4384.8,4378.51,4379.44,4515.78,4311.63,4391.776260206366,,
1786464900,4379.44,4383.39,4378.33,4382.92,4515.78,4311.63,4391.6516298387,,
1786465800,4382.92,4385.8,4379.21,4384.71,4515.78,4311.63,4391.574800361278,,
1786466700,4384.71,4385.46,4380.98,4383.23,4515.78,4311.63,4391.485689692179,,
1786467600,4383.23,4385.64,4381,4381.03,4515.78,4311.63,4391.38490521024,,
1786468500,4381.03,4384.42,4378.82,4381.28,4515.78,4311.63,4391.258197779671,,
1786469400,4381.28,4381.82,4374.16,4376.22,4515.78,4311.63,4391.106643335224,,
1786470300,4376.22,4377.53,4368.94,4369.02,4515.78,4311.63,4390.929241663363,,
1786471200,4369.02,4369.22,4360.14,4363.82,4515.78,4311.63,4390.4265556838845,,
1786472100,4363.82,4367.21,4360.29,4361.25,4515.78,4311.63,4390.0326163110785,,
1786473000,4361.25,4371.75,4361.07,4371.04,4515.78,4311.63,4389.845595191074,,
1786473900,4371.04,4372.58,4369.89,4371.49,4515.78,4311.63,4389.7420190795265,,
1786474800,4371.49,4372.2,4363.38,4363.82,4515.78,4311.63,4389.542244097297,,
1786475700,4363.82,4370.81,4361.22,4370.36,4515.78,4311.63,4389.318394841368,,
1786476600,4370.36,4374.26,4366.35,4367.5,4515.78,4311.63,4389.141706046809,,
1786477500,4367.5,4373.37,4366.15,4370.58,4515.78,4311.63,4388.9421929079235,,
1786478400,4370.58,4371.09,4368.4,4370.27,4515.78,4311.63,4388.877033185563,,
1786479300,4370.27,4370.96,4367.55,4370.25,4515.78,4311.63,4388.837030755847,,
1786480200,4370.25,4370.38,4367.35,4367.35,4515.78,4311.63,4388.803444211586,,
1786481100,4367.35,4369.88,4366.99,4368.69,4515.78,4311.63,4388.758428549968,,
1786485600,4368.69,4375.61,4368.69,4373.88,4515.78,4311.63,4372.7266666666665,,
1786486500,4373.88,4377.13,4373.3,4376.58,4515.78,4311.63,4374.361851851852,,
1786487400,4376.58,4377.97,4374.73,4376.23,4515.78,4311.63,4375.032233938684,,
1786488300,4376.23,4378.42,4367.13,4368.89,4515.78,4311.63,4373.789966984126,,
1786489200,4368.89,4369.73,4362.44,4366.39,4515.78,4311.63,4371.396989679597,,
1786490100,4366.39,4374.59,4365.11,4372.74,4515.78,4311.63,4371.286288571106,,
1786491000,4372.74,4372.74,4366.54,4367.89,4515.78,4311.63,4371.071475633378,,
1786491900,4367.89,4371.82,4367.89,4371.4,4515.78,4311.63,4370.994499546176,,
1786492800,4371.4,4379.41,4366.29,4377.97,4515.78,4311.63,4371.858430917575,,
1786493700,4377.97,4381.02,4373.97,4380.66,4515.78,4311.63,4372.94365179825,,
1786494600,4380.66,4383.66,4379.16,4382.88,4515.78,4311.63,4373.968516938616,,
1786495500,4382.88,4383.14,4377.49,4380.52,4515.78,4311.63,4374.59988692283,,
1786496400,4380.52,4390.58,4378.17,4390.25,4515.78,4311.63,4376.880715665161,,
1786497300,4390.25,4394.07,4386.58,4390.37,4515.78,4311.63,4378.144260373653,,
1786498200,4390.37,4393.1,4385.14,4392.96,4515.78,4311.63,4379.3966666666665,,
1786499100,4392.96,4397.28,4391,4396.29,4515.78,4311.63,4380.571925042471,,
1786500000,4396.29,4404.77,4393.98,4401.77,4515.78,4311.63,4382.093959394938,,
1786500900,4401.77,4403.8,4399.35,4402.15,4515.78,4311.63,4383.046614969079,,
1786501800,4402.15,4408.29,4397.61,4405.36,4515.78,4311.63,4384.589931400326,,
1786502700,4405.36,4414.52,4405.15,4411.08,,,4386.340518708222,,
1786503600,4411.08,4416.01,4408.41,4410.55,,,4387.8986232969855,,
1786504500,4410.55,4410.6,4404.4,4407.29,,,4388.801908188123,,
1786505400,4407.29,4408.62,4401.18,4401.24,,,4389.264815243866,,
1786506300,4401.24,4403.83,4400.58,4402.18,,,4389.588392412395,,
1786507200,4402.18,4403.32,4396.46,4397.47,4435.499999999999,4339.950000000001,4389.819629033134,,
1786508100,4397.47,4399.13,4395.43,4398.8,4435.499999999999,4339.950000000001,4389.99112932965,,
1786509000,4398.8,4400.16,4395.24,4400,4435.499999999999,4339.950000000001,4390.169575625091,,
1786509900,4400,4402.31,4399.22,4401.07,4435.499999999999,4339.950000000001,4390.391624792054,,
1786510800,4401.07,4404.86,4400.33,4400.76,4435.499999999999,4339.950000000001,4390.640739519435,,
1786511700,4400.76,4400.87,4392.46,4392.61,4435.499999999999,4339.950000000001,4390.776390301256,,
1786512600,4392.61,4396.96,4387.98,4387.98,4435.499999999999,4339.950000000001,4390.787932915766,,
1786513500,4387.98,4393.98,4383.85,4390.87,4435.499999999999,4339.950000000001,4390.73536835107,,
1786514400,4390.87,4392.94,4385.12,4387.01,4435.499999999999,4339.950000000001,4390.6543009871875,,
1786515300,4387.01,4390.49,4385.61,4389.61,4435.499999999999,4339.950000000001,4390.595014877077,,
1786516200,4389.61,4397.45,4388.35,4394.51,4435.499999999999,4339.950000000001,4390.698757293194,,
1786517100,4394.51,4406.3,4394.5,4403.4,4435.499999999999,4339.950000000001,4391.060566503401,,
1786518000,4403.4,4406.02,4400.83,4401.42,4435.499999999999,4339.950000000001,4391.375260714968,,
1786518900,4401.42,4402.8,4398.09,4402.39,4435.499999999999,4339.950000000001,4391.580288881531,,
1786519800,4402.39,4408.49,4401.26,4407.73,4435.499999999999,4339.950000000001,4391.880949960411,,
1786520700,4407.73,4410,4404.68,4406.13,4435.499999999999,4339.950000000001,4392.18417681691,,
1786521600,4406.13,4410.57,4405.71,4408.6,4435.499999999999,4339.950000000001,4392.506935147042,,
1786522500,4408.6,4409.4,4405.59,4406.99,4435.499999999999,4339.950000000001,4392.7515702628,,
1786523400,4406.99,4407.6,4404.33,4406.07,4435.499999999999,4339.950000000001,4392.976725282323,,
1786524300,4406.07,4406.07,4401.62,4401.77,4435.499999999999,4339.950000000001,4393.123163866497,,
1786525200,4401.77,4413.03,4401.77,4412.82,4435.499999999999,4339.950000000001,4393.430628384662,,
1786526100,4412.82,4424.25,4412.39,4413.22,4435.499999999999,4339.950000000001,4394.5290504993045,,
1786527000,4413.22,4417.02,4411.85,4413.7,4435.499999999999,4339.950000000001,4395.002168592818,,
1786527900,4413.7,4416.63,4410.56,4415.76,4435.499999999999,4339.950000000001,4395.43720159757,,
1786528800,4415.76,4419.29,4414.58,4417.9,4435.499999999999,4339.950000000001,4395.758492822556,,
1786529700,4417.9,4421,4417.19,4419.55,4435.499999999999,4339.950000000001,4396.072806716817,,
1786530600,4419.55,4419.92,4412.68,4414.8,4435.499999999999,4339.950000000001,4396.333695670789,,
1786531500,4414.8,4415.66,4406.83,4412.67,4435.499999999999,4339.950000000001,4396.697506454982,,
1786532400,4412.67,4415.21,4407.82,4407.91,4435.499999999999,4339.950000000001,4396.901481517132,,
1786533300,4407.91,4416.72,4407.86,4415.04,4435.499999999999,4339.950000000001,4397.141327326757,,
1786534200,4415.04,4415.83,4410.11,4413.19,4435.499999999999,4339.950000000001,4397.360418128135,,
1786535100,4413.19,4415.43,4412.48,4412.74,4435.499999999999,4339.950000000001,4397.544308990703,,
1786536000,4412.74,4413.08,4406.18,4408.64,4435.499999999999,4339.950000000001,4397.788675896664,,
1786536900,4408.64,4426.66,4404.65,4426.66,4435.499999999999,4339.950000000001,4398.481716842715,,
1786537800,4426.66,4438.22,4380.8,4428.48,4435.499999999999,4339.950000000001,4400.404987065002,,
1786538700,4428.48,4438.41,4416.37,4437.21,4435.499999999999,4339.950000000001,4402.084171141798,,
1786539600,4437.21,4441.54,4420.73,4421.93,4435.499999999999,4339.950000000001,4403.641572519952,,
1786540500,4421.93,4428.93,4414.46,4418.43,4435.499999999999,4339.950000000001,4404.275659155659,,
1786541400,4418.43,4420.83,4408.29,4416.56,4435.499999999999,4339.950000000001,4405.090970129831,,
1786542300,4416.56,4433.89,4415.34,4427.5,4435.499999999999,4339.950000000001,4406.354678671499,,
1786543200,4427.5,4434.85,4420.57,4431.76,4435.499999999999,4339.950000000001,4407.411756380585,,
1786544100,4431.76,4439.75,4429.72,4431.54,4435.499999999999,4339.950000000001,4408.366576232356,,
1786545000,4431.54,4436.13,4416.31,4424.88,4435.499999999999,4339.950000000001,4409.139972206423,,
1786545900,4424.88,4432.52,4416.41,4421.97,4435.499999999999,4339.950000000001,4409.827234489908,,
1786546800,4421.97,4429.92,4414.88,4426.46,4435.499999999999,4339.950000000001,4410.297646447257,,
1786547700,4426.46,4427.96,4419.57,4421.59,4435.499999999999,4339.950000000001,4410.561286309164,,
1786548600,4421.59,4425.5,4416.64,4418.08,4435.499999999999,4339.950000000001,4410.725667269399,,
1786549500,4418.08,4422.48,4410.91,4421,4435.499999999999,4339.950000000001,4410.855245982619,,
1786550400,4421,4425.73,4416.7,4423.3,4435.499999999999,4339.950000000001,4411.03071725107,,
1786551300,4423.3,4426.39,4422.23,4423.11,4435.499999999999,4339.950000000001,4411.218715564133,,
1786552200,4423.11,4423.83,4409.17,4411.01,4435.499999999999,4339.950000000001,4411.290698586322,,
1786553100,4411.01,4411.37,4396.13,4401.44,4435.499999999999,4339.950000000001,4411.075978276223,,
1786554000,4401.44,4407.5,4399.5,4403.7,4435.499999999999,4339.950000000001,4410.936944661027,,
1786554900,4403.7,4409.76,4401.94,4406.45,4435.499999999999,4339.950000000001,4410.846426916904,,
1786555800,4406.45,4411.51,4401.24,4401.93,4435.499999999999,4339.950000000001,4410.784035437273,,
1786556700,4401.93,4405.54,4398.86,4399.39,4435.499999999999,4339.950000000001,4410.710960680192,,
1786557600,4399.37,4406.62,4396.34,4405.77,4435.499999999999,4339.950000000001,4410.652621079196,,
1786558500,4405.77,4411.17,4404.43,4408.2,4435.499999999999,4339.950000000001,4410.632829987247,,
1786559400,4408.2,4413.11,4407.94,4412.81,4435.499999999999,4339.950000000001,4410.637560801975,,
1786560300,4412.81,4417.8,4412.71,4413.11,4435.499999999999,4339.950000000001,4410.665254444439,,
1786561200,4413.11,4418.34,4412.83,4416.37,4435.499999999999,4339.950000000001,4410.699852386075,,
1786562100,4416.37,4417.93,4415.59,4416.66,4435.499999999999,4339.950000000001,4410.744579591589,,
1786563000,4416.66,4416.73,4411.2,4413.13,4435.499999999999,4339.950000000001,4410.767469028385,,
1786563900,4413.13,4414.14,4408.04,4413.86,4435.499999999999,4339.950000000001,4410.780955175162,,
1786564800,4413.86,4414.19,4408.71,4409,4435.499999999999,4339.950000000001,4410.7805050226925,,
1786565700,4409,4409.92,4406.57,4407.66,4435.499999999999,4339.950000000001,4410.7745265039,,
1786566600,4407.66,4408.8,4406.67,4407.94,4435.499999999999,4339.950000000001,4410.768174235474,,
1786567500,4407.94,4408.94,4406.64,4408.04,4435.499999999999,4339.950000000001,4410.761637983058,,
1786572000,4408.04,4409.81,4402.13,4403.11,4435.499999999999,4339.950000000001,4405.016666666666,,
1786572900,4403.11,4403.13,4398.42,4399.45,4435.499999999999,4339.950000000001,4403.068915960452,,
1786573800,4399.45,4401.99,4398.73,4400.09,4435.499999999999,4339.950000000001,4402.201415692008,,
1786574700,4400.09,4403.05,4399.82,4401.65,4435.499999999999,4339.950000000001,4402.083725966403,,
1786575600,4402.26,4406.01,4401.73,4405.7,4435.499999999999,4339.950000000001,4402.534297311509,,
1786576500,4405.7,4409.79,4405.6,4408.31,4435.499999999999,4339.950000000001,4403.333118775875,,
1786577400,4408.31,4410.46,4407.37,4408.56,4435.499999999999,4339.950000000001,4403.915236310014,,
1786578300,4408.56,4414.46,4407.94,4414.41,4435.499999999999,4339.950000000001,4405.232771041219,,
1786579200,4414.41,4422.16,4412.88,4419.06,4435.499999999999,4339.950000000001,4410.013545285483,,
1786580100,4419.06,4437.55,4419.06,4428.38,4435.499999999999,4339.950000000001,4415.108482805895,,
1786581000,4428.38,4449.64,4424.53,4439.99,4435.499999999999,4339.950000000001,4420.843712367894,,
1786581900,4439.99,4440.25,4424.06,4427.91,4435.499999999999,4339.950000000001,4422.747358270759,,
1786582800,4427.91,4435.39,4422.76,4430.01,4435.499999999999,4339.950000000001,4424.413380680837,,
1786583700,4430.01,4435.25,4419.16,4419.25,4435.499999999999,4339.950000000001,4424.43313490871,,
1786584600,4419.25,4430.1,4417.71,4419.31,4435.499999999999,4339.950000000001,4424.168899432705,,
1786585500,4419.31,4419.32,4406.16,4408.43,4435.499999999999,4339.950000000001,4422.625699448094,,
1786586400,4408.43,4414.04,4405.27,4410.63,4435.499999999999,4339.950000000001,4421.504351122664,,
1786587300,4410.63,4412.49,4405.68,4406.47,4435.499999999999,4339.950000000001,4420.91608853024,,
1786588200,4406.47,4410.21,4399.03,4410.21,4435.499999999999,4339.950000000001,4419.588380707335,,
1786589100,4410.21,4410.37,4405.34,4406.96,,,4418.999240060544,,
1786590000,4406.96,4412.17,4403.96,4406.93,,,4418.374256863626,,
1786590900,4406.93,4410.1,4405.5,4409.11,,,4417.949116905012,,
1786591800,4409.11,4410.44,4405.32,4405.76,,,4417.701429399037,,
1786592700,4405.76,4407.44,4398.58,4400.13,,,4417.25352775663,,
1786593600,4400.13,4400.43,4391.59,4394.47,4493.850000000001,4347.699999999999,4416.306788566404,,
1786594500,4394.47,4399.07,4392.41,4398.06,4493.850000000001,4347.699999999999,4415.770336227212,,
1786595400,4398.06,4399.48,4395.01,4395.78,4493.850000000001,4347.699999999999,4415.392602112447,,
1786596300,4395.78,4398.74,4395.21,4397.77,4493.850000000001,4347.699999999999,4414.86576360625,,
1786597200,4397.77,4404.79,4393.05,4404.52,4493.850000000001,4347.699999999999,4414.3248119523605,,
1786598100,4404.52,4407.21,4400.62,4406.25,4493.850000000001,4347.699999999999,4414.047071688759,,
1786599000,4406.25,4406.5,4386.9,4387.64,4493.850000000001,4347.699999999999,4412.695149359382,,
1786599900,4387.64,4389.32,4380.55,4382.96,4493.850000000001,4347.699999999999,4411.135973827107,,
1786600800,4382.96,4385.51,4374.9,4375.81,4493.850000000001,4347.699999999999,4409.6515892883,,
1786601700,4375.81,4378.73,4374.09,4375.87,4493.850000000001,4347.699999999999,4408.61569880665,,
1786602600,4375.87,4378.47,4368.81,4374.12,4493.850000000001,4347.699999999999,4407.368563328752,,
1786603500,4374.12,4381.54,4374.05,4380.87,4493.850000000001,4347.699999999999,4406.571693375716,,
1786604400,4380.87,4381.7,4375.11,4376.9,4493.850000000001,4347.699999999999,4405.790085528103,,
1786605300,4376.9,4377.73,4373.68,4376.41,4493.850000000001,4347.699999999999,4405.094567423237,,
1786606200,4376.41,4378.67,4372.11,4378.4,4493.850000000001,4347.699999999999,4404.381659247958,,
1786607100,4378.4,4378.79,4369.23,4369.9,4493.850000000001,4347.699999999999,4403.574480627971,,
1786608000,4369.9,4370.54,4364.14,4365.99,4493.850000000001,4347.699999999999,4402.499111813772,,
1786608900,4365.99,4373.55,4364.9,4372.68,4493.850000000001,4347.699999999999,4401.789043080754,,
1786609800,4372.68,4375.75,4371.83,4373.53,4493.850000000001,4347.699999999999,4401.334667060899,,
1786610700,4373.53,4379.12,4373.38,4375.9,4493.850000000001,4347.699999999999,4400.970478757233,,
1786611600,4375.9,4378.31,4372.48,4376.76,4493.850000000001,4347.699999999999,4400.5759515471855,,
1786612500,4376.76,4382.22,4376.18,4379.87,4493.850000000001,4347.699999999999,4400.218260450336,,
1786613400,4379.87,4381.65,4378.69,4379.88,4493.850000000001,4347.699999999999,4399.937477438347,,
1786614300,4379.88,4384.84,4378.39,4384.49,4493.850000000001,4347.699999999999,4399.723863296864,,
1786615200,4384.49,4385.25,4381.35,4381.51,4493.850000000001,4347.699999999999,4399.501241304978,,
1786616100,4381.51,4387.62,4381.51,4387.06,4493.850000000001,4347.699999999999,4399.325406951507,,
1786617000,4387.06,4390.54,4384.51,4390.49,4493.850000000001,4347.699999999999,4399.21767563311,,
1786617900,4390.49,4393.73,4388.14,4392.07,4493.850000000001,4347.699999999999,4399.137937154656,,
1786618800,4392.07,4394.35,4388.37,4394.25,4493.850000000001,4347.699999999999,4399.056551071706,,
1786619700,4394.25,4396.46,4387.71,4387.91,4493.850000000001,4347.699999999999,4398.949285565174,,
1786620600,4387.91,4389.89,4383.71,4383.95,4493.850000000001,4347.699999999999,4398.764705231243,,
1786621500,4383.95,4388.12,4382.76,4387.7,4493.850000000001,4347.699999999999,4398.5951819029715,,
1786622400,4387.7,4391.59,4385.73,4388.94,4493.850000000001,4347.699999999999,4398.401319165809,,
1786623300,4388.94,4392.3,4384.06,4390.67,4493.850000000001,4347.699999999999,4398.215499792605,,
1786624200,4390.67,4400.98,4381.05,4392.11,4493.850000000001,4347.699999999999,4397.977070924642,,
1786625100,4392.11,4401.87,4391.68,4401.81,4493.850000000001,4347.699999999999,4397.988805692803,,
1786626000,4401.81,4401.82,4391.16,4393.85,4493.850000000001,4347.699999999999,4397.910004814715,,
1786626900,4393.85,4395.27,4383.93,4385.29,4493.850000000001,4347.699999999999,4397.636864220972,,
1786627800,4385.29,4389.76,4375.24,4379.64,4493.850000000001,4347.699999999999,4396.84918059259,,
1786628700,4379.64,4382.79,4370.68,4372.73,4493.850000000001,4347.699999999999,4395.627622474433,,
1786629600,4372.73,4378.65,4366.62,4370.81,4493.850000000001,4347.699999999999,4394.395735078705,,
1786630500,4370.81,4378.1,4367.6,4367.63,4493.850000000001,4347.699999999999,4393.100736577673,,
1786631400,4367.63,4381.46,4357.67,4381.07,4493.850000000001,4347.699999999999,4392.3782606822515,,
1786632300,4381.07,4386.87,4381.07,4383.66,4493.850000000001,4347.699999999999,4392.18121399465,,
1786633200,4383.66,4385.61,4368.27,4369.78,4493.850000000001,4347.699999999999,4391.743830633387,,
1786634100,4369.78,4373.88,4363.57,4365.29,4493.850000000001,4347.699999999999,4391.099362130726,,
1786635000,4365.29,4371.52,4357.55,4368.31,4493.850000000001,4347.699999999999,4390.440333139295,,
1786635900,4368.31,4370.75,4363.18,4364.95,4493.850000000001,4347.699999999999,4390.132339000434,,
1786636800,4364.95,4367.35,4353.88,4355.16,4493.850000000001,4347.699999999999,4389.568802067598,,
1786637700,4355.16,4362.91,4351.26,4362.52,4493.850000000001,4347.699999999999,4388.7995844900115,,
1786638600,4362.52,4367.11,4362.52,4365.61,4493.850000000001,4347.699999999999,4388.5267845749995,,
1786639500,4365.61,4368.34,4363.95,4366.85,4493.850000000001,4347.699999999999,4388.291928360095,,
1786640400,4366.85,4373.3,4365.07,4371.35,4493.850000000001,4347.699999999999,4388.094629622909,,
1786641300,4371.35,4371.81,4362.42,4363.09,4493.850000000001,4347.699999999999,4387.779168136622,,
1786642200,4363.09,4364.35,4355.58,4357.14,4493.850000000001,4347.699999999999,4387.406881834927,,
1786643100,4357.14,4360.04,4355.62,4355.85,4493.850000000001,4347.699999999999,4387.11672077817,,
1786644000,4355.85,4362.76,4355.8,4361.98,4493.850000000001,4347.699999999999,4386.698837525798,,
1786644900,4361.98,4363.55,4354.76,4357.52,4493.850000000001,4347.699999999999,4386.33185337454,,
1786645800,4357.52,4360.24,4356.36,4357.85,4493.850000000001,4347.699999999999,4386.053209408006,,
1786646700,4357.85,4358.12,4354.57,4356.93,4493.850000000001,4347.699999999999,4385.840813223718,,
1786647600,4356.93,4358.77,4346.11,4346.69,4493.850000000001,4347.699999999999,4385.532290598522,,
1786648500,4346.69,4351.65,4343.6,4351.49,4493.850000000001,4347.699999999999,4385.102517514024,,
1786649400,4351.49,4354.06,4349.65,4351.25,4493.850000000001,4347.699999999999,4384.8085265011205,,
1786650300,4351.25,4351.35,4347.63,4350.03,4493.850000000001,4347.699999999999,4384.345189610866,,
1786651200,4350.03,4350.51,4346.84,4350.32,4493.850000000001,4347.699999999999,4384.194878072393,,
1786652100,4350.32,4352.22,4349.29,4351.62,4493.850000000001,4347.699999999999,4384.119355531658,,
1786653000,4351.62,4351.77,4347.42,4349.38,4493.850000000001,4347.699999999999,4384.03520531956,,
1786653900,4349.38,4351.35,4348.55,4349.95,4493.850000000001,4347.699999999999,4383.942736391286,,
1786658400,4349.95,4356.96,4349.95,4354.07,4493.850000000001,4347.699999999999,4353.66,,
1786659300,4354.07,4357.82,4352.69,4357.22,4493.850000000001,4347.699999999999,4354.7950528025995,,
1786660200,4357.22,4362.71,4355.78,4360.3,4493.850000000001,4347.699999999999,4356.879375933801,,
1786661100,4360.3,4360.96,4353.25,4354.51,4493.850000000001,4347.699999999999,4356.675374080452,,
1786662000,4354.51,4360.67,4349.15,4360.67,4493.850000000001,4347.699999999999,4356.715400498811,,
1786662900,4360.67,4363.18,4356.78,4363.18,4493.850000000001,4347.699999999999,4357.519419016579,,
1786663800,4363.18,4363.59,4358.53,4360.29,4493.850000000001,4347.699999999999,4357.973253141198,,
1786664700,4360.29,4364.08,4356.55,4356.61,4493.850000000001,4347.699999999999,4358.186880515955,,
1786665600,4356.61,4361.89,4350.33,4352.09,4493.850000000001,4347.699999999999,4357.334134414698,,
1786666500,4352.09,4352.1,4339.35,4339.35,4493.850000000001,4347.699999999999,4354.643168552985,,
1786667400,4339.35,4346.97,4334.38,4339.65,4493.850000000001,4347.699999999999,4352.01586641207,,
1786668300,4339.65,4342.7,4328.87,4340.99,4493.850000000001,4347.699999999999,4349.569244154504,,
1786669200,4340.99,4341.35,4322.17,4324.1,4493.850000000001,4347.699999999999,4345.303467450672,,
1786670100,4324.1,4326.05,4314.93,4319.51,4493.850000000001,4347.699999999999,4341.801058173942,,
1786671000,4319.51,4321.5,4312.9,4319.58,4493.850000000001,4347.699999999999,4339.5404542216775,,
1786671900,4319.58,4323.26,4312.27,4318.12,4493.850000000001,4347.699999999999,4337.460096782566,,
1786672800,4318.12,4322.71,4310.81,4312.36,4493.850000000001,4347.699999999999,4335.725213484698,,
1786673700,4312.36,4318.28,4312.36,4313.03,4493.850000000001,4347.699999999999,4334.544730738572,,
1786674600,4313.03,4322.57,4311.4,4321.19,4493.850000000001,4347.699999999999,4333.317841431179,,
1786675500,4321.19,4321.93,4312.74,4315.79,,,4332.428278663309,,
1786676400,4315.79,4323.71,4313.74,4320.13,,,4331.825725269288,,
1786677300,4320.13,4326.06,4319.8,4325.71,,,4331.57289645163,,
1786678200,4325.71,4328.11,4325.19,4325.56,,,4331.465388694038,,
1786679100,4325.56,4326.71,4323.43,4323.43,,,4331.36551569993,,
1786680000,4323.43,4327.23,4322.62,4325.91,4399.51,4254.110000000001,4331.245764557925,,
1786680900,4325.91,4327.7,4325.17,4325.24,4399.51,4254.110000000001,4331.168495922983,,
1786681800,4325.24,4326.42,4323.33,4325.23,4399.51,4254.110000000001,4331.052613258044,,
1786682700,4325.23,4326.85,4323.75,4326.85,4399.51,4254.110000000001,4330.990272845278,,
1786683600,4326.85,4326.9,4319.5,4320.15,4399.51,4254.110000000001,4330.758600445922,,
1786684500,4320.15,4320.4,4317.01,4318.38,4399.51,4254.110000000001,4330.514534221209,,
1786685400,4318.38,4324.73,4310.87,4317.59,4399.51,4254.110000000001,4329.844771710528,,
1786686300,4317.59,4333.55,4317.43,4333.55,4399.51,4254.110000000001,4329.775999345197,,
1786687200,4333.55,4336.56,4329.65,4332.39,4399.51,4254.110000000001,4329.881967545451,,
1786688100,4332.39,4333.48,4328.33,4329.18,4399.51,4254.110000000001,4329.8932859266515,,
1786689000,4329.18,4332.89,4327.91,4332.85,4399.51,4254.110000000001,4329.9238120376285,,
1786689900,4332.85,4335.85,4332.58,4335.58,4399.51,4254.110000000001,4330.032457148085,,
1786690800,4335.58,4337.14,4331.06,4331.14,4399.51,4254.110000000001,4330.095133681358,,
1786691700,4331.14,4336.44,4329.72,4331.8,4399.51,4254.110000000001,4330.143073820847,,
1786692600,4331.8,4340.07,4331.53,4339.56,4399.51,4254.110000000001,4330.263322124692,,
1786693500,4339.56,4345.2,4339.43,4343.64,4399.51,4254.110000000001,4330.508505014154,,
1786694400,4343.64,4347.86,4341.83,4347.7,4399.51,4254.110000000001,4330.881075940674,,
1786695300,4347.7,4349.1,4343.51,4345.61,4399.51,4254.110000000001,4331.188122713149,,
1786696200,4345.61,4349.21,4343.49,4343.62,4399.51,4254.110000000001,4331.438155648006,,
1786697100,4343.62,4349.68,4342.62,4348.6,4399.51,4254.110000000001,4331.642458653445,,
1786698000,4348.6,4350.94,4345.99,4350.67,4399.51,4254.110000000001,4331.896329960522,,
1786698900,4350.67,4354.17,4348.76,4351.76,4399.51,4254.110000000001,4332.188869632121,,
1786699800,4351.76,4354.48,4350.02,4353.48,4399.51,4254.110000000001,4332.498667330066,,
1786700700,4353.48,4357.36,4352.68,4357.08,4399.51,4254.110000000001,4332.763420456496,,
1786701600,4357.08,4358.61,4353.9,4354.49,4399.51,4254.110000000001,4333.059004134634,,
1786702500,4354.49,4355.33,4350.22,4351.35,4399.51,4254.110000000001,4333.299313456968,,
1786703400,4351.35,4351.98,4348.18,4351.92,4399.51,4254.110000000001,4333.495196148361,,
1786704300,4351.92,4353.5,4348.42,4349.3,4399.51,4254.110000000001,4333.676712359285,,
1786705200,4349.3,4351.61,4348.43,4350.62,4399.51,4254.110000000001,4333.863763294493,,
1786706100,4350.62,4357.06,4350.62,4356.69,4399.51,4254.110000000001,4334.151548944916,,
1786707000,4356.69,4363.44,4356.42,4362.42,4399.51,4254.110000000001,4334.635333650047,,
1786707900,4362.42,4369.29,4361.05,4369.1,4399.51,4254.110000000001,4335.198667195374,,
1786708800,4369.1,4376.7,4365.91,4371.72,4399.51,4254.110000000001,4336.122845824452,,
1786709700,4371.72,4380.54,4369.6,4379.91,4399.51,4254.110000000001,4337.1646829267065,,
1786710600,4379.91,4386.85,4372.1,4372.79,4399.51,4254.110000000001,4338.500878056471,,
1786711500,4372.79,4377.8,4370.93,4373.45,4399.51,4254.110000000001,4339.286131381266,,
1786712400,4373.45,4380.96,4370.16,4375,4399.51,4254.110000000001,4340.442563209018,,
1786713300,4375,4386.45,4375,4384.42,4399.51,4254.110000000001,4341.4141634167345,,
1786714200,4384.42,4396.49,4383.69,4393.8,4399.51,4254.110000000001,4343.625150712479,,
1786715100,4393.8,4394.65,4382.86,4384.16,4399.51,4254.110000000001,4345.049713283415,,
1786716000,4384.16,4393,4384.09,4390.48,4399.51,4254.110000000001,4346.606977185654,,
1786716900,4390.48,4394.53,4384.74,4391.23,4399.51,4254.110000000001,4348.007101148931,,
1786717800,4391.23,4391.59,4381.52,4384.23,4399.51,4254.110000000001,4348.86788147662,,
1786718700,4384.23,4384.55,4378.82,4381.37,4399.51,4254.110000000001,4349.5138656498,,
1786719600,4381.37,4394.13,4381,4392.18,4399.51,4254.110000000001,4350.444238661684,,
1786720500,4392.18,4393.68,4379.03,4384.74,4399.51,4254.110000000001,4351.280990266693,,
1786721400,4384.74,4389.9,4383.78,4389.52,4399.51,4254.110000000001,4351.990813161024,,
1786722300,4389.52,4394.64,4389.31,4391.64,4399.51,4254.110000000001,4352.658724776841,,
1786723200,4391.64,4396.63,4388.74,4389.71,4399.51,4254.110000000001,4353.191297704163,,
1786724100,4389.71,4392.97,4386.81,4387.46,4399.51,4254.110000000001,4353.548359487274,,
1786725000,4387.46,4389,4380.31,4385.67,4399.51,4254.110000000001,4354.033819291719,,
1786725900,4385.67,4387.43,4384.83,4385.82,4399.51,4254.110000000001,4354.332880779324,,
1786726800,4385.82,4386.45,4380.24,4382.31,4399.51,4254.110000000001,4354.6044783755115,,
1786727700,4382.31,4384.55,4379.31,4379.46,4399.51,4254.110000000001,4354.880836493382,,
1786728600,4379.46,4382.81,4376.97,4377.68,4399.51,4254.110000000001,4355.1107354579,,
1786729500,4377.68,4379.02,4376.21,4378.44,4399.51,4254.110000000001,4355.269712686644,,
1786730400,4378.44,4381.7,4376.47,4377.19,4399.51,4254.110000000001,4355.480062530011,,
1786731300,4377.19,4380.41,4376.99,4379.38,4399.51,4254.110000000001,4355.633372411315,,
1786732200,4379.38,4382.73,4376.29,4376.49,4399.51,4254.110000000001,4355.798931441196,,
1786733100,4376.49,4376.88,4370.75,4373.55,4399.51,4254.110000000001,4355.928607796095,,
1786734000,4373.55,4377.13,4372.04,4375.93,4399.51,4254.110000000001,4356.043831782277,,
1786734900,4375.93,4377.91,4374.02,4377.31,4399.51,4254.110000000001,4356.177195817807,,
1786735800,4377.31,4378.15,4375.53,4375.58,4399.51,4254.110000000001,4356.35393187289,,
1786736700,4375.58,4379.79,4373.51,4376.04,4399.51,4254.110000000001,4356.6864760122935,,
1786737600,4376.04,4376.04,4371.21,4372.65,4399.51,4254.110000000001,4356.75212406179,,
1786738500,4372.65,4374.86,4372.22,4374.77,4399.51,4254.110000000001,4356.7870156413765,,
1786739400,4374.77,4376.79,4373.35,4375.58,4399.51,4254.110000000001,4356.827511755849,,
1786917600,4375.58,4379.27,4371.62,4375.39,,,4375.426666666666,,
1786918500,4375.39,4375.68,4372.72,4374.61,,,4375.105653295023,,
1786919400,4374.61,4379.1,4374.61,4377.85,,,4375.562036350042,,
1786920300,4377.85,4386.84,4377.71,4385.89,,,4377.326656609676,,
1786921200,4385.89,4386.29,4379.43,4379.78,,,4378.0857261002075,,
1786922100,4379.78,4381.19,4372.77,4374.79,,,4377.819753675009,,
1786923000,4374.79,4375.2,4367.07,4368.34,,,4376.52073354951,,
1786923900,4368.34,4373.8,4368.28,4370.21,,,4375.595658888999,,
1786924800,4370.21,4379.43,4367.94,4378.75,,,4375.544561520109,,
1786925700,4378.75,4390.74,4378.46,4389.72,,,4377.252222317806,,
1786926600,4389.72,4397.19,4387.43,4395.84,,,4379.2325559877645,,
1786927500,4395.84,4402.04,4394.37,4400.98,,,4381.7391525144,,
1786928400,4400.98,4411.78,4399.75,4409.08,,,4386.887280875579,,
1786929300,4409.08,4416.33,4406.11,4406.99,,,4390.167441917999,,
1786930200,4406.99,4408.1,4397.57,4403.46,,,4391.513067483015,,
1786931100,4403.46,4404.04,4392.01,4395.6,,,4392.002727484733,,
1786932000,4395.6,4398.31,4392.5,4394.2,,,4392.212878553104,,
1786932900,4394.2,4397.41,4389.82,4395.3,,,4392.303084330461,,
1786933800,4395.3,4397.98,4389.64,4393.01,,,4392.390772523719,,
1786934700,4393.01,4393.31,4388.24,4393.12,,,4392.353273070827,,
1786935600,4393.12,4394.76,4388.65,4390.34,,,4392.307875936018,,
1786936500,4390.34,4393.51,4388.11,4393.01,,,4392.278641861419,,
1786937400,4393.01,4397.03,4391.1,4395.01,,,4392.343800991932,,
1786938300,4395.01,4397.55,4392.85,4396.93,,,4392.421455146711,,
1786939200,4396.93,4399.52,4396.38,4398.24,4464.969999999999,4343.370000000001,4392.575760794383,,
1786940100,4398.24,4398.6,4390.18,4390.95,4464.969999999999,4343.370000000001,4392.590115679376,,
1786941000,4390.95,4396.51,4388.93,4395.6,4464.969999999999,4343.370000000001,4392.616458165528,,
1786941900,4395.6,4397.79,4389.88,4390.72,4464.969999999999,4343.370000000001,4392.620566449303,,
1786942800,4390.72,4393.21,4386.97,4387.64,4464.969999999999,4343.370000000001,4392.531937945474,,
1786943700,4387.64,4399.46,4386.88,4399.38,4464.969999999999,4343.370000000001,4392.60591204686,,
1786944600,4399.38,4401.19,4392.1,4395.7,4464.969999999999,4343.370000000001,4392.8015408339825,,
1786945500,4395.7,4397.47,4392.31,4394.68,4464.969999999999,4343.370000000001,4392.873819982175,,
1786946400,4394.68,4398.02,4392.71,4396.88,4464.969999999999,4343.370000000001,4392.986049882955,,
1786947300,4396.88,4400.06,4392.78,4398.35,4464.969999999999,4343.370000000001,4393.134493117723,,
1786948200,4398.35,4398.61,4393.56,4396.1,4464.969999999999,4343.370000000001,4393.216395881982,,
1786949100,4396.1,4404.49,4396.1,4402.99,4464.969999999999,4343.370000000001,4393.444333188205,,
1786950000,4402.99,4403.93,4395.93,4396.34,4464.969999999999,4343.370000000001,4393.594745610956,,
1786950900,4396.34,4405.18,4396.1,4405.04,4464.969999999999,4343.370000000001,4393.819724131495,,
1786951800,4405.04,4411.19,4404.52,4409.2,4464.969999999999,4343.370000000001,4394.230118753219,,
1786952700,4409.2,4409.83,4403.41,4405.21,4464.969999999999,4343.370000000001,4394.438984610991,,
1786953600,4405.21,4405.21,4397.58,4402.79,4464.969999999999,4343.370000000001,4394.613954674519,,
1786954500,4402.79,4403.65,4400.27,4401.64,4464.969999999999,4343.370000000001,4394.730597569435,,
1786955400,4401.64,4402.07,4395.92,4396.25,4464.969999999999,4343.370000000001,4394.784945367983,,
1786956300,4396.25,4396.81,4392.5,4395.08,4464.969999999999,4343.370000000001,4394.785146674847,,
1786957200,4395.08,4400.52,4393.25,4399.06,4464.969999999999,4343.370000000001,4394.833321320372,,
1786958100,4399.06,4399.87,4395.44,4396.77,4464.969999999999,4343.370000000001,4394.873538400672,,
1786959000,4396.77,4397.48,4393.48,4394.28,4464.969999999999,4343.370000000001,4394.876924263586,,
1786959900,4394.28,4395.8,4392.56,4395.5,4464.969999999999,4343.370000000001,4394.8730383186075,,
1786960800,4395.5,4396.33,4393.18,4395.9,4464.969999999999,4343.370000000001,4394.876398609943,,
1786961700,4395.9,4405.43,4391.9,4405.34,4464.969999999999,4343.370000000001,4395.014470292852,,
1786962600,4405.34,4405.76,4395.34,4398.14,4464.969999999999,4343.370000000001,4395.161281091783,,
1786963500,4398.14,4399.46,4396.23,4398.97,4464.969999999999,4343.370000000001,4395.199574609872,,
1786964400,4398.97,4403.91,4397.9,4399.7,4464.969999999999,4343.370000000001,4395.285887468349,,
1786965300,4399.7,4404.58,4396.96,4403.45,4464.969999999999,4343.370000000001,4395.385650865497,,
1786966200,4403.45,4404.8,4399.21,4399.5,4464.969999999999,4343.370000000001,4395.4735762754235,,
1786967100,4399.5,4400.64,4395.45,4396.75,4464.969999999999,4343.370000000001,4395.501511121548,,
1786968000,4396.75,4397.46,4391.62,4393.79,4464.969999999999,4343.370000000001,4395.474705331787,,
1786968900,4393.79,4398.74,4382.21,4385.45,4464.969999999999,4343.370000000001,4395.274521383379,,
1786969800,4385.45,4390.07,4378.4,4378.4,4464.969999999999,4343.370000000001,4394.902616548808,,
1786970700,4378.4,4386.31,4377.19,4384.85,4464.969999999999,4343.370000000001,4394.634293054949,,
1786971600,4384.85,4389.56,4381.82,4386.27,4464.969999999999,4343.370000000001,4394.344009823823,,
1786972500,4386.27,4388.96,4382.35,4386.22,4464.969999999999,4343.370000000001,4394.150381463507,,
1786973400,4386.22,4391.93,4384.74,4385.82,4464.969999999999,4343.370000000001,4393.771394902118,,
1786974300,4385.82,4415.97,4384.65,4408.71,4464.969999999999,4343.370000000001,4394.3472871895,,
1786975200,4408.71,4412.65,4403.76,4412.2,4464.969999999999,4343.370000000001,4395.108437665939,,
1786976100,4412.2,4427.42,4411.75,4418.01,4464.969999999999,4343.370000000001,4396.1519642986705,,
1786977000,4418.01,4424.56,4416.31,4417.32,4464.969999999999,4343.370000000001,4396.8401799395715,,
1786977900,4417.32,4421.01,4414.07,4417.3,4464.969999999999,4343.370000000001,4397.468615226311,,
1786978800,4417.3,4422.25,4415.28,4421.3,4464.969999999999,4343.370000000001,4398.006752206976,,
1786979700,4421.3,4425.94,4419.55,4425.5,4464.969999999999,4343.370000000001,4398.694320084418,,
1786980600,4425.5,4426.43,4419.01,4419.23,4464.969999999999,4343.370000000001,4399.227746434045,,
1786981500,4419.23,4427.81,4417.67,4427.58,4464.969999999999,4343.370000000001,4399.6421218246605,,
1786982400,4427.58,4428.76,4423.95,4426,4464.969999999999,4343.370000000001,4400.031892217452,,
1786983300,4426,4427.66,4422.71,4424.62,4464.969999999999,4343.370000000001,4400.374335479276,,
1786984200,4424.62,4426.84,4422.61,4424.51,4464.969999999999,4343.370000000001,4400.623647268336,,
1786985100,4424.51,4425.52,4422.52,4424.15,4464.969999999999,4343.370000000001,4400.848660833361,,
1786986000,4424.15,4426.06,4421.13,4422.74,4464.969999999999,4343.370000000001,4401.169081099601,,
1786986900,4422.74,4423.15,4413.42,4416.48,4464.969999999999,4343.370000000001,4401.458302316445,,
1786987800,4416.48,4418.3,4411.22,4417.41,4464.969999999999,4343.370000000001,4401.654943370799,,
1786988700,4417.41,4420.4,4413.14,4413.67,4464.969999999999,4343.370000000001,4401.79665011744,,
1786989600,4413.67,4414.37,4410.2,4413.63,4464.969999999999,4343.370000000001,4401.9382243160835,,
1786990500,4413.63,4416.03,4404.87,4406.21,4464.969999999999,4343.370000000001,4402.037784164717,,
1786991400,4406.21,4406.84,4398.28,4401.23,4464.969999999999,4343.370000000001,4402.038791339148,,
1786992300,4401.23,4407.38,4400.03,4406.54,4464.969999999999,4343.370000000001,4402.063277610775,,
1786993200,4406.54,4408.54,4400.15,4408.5,4464.969999999999,4343.370000000001,4402.105948849914,,
1786994100,4408.5,4417.45,4408.44,4414.45,4464.969999999999,4343.370000000001,4402.273290067956,,
1786995000,4414.45,4420.39,4414.05,4419.41,4464.969999999999,4343.370000000001,4402.4611271276335,,
1786995900,4419.41,4420.94,4416.55,4419.91,4464.969999999999,4343.370000000001,4402.725376884756,,
1786996800,4419.91,4421.37,4416.57,4417.66,4464.969999999999,4343.370000000001,4402.778657566654,,
1786997700,4417.66,4417.98,4414.74,4414.99,4464.969999999999,4343.370000000001,4402.800009092731,,
1786998600,4414.99,4415.84,4414.47,4415.37,4464.969999999999,4343.370000000001,4402.824852652279,,
1786999500,4415.37,4417.14,4414.92,4415.86,4464.969999999999,4343.370000000001,4402.853150113061,,
1787004000,4415.86,4418.24,4414.94,4416.64,4464.969999999999,4343.370000000001,4416.606666666667,,
1787004900,4416.64,4417.24,4411.97,4412.46,4464.969999999999,4343.370000000001,4415.1839146693865,,
1787005800,4412.46,4415.61,4411.61,4414.71,4464.969999999999,4343.370000000001,4414.745806800953,,
1787006700,4414.71,4416.11,4410.37,4411.65,4464.969999999999,4343.370000000001,4414.263349859527,,
1787007600,4411.65,4414.86,4409.6,4414.8,4464.969999999999,4343.370000000001,4414.022353636901,,
1787008500,4414.8,4421.74,4414.8,4420.32,4464.969999999999,4343.370000000001,4415.132228926398,,
1787009400,4420.32,4422.76,4419.98,4422.49,4464.969999999999,4343.370000000001,4416.445304810871,,
1787010300,4422.49,4425.98,4421.52,4425.87,4464.969999999999,4343.370000000001,4418.249248000253,,
1787011200,4425.87,4429.24,4418.98,4421.66,4464.969999999999,4343.370000000001,4419.682538135977,,
1787012100,4421.66,4431.66,4420.78,4431.49,4464.969999999999,4343.370000000001,4421.730837594164,,
1787013000,4431.49,4433.36,4428.32,4429.39,4464.969999999999,4343.370000000001,4422.861544157392,,
1787013900,4429.39,4434.94,4428.43,4434.78,4464.969999999999,4343.370000000001,4423.959994276014,,
1787014800,4434.78,4436.14,4428.46,4429.02,4464.969999999999,4343.370000000001,4425.572231805323,,
1787015700,4429.02,4430.67,4420.18,4424.85,4464.969999999999,4343.370000000001,4425.526276879402,,
1787016600,4424.85,4426.08,4411.74,4411.74,4464.969999999999,4343.370000000001,4424.583855308636,,
1787017500,4411.74,4412.13,4404.2,4407.91,4464.969999999999,4343.370000000001,4422.056433744392,,
1787018400,4407.91,4408.06,4398.53,4401.05,4464.969999999999,4343.370000000001,4420.122233891209,,
1787019300,4401.05,4405.43,4400.35,4402.4,4464.969999999999,4343.370000000001,4419.144391526699,,
1787020200,4402.4,4402.61,4393.99,4394.87,4464.969999999999,4343.370000000001,4417.333304794341,,
1787021100,4394.87,4400.51,4394.3,4399.9,,,4416.252186957862,,
1787022000,4399.9,4403.97,4398.73,4401.4,,,4415.4468317448745,,
1787022900,4401.4,4402.02,4394.27,4397.22,,,4414.638850054787,,
1787023800,4397.22,4397.22,4394.5,4394.8,,,4414.021914303879,,
1787024700,4394.8,4395.02,4390.53,4391.82,,,4413.380225138751,,
1787025600,4391.82,4392.81,4389.96,4392.31,4500.020000000001,4340.319999999999,4412.804752936003,,
1787026500,4392.31,4393.7,4390.76,4392.4,4500.020000000001,4340.319999999999,4412.348128421009,,
1787027400,4392.4,4394.31,4389.06,4393.58,4500.020000000001,4340.319999999999,4411.794396575915,,
1787028300,4393.58,4395.46,4392.18,4393.64,4500.020000000001,4340.319999999999,4411.439736328828,,
1787029200,4393.64,4394.12,4390.79,4391.3,4500.020000000001,4340.319999999999,4410.8994582252035,,
1787030100,4391.3,4395.96,4391.21,4391.35,4500.020000000001,4340.319999999999,4410.5127115077075,,
1787031000,4391.35,4394.12,4386.01,4393.7,4500.020000000001,4340.319999999999,4409.499270234363,,
1787031900,4393.7,4397.53,4393.04,4394.26,4500.020000000001,4340.319999999999,4409.012782928594,,
1787032800,4394.26,4395.19,4387.61,4395.18,4500.020000000001,4340.319999999999,4408.358590664399,,
1787033700,4395.18,4399.75,4393.49,4399.42,4500.020000000001,4340.319999999999,4408.0547916753385,,
1787034600,4399.42,4400.14,4395.08,4397.24,4500.020000000001,4340.319999999999,4407.808698194106,,
1787035500,4397.24,4399.27,4397.22,4398.69,4500.020000000001,4340.319999999999,4407.6067230222125,,
1787036400,4398.69,4400.63,4396.69,4397.52,4500.020000000001,4340.319999999999,4407.34832450665,,
1787037300,4397.52,4403.33,4397.37,4403.1,4500.020000000001,4340.319999999999,4407.226126729513,,
1787038200,4403.1,4403.57,4396.32,4401.39,4500.020000000001,4340.319999999999,4407.056606617706,,
1787039100,4401.39,4402.59,4395.36,4395.54,4500.020000000001,4340.319999999999,4406.873848575615,,
1787040000,4395.54,4396.09,4387.91,4392.52,4500.020000000001,4340.319999999999,4406.40654796012,,
1787040900,4392.52,4393.37,4386.79,4389.36,4500.020000000001,4340.319999999999,4406.0021523768955,,
1787041800,4389.36,4398.57,4389.19,4396.59,4500.020000000001,4340.319999999999,4405.757064779511,,
1787042700,4396.59,4396.81,4391.54,4393.22,4500.020000000001,4340.319999999999,4405.559475004938,,
1787043600,4393.22,4393.86,4391.01,4392.66,4500.020000000001,4340.319999999999,4405.2984883116505,,
1787044500,4392.66,4392.75,4388.48,4389.27,4500.020000000001,4340.319999999999,4404.994909940608,,
1787045400,4389.27,4394.89,4387.29,4388.46,4500.020000000001,4340.319999999999,4404.679132477075,,
1787046300,4388.46,4394.89,4386.93,4393.26,4500.020000000001,4340.319999999999,4404.459255855819,,
1787047200,4393.26,4395.7,4392.25,4394.38,4500.020000000001,4340.319999999999,4404.295401588124,,
1787048100,4394.38,4396.15,4389.67,4391.99,4500.020000000001,4340.319999999999,4404.133029860732,,
1787049000,4391.99,4398.57,4391.58,4398.57,4500.020000000001,4340.319999999999,4404.030235606415,,
1787049900,4398.57,4399.57,4396.36,4397.58,4500.020000000001,4340.319999999999,4403.956223645223,,
1787050800,4397.58,4398.63,4391.94,4393.47,4500.020000000001,4340.319999999999,4403.819557528351,,
1787051700,4393.47,4394.65,4389.71,4390.05,4500.020000000001,4340.319999999999,4403.649029014468,,
1787052600,4390.05,4392.46,4388.55,4390.81,4500.020000000001,4340.319999999999,4403.446628196222,,
1787053500,4390.81,4396.74,4389.76,4395.91,4500.020000000001,4340.319999999999,4403.319158749989,,
1787054400,4395.91,4397.03,4389.94,4393.14,4500.020000000001,4340.319999999999,4403.087545632826,,
1787055300,4393.14,4400.81,4391.51,4395.29,4500.020000000001,4340.319999999999,4402.919630014557,,
1787056200,4395.29,4397.99,4391.09,4392.11,4500.020000000001,4340.319999999999,4402.730649719902,,
1787057100,4392.11,4396.96,4390.82,4394.17,4500.020000000001,4340.319999999999,4402.563256066091,,
1787058000,4394.17,4397.33,4388.34,4395.71,4500.020000000001,4340.319999999999,4402.270235231528,,
1787058900,4395.71,4396,4388.09,4388.97,4500.020000000001,4340.319999999999,4401.914725200186,,
1787059800,4388.97,4406.44,4376.07,4401.08,4500.020000000001,4340.319999999999,4401.26448762625,,
1787060700,4401.08,4402.2,4389.44,4394.55,4500.020000000001,4340.319999999999,4400.917179566344,,
1787061600,4394.55,4406.34,4391.1,4393.14,4500.020000000001,4340.319999999999,4400.7065285066465,,
1787062500,4393.14,4405.1,4392.3,4394.06,4500.020000000001,4340.319999999999,4400.569337309596,,
1787063400,4394.06,4396.3,4377.7,4379.63,4500.020000000001,4340.319999999999,4399.76661319625,,
1787064300,4379.63,4388.66,4363.7,4366.59,4500.020000000001,4340.319999999999,4398.4634881353795,,
1787065200,4366.59,4377.54,4358.5,4359.88,4500.020000000001,4340.319999999999,4396.515212970776,,
1787066100,4359.88,4365.17,4351.54,4354.96,4500.020000000001,4340.319999999999,4394.642544760074,,
1787067000,4354.96,4362.23,4354.47,4358.65,4500.020000000001,4340.319999999999,4393.259747986113,,
1787067900,4358.65,4366.49,4358.65,4364.82,4500.020000000001,4340.319999999999,4392.626126250618,,
1787068800,4364.82,4371.65,4364.76,4367.65,4500.020000000001,4340.319999999999,4392.158765638726,,
1787069700,4367.65,4369.63,4363.48,4364.11,4500.020000000001,4340.319999999999,4391.688352992983,,
1787070600,4364.11,4368.54,4362.67,4367.34,4500.020000000001,4340.319999999999,4391.246588186506,,
1787071500,4367.34,4368.75,4363,4363.81,4500.020000000001,4340.319999999999,4390.850619318899,,
1787072400,4363.81,4367.07,4363.55,4366.79,4500.020000000001,4340.319999999999,4390.443166411028,,
1787073300,4366.79,4368.13,4363.02,4365.36,4500.020000000001,4340.319999999999,4390.032333100711,,
1787074200,4365.36,4366.1,4358.56,4358.56,4500.020000000001,4340.319999999999,4389.612535475378,,
1787075100,4358.56,4360.37,4356.57,4357.64,4500.020000000001,4340.319999999999,4389.233430775559,,
1787076000,4357.64,4358.08,4352.61,4357.72,4500.020000000001,4340.319999999999,4388.8718327397755,,
1787076900,4357.72,4360.97,4355.61,4360.2,4500.020000000001,4340.319999999999,4388.6006489897445,,
1787077800,4360.2,4360.56,4353.39,4354.22,4500.020000000001,4340.319999999999,4388.352692876258,,
1787078700,4354.22,4355.98,4352.81,4354.24,4500.020000000001,4340.319999999999,4388.133883846678,,
1787079600,4354.24,4358.09,4354.07,4356.96,4500.020000000001,4340.319999999999,4387.924768538048,,
1787080500,4356.96,4358.65,4352.4,4354.77,4500.020000000001,4340.319999999999,4387.69919840411,,
1787081400,4354.77,4357.72,4349.7,4349.7,4500.020000000001,4340.319999999999,4387.41075465415,,
1787082300,4349.7,4353.23,4338.46,4345.54,4500.020000000001,4340.319999999999,4386.5073561164845,,
1787083200,4345.54,4346.33,4340.6,4341.83,4500.020000000001,4340.319999999999,4386.309692512134,,
1787084100,4341.83,4342.11,4333.52,4337.84,4500.020000000001,4340.319999999999,4386.096626876361,,
1787085000,4337.84,4339.54,4331.61,4332.28,4500.020000000001,4340.319999999999,4385.929769102886,,
1787085900,4332.28,4335.33,4328.97,4334.14,4500.020000000001,4340.319999999999,4385.66623304602,,
1787090400,4334.14,4343.51,4334.14,4339.81,4500.020000000001,4340.319999999999,4339.153333333335,,
1787091300,4339.81,4341.51,4333.32,4335.91,4500.020000000001,4340.319999999999,4337.581373822833,,
1787092200,4335.91,4336.16,4332.45,4333.69,4500.020000000001,4340.319999999999,4336.498585753443,,
1787093100,4333.69,4335.5,4333.02,4333.84,4500.020000000001,4340.319999999999,4336.0542367812195,,
1787094000,4333.84,4338.26,4332.34,4333.76,4500.020000000001,4340.319999999999,4335.779774520856,,
1787094900,4333.76,4337.3,4330.02,4330.43,4500.020000000001,4340.319999999999,4335.114268886088,,
1787095800,4330.43,4332.59,4326.94,4329.72,4500.020000000001,4340.319999999999,4334.149721636016,,
1787096700,4329.72,4334.17,4329.45,4332.95,4500.020000000001,4340.319999999999,4333.762531679107,,
1787097600,4332.95,4344.79,4331.39,4342.84,4500.020000000001,4340.319999999999,4335.509264660531,,
1787098500,4342.84,4346.28,4339.1,4342.85,4500.020000000001,4340.319999999999,4336.952976972295,,
1787099400,4342.85,4347.14,4339.66,4343.51,4500.020000000001,4340.319999999999,4337.918804473412,,
1787100300,4343.51,4344.66,4337.07,4337.9,4500.020000000001,4340.319999999999,4338.209507374089,,
1787101200,4337.9,4343.89,4324.43,4343.81,4500.020000000001,4340.319999999999,4338.00852947479,,
1787102100,4343.81,4346.25,4332.97,4342.21,4500.020000000001,4340.319999999999,4338.336321062672,,
1787103000,4342.21,4357.52,4342.21,4355.42,4500.020000000001,4340.319999999999,4339.530400341868,,
1787103900,4355.42,4356.64,4350.56,4356.41,4500.020000000001,4340.319999999999,4340.505329746409,,
1787104800,4356.41,4357.17,4351.61,4353.49,4500.020000000001,4340.319999999999,4341.229914685481,,
1787105700,4353.49,4361.89,4352.52,4359.58,4500.020000000001,4340.319999999999,4342.145669350441,,
1787106600,4359.58,4360.11,4354.16,4355.19,4500.020000000001,4340.319999999999,4342.953885499565,,
1787107500,4355.19,4357.21,4351.45,4354.92,,,4343.433907345848,,
1787108400,4354.92,4356.02,4351.89,4354.41,,,4343.820061073728,,
1787109300,4354.41,4357.81,4351.81,4356.92,,,4344.197691541812,,
1787110200,4356.92,4360.24,4355.82,4358.42,,,4344.49268081407,,
1787111100,4358.42,4358.74,4354.73,4354.9,,,4344.66316694804,,
1787112000,4354.9,4356.08,4353.05,4354.64,4423.700000000001,4258.25,4344.814347573626,,
1787112900,4354.64,4354.94,4349.98,4351.09,4423.700000000001,4258.25,4344.98156757226,,
1787113800,4351.09,4351.99,4344.94,4346.48,4423.700000000001,4258.25,4345.04509895805,,
1787114700,4346.48,4348.43,4343.71,4348.39,4423.700000000001,4258.25,4345.082884845205,,
1787115600,4348.39,4350.61,4338.72,4338.84,4423.700000000001,4258.25,4345.017639864406,,
1787116500,4338.84,4345.26,4336.58,4345.22,4423.700000000001,4258.25,4344.954670322107,,
1787117400,4345.22,4345.34,4336.72,4342.2,4423.700000000001,4258.25,4344.75850333051,,
1787118300,4342.2,4342.2,4335.12,4335.54,4423.700000000001,4258.25,4344.493724474686,,
1787119200,4335.54,4341.74,4335.28,4337.4,4423.700000000001,4258.25,4344.259538859607,,
1787120100,4337.4,4348.18,4336.88,4343.17,4423.700000000001,4258.25,4344.207877560178,,
1787121000,4343.17,4345.61,4337.01,4341.81,4423.700000000001,4258.25,4344.125610472282,,
1787121900,4341.81,4349.31,4340.74,4349.02,4423.700000000001,4258.25,4344.191316346321,,
1787122800,4349.02,4353.46,4347.37,4350.46,4423.700000000001,4258.25,4344.319761058458,,
1787123700,4350.46,4356.91,4347.38,4356.63,4423.700000000001,4258.25,4344.4877383055245,,
1787124600,4356.63,4363.08,4352.67,4354.41,4423.700000000001,4258.25,4344.688615586349,,
1787125500,4354.41,4357.69,4354.2,4354.74,4423.700000000001,4258.25,4344.8245867281,,
1787126400,4354.74,4362.6,4350.98,4361.55,4423.700000000001,4258.25,4345.1147585008575,,
1787127300,4361.55,4362.41,4357.26,4361.01,4423.700000000001,4258.25,4345.361336958495,,
1787128200,4361.01,4362.85,4356.45,4362.42,4423.700000000001,4258.25,4345.675915652283,,
1787129100,4362.42,4362.97,4354.69,4355.6,4423.700000000001,4258.25,4345.864795858303,,
1787130000,4355.6,4359.74,4354.98,4356.29,4423.700000000001,4258.25,4346.097043019902,,
1787130900,4356.29,4357.35,4353.41,4356.48,4423.700000000001,4258.25,4346.286628872057,,
1787131800,4356.48,4360.94,4355.41,4358.63,4423.700000000001,4258.25,4346.489840427335,,
1787132700,4358.63,4361.93,4358.04,4361.86,4423.700000000001,4258.25,4346.714880869371,,
1787133600,4361.86,4364.08,4359.49,4363.56,4423.700000000001,4258.25,4346.993569521599,,
1787134500,4363.56,4369.03,4363.46,4368.62,4423.700000000001,4258.25,4347.334409622657,,
1787135400,4368.62,4369.34,4365.74,4367.95,4423.700000000001,4258.25,4347.600288351806,,
1787136300,4367.95,4369.43,4366.14,4367.28,4423.700000000001,4258.25,4347.836610522242,,
1787137200,4367.28,4373.92,4367.28,4373.17,4423.700000000001,4258.25,4348.346000176471,,
1787138100,4373.17,4374.01,4368.77,4370.76,4423.700000000001,4258.25,4348.687445165159,,
1787139000,4370.76,4371.69,4363.16,4363.55,4423.700000000001,4258.25,4348.989410615919,,
1787139900,4363.55,4367.52,4363.43,4364.61,4423.700000000001,4258.25,4349.22229899898,,
1787140800,4364.61,4370.65,4361.99,4368.24,4423.700000000001,4258.25,4349.624250185351,,
1787141700,4368.24,4373.49,4366.16,4369.23,4423.700000000001,4258.25,4350.118318691227,,
1787142600,4369.23,4420.27,4368.57,4417.43,4423.700000000001,4258.25,4354.873319744173,,
1787143500,4417.43,4442.12,4411.44,4438.62,4423.700000000001,4258.25,4360.715206638875,,
1787144400,4438.62,4460.56,4424.36,4456,4423.700000000001,4258.25,4366.572342368246,,
1787145300,4456,4464.13,4454.95,4457.89,4423.700000000001,4258.25,4370.731892632897,,
1787146200,4457.89,4466.21,4442.43,4460.62,4423.700000000001,4258.25,4377.3973865039125,,
1787147100,4460.62,4463.23,4445.01,4459.62,4423.700000000001,4258.25,4382.563732175099,,
1787148000,4459.62,4475.46,4455.16,4473.9,4423.700000000001,4258.25,4387.739681556525,,
1787148900,4473.9,4487.39,4470.31,4486.19,4423.700000000001,4258.25,4392.856247428393,,
1787149800,4486.19,4498.56,4483.79,4489.43,4423.700000000001,4258.25,4396.6823663888335,,
1787150700,4489.43,4489.56,4478.2,4488.17,4423.700000000001,4258.25,4399.255822714448,,
1787151600,4488.17,4488.3,4479.75,4484.83,4423.700000000001,4258.25,4401.529815123945,,
1787152500,4484.83,4488,4478.29,4483.78,4423.700000000001,4258.25,4403.821024983752,,
1787153400,4483.78,4492.43,4480.25,4490.17,4423.700000000001,4258.25,4405.919784154492,,
1787154300,4490.17,4493.97,4488.5,4493.87,4423.700000000001,4258.25,4407.588039872351,,
1787155200,4493.87,4499.03,4491.01,4497.67,4423.700000000001,4258.25,4409.068125009881,,
1787156100,4497.67,4499.32,4490.71,4491.2,4423.700000000001,4258.25,4410.430731507791,,
1787157000,4491.2,4496.29,4490.66,4495.15,4423.700000000001,4258.25,4411.698565629544,,
1787157900,4495.15,4497.86,4493.31,4493.31,4423.700000000001,4258.25,4413.070505146253,,
1787158800,4493.31,4499.07,4488.98,4492.65,4423.700000000001,4258.25,4414.724671747445,,
1787159700,4492.65,4492.67,4486.14,4487.91,4423.700000000001,4258.25,4415.782217352779,,
1787160600,4487.91,4491.53,4484.26,4488.58,4423.700000000001,4258.25,4416.726215578026,,
1787161500,4488.58,4489.33,4484.34,4486.53,4423.700000000001,4258.25,4417.366490857794,,
1787162400,4486.53,4496.43,4485.25,4487.75,4423.700000000001,4258.25,4418.589882155475,,
1787163300,4487.75,4487.75,4472.76,4475.21,4423.700000000001,4258.25,4419.398778360547,,
1787164200,4475.21,4491.77,4472.04,4490.23,4423.700000000001,4258.25,4420.492327134018,,
1787165100,4490.23,4496.74,4489.4,4495.12,4423.700000000001,4258.25,4421.221364204394,,
1787166000,4495.12,4505.5,4494.46,4503.18,4423.700000000001,4258.25,4422.501515238528,,
1787166900,4503.18,4507.75,4502.61,4507.54,4423.700000000001,4258.25,4423.562744496759,,
1787167800,4507.54,4510.54,4502.76,4507.04,4423.700000000001,4258.25,4424.694648448166,,
1787168700,4507.04,4512.24,4505.36,4511.19,4423.700000000001,4258.25,4426.470442466214,,
1787169600,4511.19,4511.75,4508.13,4508.72,4423.700000000001,4258.25,4426.638877389981,,