time,open,high,low,close,MA 1,MA 2
1773421200,5045.95,5063.68,5043.11,5045.96,,
1773424800,5045.96,5051.75,5036.02,5046.58,,
1773428400,5046.58,5049.84,5009.53,5016.33,,
1773432000,5016.33,5025.41,5012.11,5024.83,,
1773612000,5024.83,5030.11,5000.64,5024.64,,
1773615600,5024.64,5025.88,4967.43,4997.13,,
1773619200,4997.13,5030.67,4996.33,5025.25,,
1773622800,5025.25,5026.09,4982.37,5015.55,,
1773626400,5015.55,5018.79,4997.51,5003.24,,
1773630000,5003.24,5020.64,4997.74,5018.92,,
1773633600,5018.92,5026.08,5012.16,5012.51,,
1773637200,5012.51,5019.99,5002.85,5017.45,,
1773640800,5017.45,5035.76,5005.33,5011.82,,
1773644400,5011.82,5016.12,4991.86,4995.74,,
1773648000,4995.74,5003.51,4984.93,4991.1,,
1773651600,4991.1,4991.36,4972.78,4975.44,,
1773655200,4975.44,4999.47,4970.16,4998.75,,
1773658800,4998.75,5022.65,4992.61,4997.09,,
1773662400,4997.09,5024.67,4994.56,5019.82,,
1773666000,5019.82,5034.23,5013.85,5029.89,,
1773669600,5029.89,5037.7,4987.65,4995.83,,
1773673200,4995.83,5005.67,4983.78,4987.01,,
1773676800,4987.01,4998.7,4974.02,4990.49,,
1773680400,4990.49,5003.61,4983.88,4991.19,,
1773684000,4991.19,5017.75,4989.8,5012.65,,
1773687600,5012.65,5020.16,5007.99,5012.69,,
1773691200,5012.69,5021.39,5004.6,5004.68,,
1773698400,5004.68,5015.74,4998.28,5002.47,,
1773702000,5002.47,5015.42,5002.13,5012.73,,
1773705600,5012.73,5013.63,4998.06,5002.89,,
1773709200,5002.89,5027.81,4994.38,5027.79,,
1773712800,5027.79,5029.6,5019.68,5022.42,,
1773716400,5022.42,5033.4,5020.51,5027.25,,
1773720000,5027.25,5041.74,5026.01,5037.53,,
1773723600,5037.53,5044.19,5019.75,5020.75,,
1773727200,5020.75,5022.75,5004.75,5009.99,,
1773730800,5009.99,5028.11,5008.89,5021.23,,
1773734400,5021.23,5029.48,5018.7,5024.71,,
1773738000,5024.71,5025.86,5009.9,5010.42,,
1773741600,5010.42,5016.19,4991.68,5000.17,,
1773745200,5000.17,5011.49,4996.76,5003.15,,
1773748800,5003.15,5023.86,4999.35,5011.77,,
1773752400,5011.77,5031.41,5005.44,5016.33,,
1773756000,5016.33,5020.38,5002.83,5007.58,,
1773759600,5007.58,5017.38,4973.37,4997.72,,
1773763200,4997.72,5005.82,4991.61,5001.94,,
1773766800,5001.94,5008.71,4996.55,5002.38,,
1773770400,5002.38,5009.05,4999.79,5003.61,,
1773774000,5003.61,5005.57,4996.25,5000.16,,
1773777600,5000.16,5006.78,4999.76,5005.91,,
1773784800,5005.91,5005.91,4992.82,4999.56,,
1773788400,4999.56,5003.33,4998.36,5002.51,,
1773792000,5002.51,5012.23,4999.99,5003.87,,
1773795600,5003.87,5015.79,4991.03,4998.41,,
1773799200,4998.41,5006.93,4990.41,4991.88,,
1773802800,4991.88,4997.52,4986.02,4990.93,,
1773806400,4990.93,4993.48,4981.55,4987.09,,
1773810000,4987.09,5002.7,4984.68,4997.58,,
1773813600,4997.58,5016.28,4996.15,5009.27,,
1773817200,5009.27,5014.98,4989.99,4994.88,,
1773820800,4994.88,4996.7,4976.9,4987.66,,
1773824400,4987.66,4995.6,4984.53,4992.19,,
1773828000,4992.19,4992.22,4958.21,4967.85,,
1773831600,4967.85,4974.11,4924.45,4930.3,,
1773835200,4930.3,4932.45,4870.59,4881.42,,
1773838800,4881.42,4885.5,4834.18,4877.62,,
1773842400,4877.62,4894.67,4856.27,4869.3,,
1773846000,4869.3,4880.14,4860.86,4862.36,,
1773849600,4862.36,4890.28,4860.86,4886.68,,
1773853200,4886.68,4898.88,4883.87,4890.06,,
1773856800,4890.06,4899.12,4852.03,4852.86,,
1773860400,4852.86,4865.18,4838.05,4842.88,,
1773864000,4842.88,4848.65,4806.39,4818.44,,
1773871200,4818.44,4838.93,4802.92,4834.2,,
1773874800,4834.2,4842.29,4827.82,4836.45,,
1773878400,4836.45,4848.48,4835.03,4840.93,,
1773882000,4840.93,4866.96,4832.61,4849.45,,
1773885600,4849.45,4861.98,4841.19,4858.62,,
1773889200,4858.62,4865.87,4850.55,4850.97,,
1773892800,4850.97,4853.77,4845.37,4849.84,,
1773896400,4849.84,4853.83,4826.56,4827.58,,
1773900000,4827.58,4842.37,4747.45,4763.26,,
1773903600,4763.26,4784.31,4726.52,4727.34,,
1773907200,4727.34,4740.33,4686.52,4709.06,,
1773910800,4709.06,4725.69,4687.49,4698.94,,
1773914400,4698.94,4719.87,4666.28,4678.99,,
1773918000,4678.99,4699.31,4650.36,4651.28,,
1773921600,4651.28,4653.7,4530.97,4574.45,,
1773925200,4574.45,4620.94,4501.97,4620.68,,
1773928800,4620.68,4648.96,4581.05,4601.56,,
1773932400,4601.56,4638.61,4565.88,4596.39,,
1773936000,4596.39,4626.44,4576.47,4584.97,,
1773939600,4584.97,4629.97,4573.47,4616.18,,
1773943200,4616.18,4623.14,4595.69,4622.95,,
1773946800,4622.95,4663.28,4622.8,4643.88,,
1773950400,4643.88,4661.78,4642.7,4649.33,,
1773957600,4649.33,4676.84,4635.62,4636.06,,
1773961200,4636.06,4647.92,4634.11,4643.3,,
1773964800,4643.3,4664.72,4641.72,4648.27,,
1773968400,4648.27,4699.43,4638.92,4676.86,,
1773972000,4676.86,4703.37,4669.92,4698.17,,
1773975600,4698.17,4736.46,4692.77,4725.55,,
1773979200,4725.55,4727.56,4715.09,4721.71,,
1773982800,4721.71,4723.74,4685.72,4688.24,,
1773986400,4688.24,4701.08,4660.96,4669.15,,
1773990000,4669.15,4707.83,4667.77,4706.26,,
1773993600,4706.26,4734.87,4684.54,4693.75,,
1773997200,4693.75,4700.56,4659.62,4667.57,,
1774000800,4667.57,4670.05,4637.69,4645.36,,
1774004400,4645.36,4674.12,4636.73,4671.73,,
1774008000,4671.73,4695.4,4661.46,4677.86,,
1774011600,4677.86,4679.4,4612.56,4616.11,,
1774015200,4616.11,4622.52,4547.66,4563.56,,
1774018800,4563.56,4580.3,4540.31,4553.07,,
1774022400,4553.07,4613.84,4551.68,4583.1,,
1774026000,4583.1,4600.66,4554.46,4573.34,,
1774029600,4573.34,4578.47,4477.06,4499.39,,
1774033200,4499.39,4516.39,4484.97,4501.53,,
1774036800,4501.53,4514.31,4493.29,4502.88,,
1774216800,4500.05,4535.98,4448.62,4497.79,,
1774220400,4497.79,4510.49,4451.71,4464.27,,
1774224000,4464.27,4473.02,4319.36,4353.74,,
1774227600,4353.74,4453.83,4329.08,4387.37,,
1774231200,4387.37,4421.83,4354.46,4360.17,,
1774234800,4360.17,4377.59,4334.52,4352.53,,
1774238400,4352.53,4381.49,4349.62,4367.22,,
1774242000,4367.22,4379.81,4301.98,4309.73,,
1774245600,4309.73,4310.15,4162.71,4220.12,,
1774249200,4220.12,4232.42,4097.98,4203.86,,
1774252800,4203.86,4270.7,4202.15,4251.19,,
1774256400,4251.19,4308.5,4223.4,4253.54,,
1774260000,4253.54,4281.55,4240.83,4268.65,,
1774263600,4268.65,4463.09,4268.65,4378.77,,
1774267200,4378.77,4492.33,4336.52,4478.16,,
1774270800,4478.16,4485.21,4401.17,4453.9,,
1774274400,4453.9,4512.61,4453.11,4461.52,,
1774278000,4461.52,4486.9,4350.31,4363.49,,
1774281600,4363.49,4391.65,4352.08,4375.64,,
1774285200,4375.64,4439.07,4370.45,4425.85,,
1774288800,4425.85,4466.96,4402.07,4448.65,,
1774292400,4448.65,4450.57,4392.68,4397.5,,
1774296000,4397.5,4412.89,4382.52,4407.06,,
1774303200,4407.06,4431.19,4360.56,4426.49,,
1774306800,4426.49,4448.27,4421.55,4440.79,,
1774310400,4440.79,4446.55,4330.74,4364.32,,
1774314000,4364.32,4374.14,4307.46,4321.81,,
1774317600,4321.81,4379.08,4305.16,4365.72,,
1774321200,4365.72,4368.05,4334.67,4346.96,,
1774324800,4346.96,4356.93,4326.34,4333.02,,
1774328400,4333.02,4373.74,4319.49,4346.85,,
1774332000,4346.85,4404.96,4342.45,4401.69,,
1774335600,4401.69,4432.47,4399.34,4416.77,,
1774339200,4416.77,4420.98,4390.84,4411.75,,
1774342800,4411.75,4431.02,4395.8,4426.17,,
1774346400,4426.17,4441.48,4414.28,4438.4,,
1774350000,4438.4,4441.94,4372.72,4407.62,,
1774353600,4407.62,4427.08,4361.65,4378.62,,
1774357200,4378.62,4389.63,4350.85,4381.12,,
1774360800,4381.12,4433.56,4380.26,4415.6,,
1774364400,4415.6,4431.01,4395.96,4411.23,,
1774368000,4411.23,4427.61,4402.15,4421.44,,
1774371600,4421.44,4426.48,4372,4388.29,,
1774375200,4388.29,4423.66,4383.57,4389.12,,
1774378800,4389.12,4411.39,4388.26,4400.12,,
1774382400,4400.12,4484.01,4397.31,4473.53,,
1774389600,4473.53,4485.92,4455.3,4484.13,,
1774393200,4484.13,4551.51,4472.07,4546.52,,
1774396800,4546.52,4572.07,4537.22,4563.26,,
1774400400,4563.26,4601.21,4552.11,4594.46,,
1774404000,4594.46,4602.38,4579.5,4583.31,,
1774407600,4583.31,4586.41,4567.43,4570.23,,
1774411200,4570.23,4574.72,4565.29,4572.9,,
1774414800,4572.9,4573.55,4548.58,4555.6,,
1774418400,4555.6,4557.16,4532.87,4545.52,,
1774422000,4545.52,4563.19,4536.58,4539.57,,
1774425600,4539.57,4567.85,4535.7,4556.16,,
1774429200,4556.16,4567.69,4527.21,4551.7,,
1774432800,4551.7,4562.5,4551.02,4558.67,,
1774436400,4558.67,4585.66,4555.98,4578.75,,
1774440000,4578.75,4583.58,4521.56,4544.04,,
1774443600,4544.04,4576.34,4540.68,4544.85,,
1774447200,4544.85,4579.13,4532.71,4567.17,,
1774450800,4567.17,4569.06,4524.8,4558.98,,
1774454400,4558.98,4564.9,4545.25,4555.04,,
1774458000,4555.04,4563.82,4542.65,4550.23,,
1774461600,4550.23,4568.73,4530.71,4537.85,,
1774465200,4537.85,4539.68,4486.48,4530.98,,
1774468800,4530.98,4542.06,4494.47,4505.91,,
1774476000,4505.91,4534.9,4505.24,4517.39,,
1774479600,4517.39,4518.3,4488.56,4498.01,,
1774483200,4498.01,4539.04,4497.72,4535.42,,
1774486800,4535.42,4544.35,4522.05,4535.28,,
1774490400,4535.28,4535.84,4505.47,4508.63,,
1774494000,4508.63,4518.69,4499.61,4516.61,,
1774497600,4516.61,4524.24,4511.35,4520.14,,
1774501200,4520.14,4522.22,4438.58,4438.81,,
1774504800,4438.81,4459.16,4415.4,4456.13,,
1774508400,4456.13,4463.7,4438.64,4452.37,,
1774512000,4452.37,4459.02,4411.86,4427.37,,
1774515600,4427.37,4436.96,4414.09,4423.38,,
1774519200,4423.38,4448.31,4416.82,4443.31,,
1774522800,4443.31,4456.59,4418.68,4422.81,,
1774526400,4422.81,4445.85,4416.2,4429.31,,
1774530000,4429.31,4460.65,4419.81,4452.76,,
1774533600,4452.76,4479.3,4437,4464.71,,
1774537200,4464.71,4468.83,4433.71,4437.88,,
1774540800,4437.88,4442.71,4366.62,4388.88,,
1774544400,4388.88,4402.4,4376.93,4381.02,,
1774548000,4381.02,4397.71,4367.26,4394.14,,
1774551600,4394.14,4399.21,4359.02,4363.85,,
1774555200,4363.85,4420.31,4350.86,4380.72,,
1774562400,4380.72,4415.06,4379.55,4411.09,,
1774566000,4411.09,4414.11,4389.44,4404.87,,
1774569600,4404.87,4410.81,4375.11,4378.81,,
1774573200,4378.81,4420.21,4376.83,4417,,
1774576800,4417,4440.11,4416.69,4431.86,,
1774580400,4431.86,4445.58,4420.88,4437.41,,
1774584000,4437.41,4449.36,4431.21,4445.76,,
1774587600,4445.76,4475.01,4440.11,4454.23,,
1774591200,4454.23,4472.51,4451.32,4459.34,,
1774594800,4459.34,4462.77,4442.49,4447.44,,
1774598400,4447.44,4451.15,4423.39,4423.85,,
1774602000,4423.85,4437.92,4420.45,4428.51,,
1774605600,4428.51,4432.8,4410.54,4414.81,,
1774609200,4414.81,4426.1,4404.04,4419.72,,
1774612800,4419.72,4445.27,4412.22,4437.88,,
1774616400,4437.88,4443.81,4413.3,4430.67,,
1774620000,4430.67,4515.01,4429.95,4509.35,,
1774623600,4509.35,4555.25,4501.44,4524.09,,
1774627200,4524.09,4533.56,4505.23,4515.86,,
1774630800,4515.86,4522.01,4486.31,4486.64,,
1774634400,4486.64,4528.31,4486.6,4516.7,,
1774638000,4516.7,4526.35,4500.27,4513.9,,
1774641600,4513.9,4520.28,4498.32,4505.44,,
1774821600,4505.44,4513.01,4478.41,4484.41,,
1774825200,4484.41,4492.43,4443.41,4448.61,,
1774828800,4448.61,4466.54,4416.78,4431.58,,
1774832400,4431.58,4475.67,4431.25,4469.3,,
1774836000,4469.3,4499.23,4458.4,4481.06,,
1774839600,4481.06,4517.23,4478.49,4495.65,,
1774843200,4495.65,4498.48,4485.99,4496.8,,
1774846800,4496.8,4528.22,4496.49,4522.41,,
1774850400,4522.41,4550.61,4516.72,4532.55,,
1774854000,4532.55,4534.71,4515.56,4526.98,,
1774857600,4526.98,4540.27,4524.78,4538.37,,
1774861200,4538.37,4540.79,4523.19,4532.66,,
1774864800,4532.66,4539.99,4527.41,4532.12,,
1774868400,4532.12,4580.72,4525.24,4559.32,,
1774872000,4559.32,4578.15,4545.06,4569.3,,
1774875600,4569.3,4578.54,4516.46,4523.56,,
1774879200,4523.56,4541.39,4512.24,4538.71,,
1774882800,4538.71,4556.84,4524.72,4548.07,,
1774886400,4548.07,4549.61,4531.81,4539.91,,
1774890000,4539.91,4542.25,4511.47,4514.89,,
1774893600,4514.89,4523.21,4498.27,4498.92,,
1774897200,4498.92,4518.36,4493.16,4513.4,,
1774900800,4513.4,4516.34,4500.9,4511.14,,
1774908000,4511.14,4523.3,4501.66,4510.36,,
1774911600,4510.36,4521.39,4492.4,4513.46,,
1774915200,4513.46,4547.87,4482.22,4547.41,,
1774918800,4547.41,4619.12,4531.81,4604.7,,
1774922400,4604.7,4606.94,4565.27,4567.58,,
1774926000,4567.58,4576.77,4549.98,4556.91,,
1774929600,4556.91,4569.34,4556.78,4564.49,,
1774933200,4564.49,4581.8,4547.36,4568.6,,
1774936800,4568.6,4568.86,4552.87,4557,,
1774940400,4557,4565.87,4543.08,4564.54,,
1774944000,4564.54,4575.32,4560.36,4568.62,,
1774947600,4568.62,4572.49,4550.19,4555.56,,
1774951200,4555.56,4561.9,4529.16,4546.87,,
1774954800,4546.87,4593.31,4541.12,4582.31,,
1774958400,4582.31,4597.64,4568.91,4574.67,,
1774962000,4574.67,4609.66,4567.48,4606.97,,
1774965600,4606.97,4629.98,4594.85,4599.22,,
1774969200,4599.22,4625.44,4599.16,4609.34,,
1774972800,4609.34,4651.52,4607.03,4638.29,,
1774976400,4638.29,4667.38,4636.06,4654.42,,
1774980000,4654.42,4671.08,4653.34,4667.46,,
1774983600,4667.46,4685.85,4661.82,4682.99,,
1774987200,4682.99,4687.33,4664.73,4668.78,,
1774994400,4668.78,4696.47,4661.53,4680.59,,
1774998000,4680.59,4699.87,4671.32,4696.06,,
1775001600,4696.06,4722.36,4693.07,4710.47,,
1775005200,4710.47,4723.94,4681,4692.52,,
1775008800,4692.52,4700.47,4677.66,4684.36,,
1775012400,4684.36,4694.2,4679.47,4681.67,,
1775016000,4681.67,4681.81,4666.83,4676.25,,
1775019600,4676.25,4703.57,4674.46,4684.51,,
1775023200,4684.51,4733.06,4682.28,4730.34,,
1775026800,4730.34,4747.69,4709.29,4713.06,,
1775030400,4713.06,4740.41,4710.02,4728.24,,
1775034000,4728.24,4730.13,4712.7,4723.12,,
1775037600,4723.12,4738.78,4715.2,4731.16,,
1775041200,4731.16,4762.96,4727.83,4752.39,,
1775044800,4752.39,4753.73,4724.3,4724.72,,
1775048400,4724.72,4749.59,4716.15,4737.28,,
1775052000,4737.28,4768.89,4723.77,4760.62,,
1775055600,4760.62,4788.08,4758.26,4786.58,,
1775059200,4786.58,4790.82,4774.35,4787.14,,
1775062800,4787.14,4792.95,4773.71,4774.29,,
1775066400,4774.29,4775.18,4741.76,4752.85,,
1775070000,4752.85,4778.35,4750.93,4766.09,,
1775073600,4766.09,4771.16,4753.7,4758.18,,
1775080800,4758.18,4782.64,4753.43,4776.1,,
1775084400,4776.1,4800.5,4773.12,4783.64,,
1775088000,4783.64,4798.48,4774.76,4784.14,,
1775091600,4784.14,4785.49,4648.78,4695.39,,
1775095200,4695.39,4703.88,4655.39,4686.78,,
1775098800,4686.78,4699.27,4675.33,4676.38,,
1775102400,4676.38,4681.7,4656.72,4672.15,,
1775106000,4672.15,4680.42,4585.37,4593.93,,
1775109600,4593.93,4608.72,4553.36,4598.51,,
1775113200,4598.51,4651.29,4596.8,4642.32,,
1775116800,4642.32,4648.54,4616.32,4620.83,,
1775120400,4620.83,4632.01,4612.77,4621.31,,
1775124000,4621.31,4635.02,4603.43,4620.19,,
1775127600,4620.19,4630.65,4592.26,4599.9,,
1775131200,4599.9,4630.04,4594.16,4601.89,,
1775134800,4601.89,4651.37,4580.33,4646.18,,
1775138400,4646.18,4699.63,4631.25,4681.22,,
1775142000,4681.22,4684.06,4652.37,4660.72,,
1775145600,4660.72,4670.69,4642.57,4659.15,,
1775149200,4659.15,4668.46,4645.7,4648.76,,
1775152800,4648.76,4672.14,4647.38,4668.5,,
1775156400,4668.5,4681.84,4661.26,4672.12,,
1775160000,4672.12,4677.66,4664.18,4676.33,,
1775224800,4676.33,4676.33,4672.02,4672.02,,
1775228400,4672.02,4673.62,4671.99,4672.12,,
1775426400,4672.12,4672.12,4607.53,4645.53,,
1775430000,4645.53,4650.96,4604.62,4610.15,,
1775433600,4610.15,4629,4600.14,4622.14,,
1775437200,4622.14,4642.76,4620.27,4625.5,,
1775440800,4625.5,4671.44,4623.37,4647.59,,
1775444400,4647.59,4647.81,4624.99,4640.23,,
1775448000,4640.23,4659.99,4639.51,4658.52,,
1775451600,4658.52,4678.61,4651.21,4652.64,,
1775455200,4652.64,4667.49,4643.14,4665.68,,
1775458800,4665.68,4688.53,4644.52,4684.41,,
1775462400,4684.41,4698.18,4680.17,4695.7,,
1775466000,4695.7,4706.71,4690.53,4693.64,,
1775469600,4693.64,4697.65,4683.69,4689.58,,
1775473200,4689.58,4696.75,4676.94,4677.66,,
1775476800,4677.66,4686.78,4659.64,4676.01,,
1775480400,4676.01,4681.41,4659.42,4679.4,,
1775484000,4679.4,4697.66,4659.72,4682.48,,
1775487600,4682.48,4683.96,4651.58,4667.84,,
1775491200,4667.84,4672.54,4657.68,4660.36,,
1775494800,4660.36,4661.01,4645.39,4653.37,,
1775498400,4653.37,4666.39,4648.86,4658.25,,
1775502000,4658.25,4659.58,4645.41,4655.62,,
1775505600,4655.62,4658.25,4648.01,4649.08,,
1775512800,4649.08,4667.59,4649.08,4658.12,,
1775516400,4658.12,4661.38,4651.12,4658.54,,
1775520000,4658.54,4661.41,4648.85,4654.5,,
1775523600,4654.5,4664.44,4615.7,4626.59,,
1775527200,4626.59,4653.63,4619.6,4650.05,,
1775530800,4650.05,4654.01,4639.26,4649.59,,
1775534400,4649.59,4664.2,4645.26,4659.89,,
1775538000,4659.89,4661.56,4622.77,4642.93,,
1775541600,4642.93,4656.61,4637.49,4652.96,,
1775545200,4652.96,4656.92,4636.37,4645.69,,
1775548800,4645.69,4690.97,4644.04,4682.85,,
1775552400,4682.85,4694.51,4658.5,4670.46,,
1775556000,4670.46,4680.43,4649.02,4651.79,,
1775559600,4651.79,4663.79,4628.43,4659.67,,
1775563200,4659.67,4670.79,4646.59,4651.04,,
1775566800,4651.04,4663.1,4635.4,4644.08,,
1775570400,4644.08,4661.69,4607.1,4633.18,,
1775574000,4633.18,4659.31,4624.71,4655.56,,
1775577600,4655.56,4668.51,4652.34,4656.99,,
1775581200,4656.99,4686.73,4653.71,4675.82,,
1775584800,4675.82,4686.18,4657.36,4662.2,,
1775588400,4662.2,4718.51,4660.29,4700.78,,
1775592000,4700.78,4716.76,4696.9,4706.24,,
1775599200,4706.24,4819.53,4706.24,4817.91,,
1775602800,4817.91,4836.41,4801.03,4832.82,,
1775606400,4832.82,4858.41,4808.66,4817.33,,
1775610000,4817.33,4824.78,4787.81,4810.1,,
1775613600,4810.1,4825.17,4798.32,4803.65,,
1775617200,4803.65,4806.04,4794.7,4797.72,,
1775620800,4797.72,4806.85,4790.37,4803.61,,
1775624400,4803.61,4844.2,4800.4,4827.61,,
1775628000,4827.61,4840.03,4819.74,4819.86,,
1775631600,4819.86,4821.36,4804.83,4813.06,,
1775635200,4813.06,4819.83,4789.93,4793.88,,
1775638800,4793.88,4806.9,4775.95,4783.28,,
1775642400,4783.28,4796.27,4770.79,4782.57,,
1775646000,4782.57,4802.84,4777.56,4798.29,,
1775649600,4798.29,4807.2,4767.76,4799.4,,
1775653200,4799.4,4806.65,4767.76,4777.22,,
1775656800,4777.22,4791.95,4732.02,4736.26,,
1775660400,4736.26,4763.23,4733.84,4756.45,,
1775664000,4756.45,4765.62,4745.26,4760.45,,
1775667600,4760.45,4764.43,4731.09,4733.66,,
1775671200,4733.66,4744.56,4703.29,4704.99,,
1775674800,4704.99,4731.92,4698.48,4730.56,,
1775678400,4730.56,4732.34,4716.73,4720.49,,
1775685600,4720.49,4733,4704.05,4717.23,,
1775689200,4717.23,4719.81,4704.95,4715.2,,
1775692800,4715.2,4718.84,4698.35,4706.6,,
1775696400,4706.6,4728.29,4699.28,4727.07,,
1775700000,4727.07,4732.97,4717.07,4719.02,,
1775703600,4719.02,4720.24,4704.83,4711.58,,
1775707200,4711.58,4725.47,4709.39,4720.42,,
1775710800,4720.42,4726.7,4705.31,4713.39,,
1775714400,4713.39,4725.06,4703.05,4712.69,,
1775718000,4712.69,4731.48,4705.51,4724.23,,
1775721600,4724.23,4733.63,4719.8,4726.23,,
1775725200,4726.23,4733.37,4722.56,4729.2,,
1775728800,4729.2,4746.75,4723.56,4741.01,,
1775732400,4741.01,4757.76,4738.19,4756.5,,
1775736000,4756.5,4759.59,4734.6,4745.94,,
1775739600,4745.94,4777.19,4738.4,4764.29,,
1775743200,4764.29,4776.22,4746.94,4768.5,,
1775746800,4768.5,4798.1,4761.07,4792.88,,
1775750400,4792.88,4800.99,4784.24,4788.79,,
1775754000,4788.79,4801.35,4786.55,4797.68,,
1775757600,4797.68,4797.97,4767.55,4772.15,,
1775761200,4772.15,4782.68,4766.29,4768.81,,
1775764800,4768.81,4773.35,4760.6,4765.85,,
1775772000,4765.85,4778.16,4758.42,4764.38,,
1775775600,4764.38,4764.43,4756.69,4763.7,,
1775779200,4763.7,4763.94,4750.22,4762.55,,
1775782800,4762.55,4777.13,4757.81,4764.1,,
1775786400,4764.1,4765.43,4737.63,4753.08,,
1775790000,4753.08,4769.39,4752.71,4766.39,,
1775793600,4766.39,4770.8,4757.72,4758.22,,
1775797200,4758.22,4769.26,4756.98,4765.47,,
1775800800,4765.47,4765.52,4742.45,4745.75,,
1775804400,4745.75,4757.6,4740.9,4749.69,,
1775808000,4749.69,4753.34,4730.45,4740.81,,
1775811600,4740.81,4760.78,4740.43,4751.55,,
1775815200,4751.55,4760.63,4742.04,4757.11,,
1775818800,4757.11,4768.74,4753.2,4768.12,,
1775822400,4768.12,4782.47,4759.67,4771.7,,
1775826000,4771.7,4780.3,4764.96,4774.67,,
1775829600,4774.67,4795.17,4767.23,4774.79,,
1775833200,4774.79,4787.28,4755.05,4762.03,,
1775836800,4762.03,4766.19,4746.97,4763.76,,
1775840400,4763.76,4768.81,4758.18,4760.19,,
1775844000,4760.19,4773.18,4750.9,4765.26,,
1775847600,4765.26,4770.58,4758.1,4759.55,,
1775851200,4759.55,4759.84,4740.69,4750.78,,
1776031200,4750.78,4750.78,4643.28,4658.7,,
1776034800,4658.7,4671.88,4643.61,4670.91,,
1776038400,4670.91,4698.25,4664.15,4695.27,,
1776042000,4695.27,4728.21,4693.26,4721.08,,
1776045600,4721.08,4727.86,4710.74,4720.07,,
1776049200,4720.07,4723.89,4711.73,4717.63,,
1776052800,4717.63,4724.84,4708.26,4723.14,,
1776056400,4723.14,4730.87,4715.85,4728.93,,
1776060000,4728.93,4732.63,4720.42,4725.17,,
1776063600,4725.17,4739.98,4724.33,4733.6,,
1776067200,4733.6,4738.6,4720.09,4723.31,,
1776070800,4723.31,4728.7,4710.41,4714.67,,
1776074400,4714.67,4723.86,4708.33,4721.99,,
1776078000,4721.99,4729.22,4702.96,4706.84,,
1776081600,4706.84,4725.1,4703.38,4723.57,,
1776085200,4723.57,4744.2,4720.72,4730.37,,
1776088800,4730.37,4730.66,4708.54,4718.66,,
1776092400,4718.66,4719.78,4699.99,4714.28,,
1776096000,4714.28,4745.94,4709.35,4733.16,,
1776099600,4733.16,4750.05,4725.63,4729.8,,
1776103200,4729.8,4740.77,4723.32,4738.25,,
1776106800,4738.25,4747.43,4730.57,4740.97,,
1776110400,4740.97,4743.91,4737.95,4741.96,,
1776117600,4741.96,4759.31,4741.96,4757.57,,
1776121200,4757.57,4765.61,4754.12,4757.36,,
1776124800,4757.36,4775.92,4751.15,4769.69,,
1776128400,4769.69,4777.19,4761.48,4765.04,,
1776132000,4765.04,4777.26,4761.62,4774.98,,
1776135600,4774.98,4775.43,4765.22,4768.17,,
1776139200,4768.17,4776.77,4766.89,4774.16,,
1776142800,4774.16,4774.25,4758.05,4760.08,,
1776146400,4760.08,4783.02,4760.05,4781.89,,
1776150000,4781.89,4796.53,4767.55,4777.12,,
1776153600,4777.12,4789.96,4774.04,4786.88,,
1776157200,4786.88,4789.31,4771.64,4778.01,,
1776160800,4778.01,4788.02,4751.27,4768.37,,
1776164400,4768.37,4783.11,4766.52,4774.83,,
1776168000,4774.83,4777.57,4762.04,4771.27,,
1776171600,4771.27,4803.62,4770.93,4794.69,,
1776175200,4794.69,4818.05,4792.84,4803.82,,
1776178800,4803.82,4816.27,4790.87,4808.13,,
1776182400,4808.13,4820.41,4805.06,4810.03,,
1776186000,4810.03,4841.38,4809.34,4834.98,,
1776189600,4834.98,4843.48,4830.94,4835.57,,
1776193200,4835.57,4846.34,4835.57,4844.98,,
1776196800,4844.98,4846.08,4839.47,4840.73,,
1776204000,4840.73,4850.77,4833.03,4834.75,,
1776207600,4834.75,4844.33,4833.57,4837.23,,
1776211200,4837.23,4840.12,4827.1,4835.2,,
1776214800,4835.2,4870.88,4827.99,4846.78,,
1776218400,4846.78,4853.33,4820.46,4823.83,,
1776222000,4823.83,4829.62,4816.78,4823.78,,
1776225600,4823.78,4827.79,4820.02,4824.96,,
1776229200,4824.96,4830.34,4812.3,4819.49,,
1776232800,4819.49,4824.96,4810.9,4811.49,,
1776236400,4811.49,4816.84,4803.66,4811.1,,
1776240000,4811.1,4820.98,4804.43,4818.48,,
1776243600,4818.48,4819.49,4785.84,4798.12,,
1776247200,4798.12,4805.27,4789.83,4799.94,,
1776250800,4799.94,4814.87,4795.53,4812.6,,
1776254400,4812.6,4816.26,4806.73,4811.58,,
1776258000,4811.58,4830.16,4808.14,4828.75,,
1776261600,4828.75,4830.52,4813.03,4815.51,,
1776265200,4815.51,4816.11,4786.68,4801.36,,
1776268800,4801.36,4812.72,4799.82,4803.71,,
1776272400,4803.71,4808.7,4790.53,4792.13,,
1776276000,4792.13,4802.04,4789.76,4799.56,,
1776279600,4799.56,4803.41,4794.38,4795.97,,
1776283200,4795.97,4796.65,4787.36,4790.69,,
1776290400,4790.69,4811.63,4790.53,4807.16,,
1776294000,4807.16,4826.5,4807.1,4823.15,,
1776297600,4823.15,4837.39,4819.99,4832.84,,
1776301200,4832.84,4835.89,4810.89,4817.64,,
1776304800,4817.64,4824.9,4812.01,4819.33,,
1776308400,4819.33,4826.79,4818.73,4823.69,,
1776312000,4823.69,4833.45,4822.46,4833.03,,
1776315600,4833.03,4838.45,4820.75,4820.92,,
1776319200,4820.92,4830.66,4814.01,4825.76,,
1776322800,4825.76,4830.91,4816.88,4821.04,,
1776326400,4821.04,4821.88,4806.16,4813.39,,
1776330000,4813.39,4818.04,4806.56,4812.85,,
1776333600,4812.85,4817.25,4804.98,4817.22,,
1776337200,4817.22,4822.51,4815.15,4822.16,,
1776340800,4822.16,4823.02,4811.5,4816.2,,
1776344400,4816.2,4823.92,4784.11,4794.87,,
1776348000,4794.87,4805.44,4771.98,4788.66,,
1776351600,4788.66,4812.8,4788.16,4806.86,,
1776355200,4806.86,4810.14,4785.12,4792.03,,
1776358800,4792.03,4795.42,4781.32,4789.13,,
1776362400,4789.13,4794.35,4785.63,4789.6,,
1776366000,4789.6,4798.54,4789.44,4793.3,,
1776369600,4793.3,4794.04,4786.29,4789.8,,
1776376800,4789.8,4797.72,4789.8,4795.18,,
1776380400,4795.18,4797.59,4791.3,4791.37,,
1776384000,4791.37,4801.11,4785.65,4794.71,,
1776387600,4794.71,4795.6,4767.24,4789.33,,
1776391200,4789.33,4794.64,4784.11,4784.74,,
1776394800,4784.74,4798.05,4784.71,4793.16,,
1776398400,4793.16,4804.58,4792.55,4802.8,,
1776402000,4802.8,4806.08,4793.77,4794.06,,
1776405600,4794.06,4795.35,4779.26,4784.89,,
1776409200,4784.89,4794.75,4778.65,4784.45,,
1776412800,4784.45,4797.03,4780.95,4795.83,,
1776416400,4795.83,4800.89,4790.04,4790.43,,
1776420000,4790.43,4793.98,4782.21,4787.42,,
1776423600,4787.42,4811.67,4783.42,4799.14,,
1776427200,4799.14,4847.7,4797.76,4846.31,,
1776430800,4846.31,4890.67,4834.86,4880.17,,
1776434400,4880.17,4885.41,4860.77,4873.13,,
1776438000,4873.13,4880.64,4854.47,4867.42,,
1776441600,4867.42,4873.55,4863.67,4867.08,,
1776445200,4867.08,4869.62,4853.49,4862.45,,
1776448800,4862.45,4867.91,4855.76,4857.76,,
1776452400,4857.76,4861.4,4852.61,4854.59,,
1776456000,4854.59,4854.89,4834.07,4835.36,,
1776636000,4835.36,4835.36,4761.89,4778.97,,
1776639600,4778.97,4779.2,4736.37,4754.69,,
1776643200,4754.69,4774.43,4744.11,4772.23,,
1776646800,4772.23,4814.22,4771.03,4807.33,,
1776650400,4807.33,4809.28,4792.96,4797.21,,
1776654000,4797.21,4798.34,4788.68,4790.91,,
1776657600,4790.91,4795.81,4786.8,4788.85,,
1776661200,4788.85,4796.1,4778.79,4790.91,,
1776664800,4790.91,4795.3,4783.8,4795.28,,
1776668400,4795.28,4805.75,4786.69,4789.67,,
1776672000,4789.67,4796.18,4785.95,4796.06,,
1776675600,4796.06,4797.89,4783.44,4791.52,,
1776679200,4791.52,4800.98,4789.78,4795.81,,
1776682800,4795.81,4810.78,4786.53,4810.39,,
1776686400,4810.39,4822.04,4799,4803.39,,
1776690000,4803.39,4826.31,4799.55,4817.91,,
1776693600,4817.91,4827.69,4791.99,4805.11,,
1776697200,4805.11,4809.38,4792.73,4799.69,,
1776700800,4799.69,4806.23,4792.69,4805.48,,
1776704400,4805.48,4812.09,4803.66,4806.64,,
1776708000,4806.64,4816.51,4806.64,4813.91,,
1776711600,4813.91,4821.39,4810.03,4814.23,,
1776715200,4814.23,4821.94,4812.04,4820.22,,
1776722400,4820.22,4833.46,4820.06,4827.94,,
1776726000,4827.94,4831.85,4819.68,4821.98,,
1776729600,4821.98,4830.56,4816.75,4823.79,,
1776733200,4823.79,4824.67,4805.57,4810.13,,
1776736800,4810.13,4810.52,4802.13,4806.96,,
1776740400,4806.96,4807.75,4792.39,4796.89,,
1776744000,4796.89,4797.96,4788.47,4789.23,,
1776747600,4789.23,4797,4782.76,4784.09,,
1776751200,4784.09,4790.61,4774.57,4778.29,,
1776754800,4778.29,4792.61,4772.53,4786.16,,
1776758400,4786.16,4793.14,4774.63,4785.92,,
1776762000,4785.92,4789.54,4780.96,4783.71,,
1776765600,4783.71,4790.41,4780.64,4789.68,,
1776769200,4789.68,4798.02,4774.96,4794.62,,
1776772800,4794.62,4797.03,4766.24,4778.72,,
1776776400,4778.72,4794.13,4760.9,4779.15,,
1776780000,4779.15,4782.54,4723.14,4738.89,,
1776783600,4738.89,4757.4,4727.73,4741.54,,
1776787200,4741.54,4746.88,4707.91,4710.86,,
1776790800,4710.86,4722.21,4696.93,4711.08,,
1776794400,4711.08,4714.73,4692.31,4709.21,,
1776798000,4709.21,4715.12,4667.88,4679.26,,
1776801600,4679.26,4720.58,4668.74,4719.8,,
1776808800,4719.8,4729.14,4715.13,4719.27,,
1776812400,4719.27,4740.47,4717.79,4737.72,,
1776816000,4737.72,4747.57,4737.72,4739.77,,
1776819600,4739.77,4754.74,4735.95,4751.98,,
1776823200,4751.98,4758.86,4749.71,4755.63,,
1776826800,4755.63,4765.13,4752.87,4757.88,,
1776830400,4757.88,4759.65,4751.99,4754.63,,
1776834000,4754.63,4771.91,4752.03,4767.58,,
1776837600,4767.58,4767.88,4758.65,4767.82,,
1776841200,4767.82,4772.3,4759.46,4760.52,,
1776844800,4760.52,4762.31,4751.74,4757.23,,
1776848400,4757.23,4762.47,4752.3,4755.17,,
1776852000,4755.17,4760.2,4745.61,4759.27,,
1776855600,4759.27,4760.81,4747.71,4750.27,,
1776859200,4750.27,4760.2,4742.59,4744.26,,
1776862800,4744.26,4760.86,4736.26,4752.89,,
1776866400,4752.89,4757.52,4729.75,4735.91,,
1776870000,4735.91,4740.23,4724.74,4727.43,,
1776873600,4727.43,4735.01,4723.79,4728.48,,
1776877200,4728.48,4739.57,4728.39,4737.2,,
1776880800,4737.2,4749.94,4729.77,4741.75,,
1776884400,4741.75,4745.49,4736.79,4739.97,,
1776888000,4739.97,4740.77,4734.46,4737.9,,
1776895200,4737.9,4746.34,4725.47,4725.99,,
1776898800,4725.99,4730,4723.18,4727.71,,
1776902400,4727.71,4753.38,4693.94,4747.83,,
1776906000,4747.83,4749.96,4722.37,4723.21,,
1776909600,4723.21,4724.85,4697.93,4698.76,,
1776913200,4698.76,4708.65,4697.96,4704,,
1776916800,4704,4707.13,4698.52,4704.35,,
1776920400,4704.35,4715.26,4691.8,4713.57,,
1776924000,4713.57,4721.68,4708.46,4713.02,,
1776927600,4713.02,4720.56,4703.08,4719.2,,
1776931200,4719.2,4725,4701.55,4703.23,,
1776934800,4703.23,4703.74,4694.6,4697.57,,
1776938400,4697.57,4701.62,4684.12,4696.48,,
1776942000,4696.48,4720.95,4695.13,4720.61,,
1776945600,4720.61,4743.17,4719.54,4740.01,,
1776949200,4740.01,4741.22,4723.56,4724.28,,
1776952800,4724.28,4736.57,4717.13,4733.42,,
1776956400,4733.42,4741.02,4716.18,4720.45,,
1776960000,4720.45,4737.08,4715.46,4732.98,,
1776963600,4732.98,4734.58,4663.86,4709.28,,
1776967200,4709.28,4722.28,4698.94,4700.84,,
1776970800,4700.84,4704.56,4689.33,4695.95,,
1776974400,4695.95,4698.24,4686.47,4692.44,,
1776981600,4692.44,4699.49,4689.75,4692.99,,
1776985200,4692.99,4700.48,4686.44,4694.92,,
1776988800,4694.92,4707.47,4690.66,4704.61,,
1776992400,4704.61,4711.14,4690.04,4699.52,,
1776996000,4699.52,4700.48,4672.68,4676.52,,
1776999600,4676.52,4678.34,4668.49,4671.95,,
1777003200,4671.95,4676.99,4657.69,4674.52,,
1777006800,4674.52,4687.48,4669.49,4686.42,,
1777010400,4686.42,4688.13,4666.87,4671.73,,
1777014000,4671.73,4695.09,4670.84,4694.34,,
1777017600,4694.34,4697.4,4684.85,4690.76,,
1777021200,4690.76,4696.72,4679.13,4681.92,,
1777024800,4681.92,4686.09,4674.37,4677.71,,
1777028400,4677.71,4717.41,4677.71,4706.89,,
1777032000,4706.89,4711.78,4690.25,4700.59,,
1777035600,4700.59,4717.45,4689.6,4711.46,,
1777039200,4711.46,4740.42,4706.85,4726.35,,
1777042800,4726.35,4733.41,4714.66,4727.05,,
1777046400,4727.05,4729.68,4718.97,4726.77,,
1777050000,4726.77,4729.99,4718.97,4723.34,,
1777053600,4723.34,4724.93,4716.85,4722.79,,
1777057200,4722.79,4726.1,4713.5,4716.1,,
1777060800,4716.1,4717.5,4705.05,4707.41,,
1777240800,4707.41,4707.41,4679.7,4684.2,,
1777244400,4684.2,4684.72,4674.69,4679.99,,
1777248000,4679.99,4698.09,4671.76,4697.67,,
1777251600,4697.67,4709.74,4690.92,4702.56,,
1777255200,4702.56,4723.23,4696.16,4718.1,,
1777258800,4718.1,4729.53,4714.06,4723.99,,
1777262400,4723.99,4729.83,4722.49,4724.89,,
1777266000,4724.89,4725.5,4708.51,4710.19,,
1777269600,4710.19,4715.64,4709.17,4712.66,,
1777273200,4712.66,4718.25,4709.77,4713.35,,
1777276800,4713.35,4714.6,4705.41,4706.75,,
1777280400,4706.75,4708.23,4699.25,4703.58,,
1777284000,4703.58,4710.97,4699.49,4708.7,,
1777287600,4708.7,4709.1,4700.06,4704.82,,
1777291200,4704.82,4712.45,4696.94,4699.24,,
1777294800,4699.24,4703.55,4688.91,4696.01,,
1777298400,4696.01,4696.76,4676.5,4678.11,,
1777302000,4678.11,4682.57,4667.07,4669.9,,
1777305600,4669.9,4679.63,4667.19,4676.73,,
1777309200,4676.73,4686.18,4668.35,4682.09,,
1777312800,4682.09,4685.51,4678.81,4680.63,,
1777316400,4680.63,4682.69,4676.55,4680.83,,
1777320000,4680.83,4682.29,4677.27,4681.97,,
1777327200,4681.97,4691.11,4681.83,4687.95,,
1777330800,4687.95,4695.24,4686.83,4691.6,,
1777334400,4691.6,4701.33,4690.32,4690.56,,
1777338000,4690.56,4691.57,4668.99,4670.23,,
1777341600,4670.23,4679.79,4666.19,4669.16,,
1777345200,4669.16,4675.86,4668,4671.06,,
1777348800,4671.06,4671.38,4666.31,4667.7,,
1777352400,4667.7,4668.06,4623.5,4632.25,,
1777356000,4632.25,4642.95,4623.15,4628.99,,
1777359600,4628.99,4639.24,4620.56,4632.92,,
1777363200,4632.92,4635.39,4614.37,4629.52,,
1777366800,4629.52,4630.06,4604.54,4604.84,,
1777370400,4604.84,4616.44,4603.13,4603.18,,
1777374000,4603.18,4608.88,4555.29,4562.49,,
1777377600,4562.49,4600.09,4554.82,4593.34,,
1777381200,4593.34,4594.3,4570.79,4580.32,,
1777384800,4580.32,4580.54,4557.07,4574.39,,
1777388400,4574.39,4586.36,4566.87,4586.24,,
1777392000,4586.24,4594.69,4577.69,4592.21,,
1777395600,4592.21,4601.39,4587.05,4594.75,,
1777399200,4594.75,4600.6,4591.87,4594.32,,
1777402800,4594.32,4600.05,4593.21,4595.39,,
1777406400,4595.39,4598.65,4591.07,4595.6,,
1777413600,4595.6,4599.1,4592.04,4594.08,,
1777417200,4594.08,4596.13,4587.4,4595.6,,
1777420800,4595.6,4610.25,4594.63,4600.27,,
1777424400,4600.27,4600.49,4575.63,4584.73,,
1777428000,4584.73,4604.18,4584.49,4593.67,,
1777431600,4593.67,4603.08,4591.96,4595.66,,
1777435200,4595.66,4605.72,4595.14,4604.94,,
1777438800,4604.94,4607.66,4590.73,4591.13,,
1777442400,4591.13,4598.64,4580.74,4584.41,,
1777446000,4584.41,4588.93,4567.24,4567.72,,
1777449600,4567.72,4576.68,4557.17,4573.11,,
1777453200,4573.11,4580.79,4551.42,4555.69,,
1777456800,4555.69,4576.55,4554.99,4569.74,,
1777460400,4569.74,4572.11,4559.05,4561.59,,
1777464000,4561.59,4568.99,4541.21,4544.86,,
1777467600,4544.86,4553.32,4509.97,4521.65,,
1777471200,4521.65,4542.72,4517.42,4539.38,,
1777474800,4539.38,4558.89,4536.07,4547.56,,
1777478400,4547.56,4564.93,4543.24,4545.39,,
1777482000,4545.39,4554.46,4541.5,4546.6,,
1777485600,4543.37,4552.56,4518.07,4538.05,,
1777489200,4538.05,4550.67,4533.16,4546.93,,
1777492800,4546.93,4553.62,4541.07,4544.25,,
1777500000,4544.25,4552.56,4538.96,4551.7,,
1777503600,4551.7,4562.08,4549.3,4561.53,,
1777507200,4561.53,4574.14,4556.3,4569.84,,
1777510800,4569.84,4582.39,4564.52,4579.02,,
1777514400,4579.02,4581.92,4559.87,4564.93,,
1777518000,4564.93,4569.08,4555.49,4555.84,,
1777521600,4555.84,4557.08,4540.72,4541.92,,
1777525200,4541.92,4569.7,4541.71,4562.59,,
1777528800,4562.59,4591.51,4560.03,4589.41,,
1777532400,4589.41,4605.47,4584.65,4598.45,,
1777536000,4598.45,4629.59,4597.26,4616.26,,
1777539600,4616.26,4631.87,4614.2,4625.15,,
1777543200,4625.15,4646.85,4623.53,4639.57,,
1777546800,4639.57,4645.71,4626.75,4630.13,,
1777550400,4630.13,4640.05,4624.07,4639.52,,
1777554000,4639.52,4645.99,4610.44,4610.7,,
1777557600,4610.7,4625.94,4609.03,4619.69,,
1777561200,4619.69,4625.5,4611.28,4615.36,,
1777564800,4615.36,4617.72,4605.27,4607.59,,
1777568400,4607.59,4621.75,4607.4,4616.86,,
1777572000,4616.86,4625.17,4616.66,4622.36,,
1777575600,4622.36,4627.37,4614.32,4617.18,,
1777579200,4617.18,4622.53,4615.44,4621.72,,
1777586400,4621.72,4632.94,4621.72,4630.05,,
1777590000,4630.05,4634.13,4626.22,4626.46,,
1777593600,4626.46,4630.96,4618.2,4619.49,,
1777597200,4619.49,4622.15,4613.82,4620.86,,
1777600800,4620.86,4636.15,4616.25,4619.23,,
1777604400,4619.23,4632.01,4617.52,4626.51,,
1777608000,4626.51,4628.63,4608.78,4608.96,,
1777611600,4608.96,4616.11,4602.77,4604.71,,
1777615200,4604.71,4607.89,4590.56,4594.62,,
1777618800,4594.62,4598.08,4575.84,4578.07,,
1777622400,4578.07,4582.47,4564.71,4568.92,,
1777626000,4568.92,4572.96,4560.01,4562.72,,
1777629600,4562.72,4576.09,4561.29,4566.88,,
1777633200,4566.88,4579.56,4562.38,4578.73,,
1777636800,4578.73,4607.83,4574.87,4590.87,,
1777640400,4590.87,4628.76,4586.44,4625.22,,
1777644000,4625.22,4660.33,4623.65,4632.08,,
1777647600,4632.08,4647.86,4618.82,4643.11,,
1777651200,4643.11,4649.89,4633.64,4638.67,,
1777654800,4638.67,4642.66,4626.7,4629.39,,
1777658400,4629.39,4630.63,4613.62,4624.36,,
1777662000,4624.36,4627.72,4608.75,4610.79,,
1777665600,4610.79,4615.71,4606.79,4613.29,,
1777845600,4613.29,4629.36,4612.11,4618.6,,
1777849200,4618.6,4620.67,4610.98,4613.56,,
1777852800,4613.56,4616.38,4601.58,4612.79,,
1777856400,4612.79,4613.97,4592.51,4612.9,,
1777860000,4612.9,4618.69,4590.79,4605.68,,
1777863600,4605.68,4617.13,4598.23,4615.05,,
1777867200,4615.05,4615.54,4605.14,4605.98,,
1777870800,4605.98,4612.86,4592,4598.89,,
1777874400,4598.89,4600.68,4583.79,4588.64,,
1777878000,4588.64,4593.44,4577.48,4579.03,,
1777881600,4579.03,4581.42,4573.52,4576.97,,
1777885200,4576.97,4584.59,4571.63,4575.41,,
1777888800,4575.41,4575.9,4526.09,4562.58,,
1777892400,4562.58,4570.69,4551.11,4560.29,,
1777896000,4560.29,4579.27,4558.95,4568.22,,
1777899600,4568.22,4576.08,4555.33,4563.69,,
1777903200,4563.69,4583.16,4553.16,4561.5,,
1777906800,4561.5,4566.09,4512.31,4521.47,,
1777910400,4521.47,4526.89,4500.45,4510.64,,
1777914000,4510.64,4531.53,4510.64,4522.25,,
1777917600,4522.25,4525.37,4509.76,4516.17,,
1777921200,4516.17,4527.23,4511.23,4517.5,,
1777924800,4517.5,4523.5,4511.54,4521.82,,
1777932000,4521.82,4524.36,4515.25,4517.18,,
1777935600,4517.18,4521.64,4515.67,4519.07,,
1777939200,4519.07,4530.33,4513.14,4529.61,,
1777942800,4529.61,4542.04,4525.2,4541.03,,
1777946400,4541.03,4546.82,4534.38,4539.04,,
1777950000,4539.04,4542.73,4532.25,4534.62,,
1777953600,4534.62,4536.48,4527.82,4533.63,,
1777957200,4533.63,4551.73,4531.09,4545.75,,
1777960800,4545.75,4551.87,4533.59,4548.08,,
1777964400,4548.08,4558.3,4543.32,4545.62,,
1777968000,4545.62,4559.46,4545.41,4558.33,,
1777971600,4558.33,4560.43,4550.94,4556.12,,
1777975200,4556.12,4556.87,4540.15,4543.7,,
1777978800,4543.7,4564.94,4539.79,4562.85,,
1777982400,4562.85,4574.24,4554.11,4564.34,,
1777986000,4564.34,4584.99,4564.3,4578.87,,
1777989600,4578.87,4586.71,4565.61,4582.37,,
1777993200,4582.37,4583.82,4568.26,4568.47,,
1777996800,4568.47,4569.01,4553.56,4561.19,,
1778000400,4561.19,4562.69,4553.19,4559.87,,
1778004000,4559.87,4565.81,4557.52,4560.89,,
1778007600,4560.89,4561.57,4551.47,4554.91,,
1778011200,4554.91,4560.08,4553.88,4556.5,,
1778018400,4556.5,4576.87,4545.95,4573.31,,
1778022000,4573.31,4595.65,4569.22,4593.98,,
1778025600,4593.98,4619.97,4587.95,4618.61,,
1778029200,4618.61,4628.81,4609.35,4625.76,,
1778032800,4625.76,4641.85,4625.1,4640.91,,
1778036400,4640.91,4652.03,4638.34,4643.54,,
1778040000,4643.54,4653.53,4643.23,4649.05,,
1778043600,4649.05,4663.89,4644.43,4663.09,,
1778047200,4663.09,4669.83,4656.97,4669.27,,
1778050800,4669.27,4681.85,4657.3,4681.27,,
1778054400,4681.27,4702.96,4671.67,4700.15,,
1778058000,4700.15,4708.52,4689.04,4701.63,,
1778061600,4701.63,4723.09,4695.41,4717.79,,
1778065200,4717.79,4721.28,4690.9,4691.83,,
1778068800,4691.83,4693.04,4660.21,4683.04,,
1778072400,4683.04,4707.66,4668.74,4702.05,,
1778076000,4702.05,4717.49,4697.56,4703.06,,
1778079600,4703.06,4705.79,4687.7,4687.7,,
1778083200,4687.7,4692.05,4679.49,4683.01,,
1778086800,4683.01,4688.06,4678.98,4684.11,,
1778090400,4684.11,4690.56,4681.83,4686.09,,
1778094000,4686.09,4700.13,4685.98,4692.48,,
1778097600,4692.48,4699.54,4685.17,4691.11,,
1778104800,4691.11,4700.05,4689.11,4694.81,,
1778108400,4694.81,4699.41,4689.97,4699.03,,
1778112000,4699.03,4701.19,4685.15,4688.68,,
1778115600,4688.68,4721.53,4684.94,4714.81,,
1778119200,4714.81,4718.67,4699.47,4707.03,,
1778122800,4707.03,4709.68,4698.99,4699.24,,
1778126400,4699.24,4700.98,4692.04,4696.47,,
1778130000,4696.47,4706.6,4694.4,4701.07,,
1778133600,4701.07,4749.93,4700.83,4739.24,,
1778137200,4739.24,4750.61,4731.42,4743.21,,
1778140800,4743.21,4753.44,4730.56,4731,,
1778144400,4731,4739.4,4721.65,4729.13,,
1778148000,4729.13,4739.67,4726.5,4735.64,,
1778151600,4735.64,4743.7,4727.18,4742.74,,
1778155200,4742.74,4752.63,4732.83,4750.15,,
1778158800,4750.15,4758.1,4731.1,4746.1,,
1778162400,4746.1,4763.38,4740.79,4762.57,,
1778166000,4762.57,4764.78,4726.3,4729.13,,
1778169600,4729.13,4729.62,4704.08,4715.04,,
1778173200,4715.04,4719.62,4687.8,4711.43,,
1778176800,4711.43,4716.13,4695.41,4709.55,,
1778180400,4709.55,4712.95,4697.68,4702.85,,
1778184000,4702.85,4719,4684.58,4685.5,,
1778191200,4685.5,4699.48,4681.53,4685.5,,
1778194800,4685.5,4705.48,4684.24,4704.14,,
1778198400,4704.14,4709.39,4693.84,4701.24,,
1778202000,4701.24,4725.52,4700.53,4722.74,,
1778205600,4722.74,4732.69,4706.75,4713.47,,
1778209200,4713.47,4731.02,4711.03,4719.51,,
1778212800,4719.51,4723.28,4708.68,4711.1,,
1778216400,4711.1,4731.1,4709.25,4727.3,,
1778220000,4727.3,4734.65,4712.33,4725.53,,
1778223600,4725.53,4726.44,4696.67,4707.72,,
1778227200,4707.72,4723.55,4706.53,4715.65,,
1778230800,4715.65,4722.85,4707.4,4711.76,,
1778234400,4711.76,4727.98,4710.96,4719.65,,
1778238000,4719.65,4727.35,4713.6,4717.72,,
1778241600,4717.72,4731.97,4702.72,4724.24,,
1778245200,4724.24,4747.77,4715.99,4747.55,,
1778248800,4747.55,4749.46,4713.29,4715.85,,
1778252400,4715.85,4720.92,4701.95,4707.09,,
1778256000,4707.09,4720.27,4705.51,4712.5,,
1778259600,4712.5,4722.73,4712.2,4720.73,,
1778263200,4720.73,4728.95,4719.83,4721.93,,
1778266800,4721.93,4726.88,4720.83,4724.05,,
1778270400,4724.05,4724.23,4714.89,4715.93,,
1778450400,4715.93,4715.93,4678.48,4691.79,,
1778454000,4691.79,4698.8,4688.33,4691.65,,
1778457600,4691.65,4693.39,4669.8,4683.14,,
1778461200,4683.14,4705.59,4674.25,4685.42,,
1778464800,4685.42,4700.23,4676.44,4681.73,,
1778468400,4681.73,4690.45,4675.29,4678.47,,
1778472000,4678.47,4679.81,4668.21,4671.97,,
1778475600,4671.97,4680.83,4647.64,4652.15,,
1778479200,4652.15,4680.46,4649.18,4678.51,,
1778482800,4678.51,4680.33,4664.1,4667.6,,
1778486400,4667.6,4678.73,4664.14,4667.65,,
1778490000,4667.65,4670.05,4650.43,4656.9,,
1778493600,4656.9,4667.51,4656.36,4664.03,,
1778497200,4664.03,4677.31,4663.96,4674.53,,
1778500800,4674.53,4701.06,4667.33,4700.07,,
1778504400,4700.07,4748.56,4698.58,4735.72,,
1778508000,4735.72,4738.15,4714.97,4725.5,,
1778511600,4725.5,4738.24,4722.75,4732.02,,
1778515200,4732.02,4733.63,4707.88,4716.34,,
1778518800,4716.34,4724.67,4715.84,4723.73,,
1778522400,4723.73,4729.34,4720.95,4724.89,,
1778526000,4724.89,4736.22,4722.38,4733.62,,
1778529600,4733.62,4738.53,4729.75,4735.26,,
1778536800,4735.26,4755.28,4735.26,4750.88,,
1778540400,4750.88,4770.27,4745.84,4767.21,,
1778544000,4767.21,4773.54,4748.4,4749.23,,
1778547600,4749.23,4755.47,4720.17,4727.1,,
1778551200,4727.1,4733.94,4721.97,4730.11,,
1778554800,4730.11,4733.43,4717.64,4720.24,,
1778558400,4720.24,4730.47,4710.62,4713.97,,
1778562000,4713.97,4722.29,4708.58,4713.93,,
1778565600,4713.93,4714.02,4694.47,4696.89,,
1778569200,4696.89,4703.77,4686.54,4699.75,,
1778572800,4699.75,4706.79,4697.06,4703.3,,
1778576400,4703.3,4705.14,4694.06,4699.46,,
1778580000,4699.46,4708.5,4684.45,4694.44,,
1778583600,4694.44,4709.21,4686.97,4706.44,,
1778587200,4706.44,4711.44,4689.31,4705.59,,
1778590800,4705.59,4708.81,4676.54,4679.15,,
1778594400,4679.15,4694.93,4669.04,4672.89,,
1778598000,4672.89,4676.07,4637.87,4665.98,,
1778601600,4665.98,4675.04,4664.19,4671.18,,
1778605200,4671.18,4682.27,4671.15,4678.81,,
1778608800,4678.81,4698.09,4675.93,4695.86,,
1778612400,4695.86,4715.76,4695.86,4715.58,,
1778616000,4715.58,4719.4,4711.89,4714.26,,
1778623200,4714.26,4722.41,4711.76,4716.87,,
1778626800,4716.87,4723.99,4714.64,4717.13,,
1778630400,4717.13,4726.26,4714.01,4714.9,,
1778634000,4714.9,4717.39,4700.95,4702.48,,
1778637600,4702.48,4707.53,4687.28,4691.97,,
1778641200,4691.97,4705.84,4688.96,4696.04,,
1778644800,4696.04,4703.35,4695.34,4699.48,,
1778648400,4699.48,4707.31,4693.41,4704.16,,
1778652000,4704.16,4715.3,4698.99,4701.9,,
1778655600,4701.9,4708.91,4696.86,4702.78,,
1778659200,4702.78,4704.17,4694.32,4700.6,,
1778662800,4700.6,4701.95,4685.81,4700.98,,
1778666400,4700.98,4710.65,4693.65,4694.18,,
1778670000,4694.18,4705.55,4691.49,4697.38,,
1778673600,4697.38,4701.6,4675.81,4683.75,,
1778677200,4683.75,4694.62,4669.44,4679.38,,
1778680800,4679.38,4690.88,4672.89,4679.75,,
1778684400,4679.75,4700.16,4678.87,4695.34,,
1778688000,4695.34,4709.88,4694.93,4695.73,,
1778691600,4695.73,4701.23,4684.45,4685.54,,
1778695200,4685.54,4694.02,4677.36,4685.01,,
1778698800,4685.01,4690.42,4683.28,4688.06,,
1778702400,4688.06,4693.24,4685.92,4687.55,,
1778709600,4687.55,4700.53,4687.55,4700.01,,
1778713200,4700.01,4702.13,4692.96,4696.57,,
1778716800,4696.57,4706.57,4689.19,4704.94,,
1778720400,4704.94,4706.9,4683.41,4688.8,,
1778724000,4688.8,4699.71,4679.57,4686.08,,
1778727600,4686.08,4693.22,4673.76,4675.05,,
1778731200,4675.05,4712.69,4667.87,4702.28,,
1778734800,4702.28,4704.13,4688.85,4689.94,,
1778738400,4689.94,4702.48,4686.06,4700.09,,
1778742000,4700.09,4718.65,4690.63,4693.25,,
1778745600,4693.25,4706.62,4691.83,4693.33,,
1778749200,4693.33,4702.54,4688.12,4699.5,,
1778752800,4699.5,4705.4,4691.07,4696.88,,
1778756400,4696.88,4704.84,4689.38,4694.01,,
1778760000,4694.01,4710.04,4692.23,4704.75,,
1778763600,4704.75,4707.78,4666.13,4679.54,,
1778767200,4679.54,4700.87,4677.26,4679.44,,
1778770800,4679.44,4689.52,4677.02,4685.57,,
1778774400,4685.57,4686.56,4670.41,4678.52,,
1778778000,4678.52,4682.9,4676.3,4678.23,,
1778781600,4678.23,4678.37,4666.61,4671.54,,
1778785200,4671.54,4671.82,4652.99,4654.24,,
1778788800,4654.24,4656.97,4644.24,4650.02,,
1778796000,4650.02,4662.7,4646.98,4662.37,,
1778799600,4662.37,4665.43,4646.42,4652.14,,
1778803200,4652.14,4658.34,4613.31,4630.07,,
1778806800,4630.07,4631.39,4607.16,4614.2,,
1778810400,4614.2,4623.41,4609.31,4618.09,,
1778814000,4618.09,4622.33,4607.5,4615.29,,
1778817600,4615.29,4621.41,4604.24,4606.17,,
1778821200,4606.17,4606.46,4557.23,4558.44,,
1778824800,4558.44,4580.38,4556.07,4569.8,,
1778828400,4569.8,4588.78,4565.93,4570.78,,
1778832000,4570.78,4572.16,4549.82,4554.46,,
1778835600,4554.46,4563.72,4531.83,4545.77,,
1778839200,4545.77,4572.63,4544.16,4565.99,,
1778842800,4565.99,4570.21,4549.82,4552.03,,
1778846400,4552.03,4558.77,4543.57,4545.96,,
1778850000,4545.96,4557.48,4510.51,4533.36,,
1778853600,4533.36,4566.45,4525.21,4562.63,,
1778857200,4562.63,4563.59,4533.69,4540.01,,
1778860800,4540.01,4548.14,4529.24,4544.32,,
1778864400,4544.32,4564.37,4543.12,4559.44,,
1778868000,4559.44,4562.9,4552.4,4559.24,,
1778871600,4559.24,4560.19,4544.86,4545.91,,
1778875200,4545.91,4546.43,4532.83,4539.99,,
1779055200,4539.99,4554.78,4528.37,4546.05,,
1779058800,4546.09,4547.6,4531.54,4536.68,,
1779062400,4536.68,4541.96,4480.04,4515.66,,
1779066000,4515.66,4535.56,4489.22,4525.55,,
1779069600,4525.55,4542.61,4522.03,4533.51,,
1779073200,4533.51,4547.76,4525.23,4541.17,,
1779076800,4541.17,4549.63,4530.06,4540.63,,
1779080400,4540.63,4551.58,4529.77,4531.1,,
1779084000,4531.1,4548.22,4530.03,4546.71,,
1779087600,4546.71,4559.81,4538.27,4546.17,,
1779091200,4546.17,4556.99,4542.37,4549.78,,
1779094800,4549.78,4551.92,4540.41,4543.1,,
1779098400,4543.1,4547.51,4532.01,4540.23,,
1779102000,4540.23,4566.75,4529.98,4550.73,,
1779105600,4550.73,4574.63,4545.36,4571.13,,
1779109200,4571.13,4584.2,4561.88,4575.59,,
1779112800,4575.59,4575.59,4537.77,4546.4,,
1779116400,4546.4,4547.98,4531.66,4543.53,,
1779120000,4543.53,4554.47,4533.94,4550.02,,
1779123600,4550.02,4558.21,4545.45,4546.86,,
1779127200,4546.86,4547.83,4534.08,4535.73,,
1779130800,4535.73,4564.46,4535.14,4558.38,,
1779134400,4558.38,4566.83,4557.8,4566.83,,
1779141600,4566.83,4578.28,4566.83,4573.63,,
1779145200,4573.63,4588.62,4573.44,4581.79,,
1779148800,4581.79,4589,4561.44,4563.33,,
1779152400,4563.33,4572.26,4553.81,4563.42,,
1779156000,4563.42,4563.42,4545.48,4547.17,,
1779159600,4547.17,4554.95,4543.54,4544.99,,
1779163200,4544.99,4545.63,4537.83,4542.44,,
1779166800,4542.44,4546.44,4530.47,4540.45,,
1779170400,4540.45,4553.94,4533.36,4547.94,,
1779174000,4547.94,4559.35,4541.36,4557.06,,
1779177600,4557.06,4559.06,4536.07,4542.73,,
1779181200,4542.73,4546.82,4535.93,4541.66,,
1779184800,4541.66,4544.66,4525.38,4544.66,,
1779188400,4544.66,4547.85,4529.68,4530.73,,
1779192000,4530.73,4547.1,4527.43,4537.03,,
1779195600,4537.03,4537.29,4464.54,4503.61,,
1779199200,4503.61,4513.99,4484.56,4494,,
1779202800,4494,4509.31,4489.82,4508.37,,
1779206400,4508.37,4512.5,4496.3,4507.77,,
1779210000,4507.77,4511.1,4499.08,4500.69,,
1779213600,4500.69,4503.85,4490.13,4493.48,,
1779217200,4493.48,4497.68,4481.05,4483.15,,
1779220800,4483.15,4488.15,4480.82,4482.1,,
1779228000,4482.1,4485.93,4477.07,4483.94,,
1779231600,4483.94,4496.51,4479.42,4489.02,,
1779235200,4489.02,4508.86,4479.24,4500.82,,
1779238800,4500.82,4506.1,4455.67,4480.99,,
1779242400,4480.99,4487.01,4458.27,4465.45,,
1779246000,4465.45,4467.2,4453.18,4463.74,,
1779249600,4463.74,4470.65,4456.47,4462.12,,
1779253200,4462.12,4479.32,4461.34,4472.75,,
1779256800,4472.75,4478.37,4461.45,4474.23,,
1779260400,4474.23,4486.01,4471.77,4478.62,,
1779264000,4478.62,4490.16,4476.61,4483.69,,
1779267600,4483.69,4491.17,4472.45,4484.75,,
1779271200,4484.75,4496.98,4484.5,4494.45,,
1779274800,4494.45,4501.08,4490.74,4499.06,,
1779278400,4499.06,4505.33,4492.74,4496.18,,
1779282000,4496.18,4506.16,4481.99,4482.99,,
1779285600,4482.99,4537.23,4466.96,4531.23,,
1779289200,4531.23,4553.13,4523.04,4529.11,,
1779292800,4529.11,4535.5,4524.03,4534.35,,
1779296400,4534.35,4538.2,4529.82,4531.07,,
1779300000,4531.07,4545.13,4528.82,4542.27,,
1779303600,4542.27,4550.27,4541.65,4545.53,,
1779307200,4545.53,4550.45,4542.09,4543.11,,
1779314400,4543.11,4547.19,4534.98,4539.99,,
1779318000,4539.99,4547.18,4534.43,4546.47,,
1779321600,4546.47,4553.37,4536.97,4544.89,,
1779325200,4544.89,4570.7,4539.51,4560.61,,
1779328800,4560.61,4564.74,4531.37,4532.79,,
1779332400,4532.79,4540.13,4526.92,4528.27,,
1779336000,4528.27,4540.51,4527.06,4538.47,,
1779339600,4538.47,4540.45,4518.02,4528.01,,
1779343200,4528.01,4539.94,4518.78,4521.58,,
1779346800,4521.58,4524.36,4511.69,4519.55,,
1779350400,4519.55,4536.76,4518.09,4532.44,,
1779354000,4532.44,4542.84,4527.67,4530.5,,
1779357600,4530.5,4535.4,4504.6,4511.62,,
1779361200,4511.62,4521.24,4508.02,4514.09,,
1779364800,4514.09,4519.26,4501.59,4504.02,,
1779368400,4504.02,4520.95,4488.39,4512.94,,
1779372000,4512.94,4515.32,4497.92,4508.86,,
1779375600,4508.86,4515.45,4496.65,4511.91,,
1779379200,4511.91,4520.86,4511.91,4519.38,,
1779382800,4519.38,4559.26,4514.05,4551.38,,
1779386400,4551.38,4556.13,4527.14,4531.89,,
1779390000,4531.89,4543.74,4529.55,4543.06,,
1779393600,4543.06,4544.72,4539.64,4542.57,,
1779400800,4542.57,4545.64,4539.26,4543.21,,
1779404400,4543.21,4544.91,4532.09,4535.42,,
1779408000,4535.42,4541.24,4525.28,4526.63,,
1779411600,4526.63,4536.22,4521.1,4526.45,,
1779415200,4526.45,4529.41,4518.03,4523.25,,
1779418800,4523.25,4530.11,4519,4529.27,,
1779422400,4529.27,4532.89,4525.3,4527.08,,
1779426000,4527.08,4534.31,4506.9,4511.11,,
1779429600,4511.11,4528.69,4509.78,4526.89,,
1779433200,4526.89,4527.45,4516.04,4521.66,,
1779436800,4521.66,4531.14,4516.91,4521.75,,
1779440400,4521.75,4535.9,4514.54,4532.05,,
1779444000,4532.05,4536.85,4510.08,4514.51,,
1779447600,4514.51,4525.03,4511.34,4520.62,,
1779451200,4520.62,4535.85,4515.04,4528.2,,
1779454800,4528.2,4534.26,4510.19,4513.35,,
1779458400,4513.35,4513.4,4490.37,4500.48,,
1779462000,4500.48,4522.27,4500.22,4519.8,,
1779465600,4519.8,4526.67,4512.12,4514.88,,
1779469200,4514.88,4527.92,4512.91,4519.17,,
1779472800,4519.17,4520.27,4511.6,4515.2,,
1779476400,4515.2,4515.91,4504.15,4508.22,,
1779480000,4508.22,4510.45,4504.08,4504.33,,
1779660000,4504.33,4565.6,4504.33,4565.03,,
1779663600,4565.03,4580.24,4564.71,4567.02,,
1779667200,4567.02,4579.49,4565.84,4569.07,,
1779670800,4569.07,4576,4560.11,4562.9,,
1779674400,4562.9,4570.26,4558.83,4561.05,,
1779678000,4561.05,4564.38,4556.57,4559.65,,
1779681600,4559.65,4565.87,4559.21,4564.84,,
1779685200,4564.84,4566.15,4551.92,4553.41,,
1779688800,4553.41,4563.3,4550.37,4562.48,,
1779692400,4562.48,4565.11,4552.1,4564.64,,
1779696000,4564.64,4564.84,4553.06,4556,,
1779699600,4556,4569.15,4554.84,4567.56,,
1779703200,4567.56,4573.62,4567.56,4568.52,,
1779706800,4568.52,4577.02,4567.44,4569.25,,
1779710400,4569.25,4570.26,4552.94,4567.69,,
1779714000,4567.69,4571.34,4560.09,4563.04,,
1779717600,4563.04,4570.59,4562.29,4566.81,,
1779721200,4566.81,4574.82,4565.64,4570.89,,
1779724800,4570.89,4574.66,4567.85,4573.48,,
1779728400,4573.48,4578.15,4562.97,4565.06,,
1779732000,4565.06,4571.58,4564.29,4570.26,,
1779739200,4570.26,4572.91,4570.26,4572.26,,
1779746400,4572.26,4576.54,4569.32,4574.73,,
1779750000,4574.73,4580.44,4554.74,4559.63,,
1779753600,4559.63,4560.33,4539.11,4549.2,,
1779757200,4549.2,4550.33,4527.34,4536.85,,
1779760800,4536.85,4539.52,4530.04,4532.37,,
1779764400,4532.37,4545.49,4532.07,4542.45,,
1779768000,4542.45,4543.13,4523.3,4525.49,,
1779771600,4525.49,4535.22,4522.96,4527.22,,
1779775200,4527.22,4536.2,4526.88,4530.86,,
1779778800,4530.86,4539.1,4521.61,4538.23,,
1779782400,4538.23,4539.16,4519.94,4523.79,,
1779786000,4523.79,4526.48,4511.99,4522.52,,
1779789600,4522.52,4540.57,4519.3,4534.26,,
1779793200,4534.26,4536.41,4503.05,4507.16,,
1779796800,4507.16,4523.65,4500.22,4520.23,,
1779800400,4520.23,4531.35,4511.91,4513.85,,
1779804000,4513.85,4524.95,4507.69,4515.29,,
1779807600,4515.29,4515.63,4502.4,4506.54,,
1779811200,4506.54,4511.39,4499.68,4504.9,,
1779814800,4504.9,4507.63,4489.5,4491.04,,
1779818400,4491.04,4499.42,4481.77,4499.06,,
1779822000,4499.06,4509.97,4497.6,4508.85,,
1779825600,4508.85,4511.03,4503.88,4506.59,,
1779832800,4506.59,4513.88,4497.06,4510.63,,
1779836400,4510.63,4527.45,4503.96,4519.63,,
1779840000,4519.63,4525.76,4513.67,4515.14,,
1779843600,4515.14,4521.05,4506.64,4507.88,,
1779847200,4507.88,4509.5,4497.66,4505.78,,
1779850800,4505.78,4511.74,4496.38,4496.62,,
1779854400,4496.62,4517.3,4495.47,4509.92,,
1779858000,4509.92,4513.8,4491.55,4497.36,,
1779861600,4497.36,4499.23,4479.37,4485.23,,
1779865200,4485.23,4489.4,4475.43,4481.99,,
1779868800,4481.99,4498.66,4481.1,4497.68,,
1779872400,4497.68,4497.69,4486.72,4490.02,,
1779876000,4490.02,4490.48,4442.45,4445.81,,
1779879600,4445.81,4453.37,4424.76,4428.6,,
1779883200,4428.6,4466.59,4427.36,4438.71,,
1779886800,4438.71,4438.93,4401.19,4427.38,,
1779890400,4427.38,4455.37,4425.96,4433.89,,
1779894000,4433.89,4441.61,4428.14,4436.39,,
1779897600,4436.39,4453.28,4434.18,4450.64,,
1779901200,4450.64,4454.29,4441.25,4450.38,,
1779904800,4450.38,4458.24,4447.76,4454.22,,
1779908400,4454.22,4454.8,4448.86,4450.98,,
1779912000,4450.98,4458.91,4449.86,4455.48,,
1779919200,4455.48,4465.78,4454.74,4457.06,,
1779922800,4457.06,4457.82,4443.49,4446.95,,
1779926400,4446.95,4457.82,4443.55,4457.03,,
1779930000,4457.03,4458.81,4406.6,4409.65,,
1779933600,4409.65,4412.64,4392.49,4394.37,,
1779937200,4394.37,4397.98,4368.21,4374.74,,
1779940800,4374.74,4382.19,4365.85,4372.76,,
1779944400,4372.76,4395.65,4366.94,4388.05,,
1779948000,4388.05,4390.34,4373.91,4383.5,,
1779951600,4383.5,4396.47,4382.64,4387.52,,
1779955200,4387.52,4395.03,4385.58,4386.9,,
1779958800,4386.9,4399.05,4386.18,4393.44,,
1779962400,4393.44,4404.23,4374.84,4382.95,,
1779966000,4382.95,4390.59,4380.84,4388.03,,
1779969600,4388.03,4433.78,4379.47,4432.1,,
1779973200,4432.1,4439.02,4417.97,4430.12,,
1779976800,4430.12,4480.35,4420.36,4469.76,,
1779980400,4469.76,4484.88,4468.64,4482.09,,
1779984000,4482.09,4511.04,4477.82,4510.97,,
1779987600,4510.97,4514.52,4501.1,4508.79,,
1779991200,4508.79,4516.43,4498.37,4501.31,,
1779994800,4501.31,4503.69,4497.16,4497.67,,
1779998400,4497.67,4500.7,4494.32,4495.4,,
1780005600,4495.4,4498.73,4490.91,4491.4,,
1780009200,4491.4,4497.13,4488.92,4495.18,,
1780012800,4495.18,4500.53,4491.9,4496.17,,
1780016400,4496.17,4520.83,4492.53,4506.26,,
1780020000,4506.26,4511.14,4498.26,4501.59,,
1780023600,4501.59,4501.87,4494.7,4501.45,,
1780027200,4501.45,4515.05,4501.22,4513.94,,
1780030800,4513.94,4515.69,4502.55,4515.01,,
1780034400,4515.01,4524.11,4509.85,4523.62,,
1780038000,4523.62,4526.22,4510.74,4524.78,,
1780041600,4524.78,4524.94,4510,4515.08,,
1780045200,4515.08,4539.82,4513.18,4531.11,,
1780048800,4531.11,4543.13,4525.44,4538.54,,
1780052400,4538.54,4540.42,4525.84,4538.35,,
1780056000,4538.35,4538.54,4512.46,4523.16,,
1780059600,4523.16,4540.72,4516.9,4536.64,,
1780063200,4536.64,4570.64,4525.25,4564.05,,
1780066800,4564.05,4595.32,4557.5,4571.15,,
1780070400,4571.15,4573.52,4559.79,4566.78,,
1780074000,4566.78,4568.41,4551.42,4553.39,,
1780077600,4553.39,4561.52,4550.69,4553.32,,
1780081200,4553.32,4560.11,4542.77,4545.72,,
1780084800,4545.72,4549.16,4541.01,4543.42,,
1780264800,4543.42,4543.42,4517.57,4535.22,,
1780268400,4535.22,4545.88,4534.61,4539.15,,
1780272000,4539.15,4546.14,4535.23,4540.55,,
1780275600,4540.55,4541.48,4523.71,4525.14,,
1780279200,4525.14,4534.63,4521.09,4521.56,,
1780282800,4521.56,4525.54,4509.53,4516.28,,
1780286400,4516.28,4519.78,4507.94,4514.44,,
1780290000,4514.44,4525.36,4512.58,4517.85,,
1780293600,4517.85,4518.62,4500.1,4501.55,,
1780297200,4501.55,4510.11,4492.3,4502.99,,
1780300800,4502.99,4504.4,4489.96,4497.96,,
1780304400,4497.96,4506.33,4489.01,4495.78,,
1780308000,4495.78,4510.97,4495.73,4503.85,,
1780311600,4503.85,4512.9,4499.76,4505.73,,
1780315200,4505.73,4510.35,4497.34,4502.01,,
1780318800,4502.01,4503.86,4448.2,4449.69,,
1780322400,4449.69,4464.81,4447.65,4458.7,,
1780326000,4458.7,4479.71,4455.09,4473.93,,
1780329600,4473.93,4482.06,4462.81,4479.96,,
1780333200,4479.96,4495.51,4471.49,4487.31,,
1780336800,4487.31,4490.03,4484.73,4486.53,,
1780340400,4486.53,4488.24,4478.95,4481.12,,
1780344000,4481.12,4485.72,4480.05,4484.53,,
1780351200,4484.53,4486.42,4479.5,4485.34,,
1780354800,4485.34,4488.23,4478.95,4484.45,,
1780358400,4484.45,4497.13,4476.39,4481.2,,
1780362000,4481.2,4492.42,4462.79,4473.92,,
1780365600,4473.92,4486.53,4472.15,4486.09,,
1780369200,4486.09,4499.59,4485.56,4499.36,,
1780372800,4499.36,4518.38,4497.74,4517.57,,
1780376400,4517.57,4528.16,4515.13,4517.07,,
1780380000,4517.07,4538.59,4516.97,4535.85,,
1780383600,4535.85,4541.65,4527.89,4534.94,,
1780387200,4534.94,4539.23,4525.97,4526.66,,
1780390800,4526.66,4535.74,4520.99,4529.83,,
1780394400,4529.83,4533.89,4524.48,4533.02,,
1780398000,4533.02,4534.6,4525.46,4527.56,,
1780401600,4527.56,4534.05,4513.41,4514.65,,
1780405200,4514.65,4524.77,4502.24,4502.24,,
1780408800,4502.24,4506.92,4490.21,4504.04,,
1780412400,4504.04,4508.43,4500.18,4502.07,,
1780416000,4502.07,4502.85,4486.15,4491.77,,
1780419600,4491.77,4493.03,4482.16,4484.43,,
1780423200,4484.43,4490.93,4478.47,4487.31,,
1780426800,4487.31,4490.19,4483.34,4488.16,,
1780430400,4488.16,4491.11,4486.21,4489.37,,
1780437600,4489.37,4493.18,4483.72,4485.02,,
1780441200,4485.02,4488.96,4461.87,4474.39,,
1780444800,4474.39,4496.77,4473.68,4485.85,,
1780448400,4485.85,4487.45,4463.2,4475.66,,
1780452000,4475.66,4484.95,4472.86,4481.81,,
1780455600,4481.81,4487.59,4481.69,4484.34,,
1780459200,4484.34,4488.27,4468.15,4469.28,,
1780462800,4469.28,4474.16,4456.46,4456.85,,
1780466400,4456.85,4470.8,4455.02,4462.95,,
1780470000,4462.95,4472.29,4452.66,4453.18,,
1780473600,4453.18,4459.28,4440.12,4443.92,,
1780477200,4443.92,4459.01,4438.88,4443.08,,
1780480800,4443.08,4467.17,4440.9,4458.98,,
1780484400,4458.98,4468.24,4458.4,4462.47,,
1780488000,4462.47,4467.06,4448.26,4460.23,,
1780491600,4460.23,4465.87,4426.06,4445.18,,
1780495200,4445.18,4459.58,4442.25,4456.96,,
1780498800,4456.96,4458.3,4436.6,4442.19,,
1780502400,4442.19,4443.99,4433.66,4441.75,,
1780506000,4441.75,4448.64,4435.5,4438.93,,
1780509600,4438.93,4442.89,4434.53,4442.01,,
1780513200,4442.01,4452.22,4441.36,4443.7,,
1780516800,4443.7,4445.36,4430.18,4434.27,,
1780524000,4434.27,4452.83,4423.48,4448.93,,
1780527600,4448.93,4464.61,4445.03,4456.95,,
1780531200,4456.95,4465.12,4444.05,4448.36,,
1780534800,4448.36,4473.6,4443.12,4465.67,,
1780538400,4465.67,4476.71,4455.43,4474.92,,
1780542000,4472.24,4477.19,4458.33,4463.65,,
1780545600,4463.65,4484,4462.06,4480.97,,
1780549200,4480.97,4482.43,4466.8,4469.09,,
1780552800,4469.09,4477.13,4462.8,4467.77,,
1780556400,4467.77,4470.79,4459.33,4461.61,,
1780560000,4461.61,4469.44,4458.45,4463.28,,
1780563600,4463.28,4475.58,4460.88,4470.33,,
1780567200,4470.33,4473.89,4464.21,4473.69,,
1780570800,4473.69,4514.74,4468.65,4511.43,,
1780574400,4511.43,4513.83,4491.06,4503.96,,
1780578000,4503.96,4515.43,4495.38,4495.81,,
1780581600,4495.81,4499.92,4457.21,4465.95,,
1780585200,4465.95,4479.09,4463.48,4477.37,,
1780588800,4477.37,4485.22,4475.28,4482.65,,
1780592400,4482.65,4482.65,4474,4478.04,,
1780596000,4478.04,4481.12,4472.63,4478.07,,
1780599600,4478.07,4483.43,4476.18,4480.91,,
1780603200,4480.91,4481.64,4474.3,4474.88,,
1780610400,4474.88,4481.54,4468.77,4469.7,,
1780614000,4469.7,4473.99,4460.18,4461.34,,
1780617600,4461.34,4466.87,4450.48,4459.24,,
1780621200,4459.24,4469.86,4444.1,4446.72,,
1780624800,4446.72,4455.02,4438.28,4440.42,,
1780628400,4440.42,4443.91,4435.13,4442.3,,
1780632000,4442.3,4446.65,4437.49,4444.96,,
1780635600,4444.96,4450.08,4438.46,4439.97,,
1780639200,4439.97,4456.14,4428.23,4452.71,,
1780642800,4452.71,4467.33,4451.73,4460.82,,
1780646400,4460.82,4468.13,4458.62,4462.72,,
1780650000,4462.72,4469.39,4458.79,4464.82,,
1780653600,4464.82,4468.08,4461.71,4466.4,,
1780657200,4466.4,4475.33,4457.93,4470.05,,
1780660800,4470.05,4475.78,4404.81,4406.62,,
1780664400,4406.62,4421.09,4365.24,4365.65,,
1780668000,4365.65,4379.25,4344.48,4369.58,,
1780671600,4369.58,4372.52,4333.97,4335.56,,
1780675200,4335.56,4344.83,4323.22,4344.59,,
1780678800,4344.59,4347.24,4335.58,4341.59,,
1780682400,4341.59,4341.99,4315.11,4322.42,,
1780686000,4322.42,4325.08,4313.83,4318.51,,
1780689600,4318.51,4326.49,4311.66,4323.82,,
1780869600,4323.82,4330.4,4309.76,4317.09,,
1780873200,4317.09,4347.13,4317,4343.53,,
1780876800,4343.66,4353.27,4339.71,4342.22,,
1780880400,4342.22,4345.25,4299.84,4325.51,,
1780884000,4325.51,4330.65,4307.17,4310.6,,
1780887600,4310.6,4317.02,4303.58,4316.83,,
1780891200,4316.83,4321.66,4307.55,4312.55,,
1780894800,4312.55,4315.99,4268.45,4291.8,,
1780898400,4291.8,4311.25,4291.8,4300.02,,
1780902000,4300.02,4316.89,4294.39,4294.39,,
1780905600,4294.39,4297.17,4285.3,4288.74,,
1780909200,4288.74,4301.83,4273,4294.18,,
1780912800,4294.18,4305.55,4285.82,4301.94,,
1780916400,4301.94,4333.13,4297.11,4331.37,,
1780920000,4331.37,4339.26,4320.27,4332.99,,
1780923600,4332.99,4346.52,4321.63,4326.98,,
1780927200,4326.98,4331.48,4314.64,4330.9,,
1780930800,4330.9,4345.6,4322.67,4341.83,,
1780934400,4341.83,4346.41,4337.84,4340.57,,
1780938000,4340.57,4342.41,4331.97,4339.13,,
1780941600,4339.13,4345.95,4332.84,4334.47,,
1780945200,4334.47,4338.11,4323.33,4326.59,,
1780948800,4326.59,4330.45,4324.56,4329.4,,
1780956000,4329.4,4330.6,4322.67,4327.84,,
1780959600,4327.84,4328.74,4312.62,4317.63,,
1780963200,4317.63,4323.72,4314.94,4319.81,,
1780966800,4319.81,4338.79,4318.41,4336.38,,
1780970400,4336.38,4340.79,4328.15,4335.99,,
1780974000,4335.99,4342.15,4331.16,4336.47,,
1780977600,4336.47,4339.28,4324.36,4332.23,,
1780981200,4332.23,4351.5,4330.9,4343.42,,
1780984800,4343.42,4348.75,4330.22,4330.51,,
1780988400,4330.51,4334.66,4322.21,4326.59,,
1780992000,4326.59,4336.73,4321.22,4326.48,,
1780995600,4326.48,4336.1,4324.1,4332.08,,
1780999200,4332.08,4340.14,4325.4,4339,,
1781002800,4339,4343.72,4335.61,4339.71,,
1781006400,4339.71,4344.3,4334.82,4341.34,,
1781010000,4341.34,4363.36,4325.23,4328.51,,
1781013600,4328.51,4336,4278.58,4300.41,,
1781017200,4300.41,4302,4263.07,4272.25,,
1781020800,4272.25,4281.07,4236.53,4251.91,,
1781024400,4251.91,4267.96,4251.22,4262.98,,
1781028000,4262.98,4274.19,4259.51,4269.96,,
1781031600,4269.96,4271.6,4249.81,4258.71,,
1781035200,4258.71,4261.93,4255.57,4260.32,,
1781042400,4260.32,4260.32,4232.33,4237.29,,
1781046000,4237.29,4247.2,4210.19,4221.66,,
1781049600,4221.66,4228.11,4199.17,4217.75,,
1781053200,4217.75,4218.26,4183.42,4188.64,,
1781056800,4188.64,4192.42,4173.26,4173.98,,
1781060400,4173.98,4186.45,4173.09,4184.76,,
1781064000,4184.76,4187.09,4172.42,4174.69,,
1781067600,4174.69,4208.95,4173.39,4205.13,,
1781071200,4205.13,4221.93,4201.83,4203.9,,
1781074800,4203.9,4207.75,4181.44,4185.98,,
1781078400,4185.98,4187.34,4161.27,4168.76,,
1781082000,4168.76,4179.29,4163.08,4168.69,,
1781085600,4168.69,4178.68,4155.52,4174.67,,
1781089200,4174.67,4176.06,4145.78,4147.65,,
1781092800,4147.65,4173.25,4130.25,4146.9,,
1781096400,4146.9,4186.08,4132.92,4179.59,,
1781100000,4179.59,4180.6,4118.27,4124.82,,
1781103600,4124.82,4136.7,4106.56,4128.8,,
1781107200,4128.8,4134.58,4115.98,4121.72,,
1781110800,4121.72,4134.77,4100.81,4111.62,,
1781114400,4111.62,4120.29,4096.93,4101.55,,
1781118000,4101.55,4102.13,4081.61,4082.96,,
1781121600,4082.96,4083.05,4067.03,4071.31,,
1781128800,4071.31,4071.77,4036.11,4046.09,,
1781132400,4046.09,4064.43,4023.64,4046.82,,
1781136000,4046.82,4077.77,4035.7,4075.63,,
1781139600,4075.63,4118.13,4065.94,4101.58,,
1781143200,4101.58,4102.45,4051.92,4067.78,,
1781146800,4067.78,4078.5,4056.68,4072.74,,
1781150400,4072.74,4085.91,4069.85,4082.65,,
1781154000,4082.65,4106.29,4072.56,4094.05,,
1781157600,4094.05,4097.53,4075.92,4094.34,,
1781161200,4094.34,4110.45,4091.56,4104.86,,
1781164800,4104.86,4112.67,4084.47,4084.48,,
1781168400,4084.48,4096.4,4077.42,4091.64,,
1781172000,4091.64,4094.58,4086.46,4089.93,,
1781175600,4089.93,4095.92,4079.71,4080.21,,
1781179200,4080.21,4087.04,4057.14,4081.76,,
1781182800,4081.76,4092.64,4066.96,4083.26,,
1781186400,4083.26,4085.41,4052.91,4073.35,,
1781190000,4073.35,4095.49,4070.23,4088.76,,
1781193600,4088.76,4107.59,4077.99,4080.26,,
1781197200,4080.26,4169.94,4071.87,4151.85,,
1781200800,4151.85,4171.51,4131.15,4161.82,,
1781204400,4161.82,4220.13,4161.82,4208.51,,
1781208000,4208.51,4218.57,4208.21,4212.28,,
1781215200,4212.28,4246.49,4204.91,4243.22,,
1781218800,4243.22,4245.93,4213.74,4219.48,,
1781222400,4219.48,4230.44,4200.12,4208.39,,
1781226000,4208.39,4211.04,4171.27,4186.74,,
1781229600,4186.74,4199.99,4182.43,4191.4,,
1781233200,4191.4,4204.93,4189.38,4197.15,,
1781236800,4197.15,4201.05,4189.57,4190.01,,
1781240400,4190.01,4193,4170.51,4172.91,,
1781244000,4172.91,4185.5,4172.26,4184.09,,
1781247600,4184.09,4194.59,4170.13,4194.54,,
1781251200,4194.54,4225.95,4191.77,4219.48,,
1781254800,4219.48,4227.96,4217.35,4221.73,,
1781258400,4221.73,4225.46,4202.7,4210.88,,
1781262000,4210.88,4215.05,4197.45,4206.8,,
1781265600,4206.8,4215.32,4188.5,4191.81,,
1781269200,4191.81,4210.24,4182.35,4185.94,,
1781272800,4185.94,4208.5,4177.1,4203.94,,
1781276400,4203.94,4235.55,4200.06,4211.86,,
1781280000,4211.86,4233.01,4208.02,4215.98,,
1781283600,4215.98,4226.41,4213.86,4221.33,,
1781287200,4221.33,4235.26,4214.01,4215.52,,
1781290800,4215.52,4219.51,4201.83,4210.74,,
1781294400,4210.74,4216.99,4209.37,4213.43,,
1781474400,4213.43,4309.04,4213.43,4285.19,,
1781478000,4285.19,4295.12,4280.73,4294.08,,
1781481600,4294.08,4308.23,4291.13,4292.49,,
1781485200,4292.49,4319.59,4285.41,4316.72,,
1781488800,4316.72,4335.45,4316.09,4329.65,,
1781492400,4329.65,4331.23,4321.04,4324.97,,
1781496000,4324.97,4330.08,4320.57,4328.3,,
1781499600,4328.3,4332.89,4307.07,4310.16,,
1781503200,4310.16,4313.48,4300.74,4308.08,,
1781506800,4308.08,4325.35,4305.14,4323.16,,
1781510400,4323.16,4345.28,4321.62,4334.13,,
1781514000,4334.13,4343.15,4334.11,4336.62,,
1781517600,4336.62,4341.41,4335.29,4338.13,,
1781521200,4338.13,4347.56,4331.78,4335.08,,
1781524800,4335.08,4349.45,4324.55,4349,,
1781528400,4349,4368.94,4341.12,4355.26,,
1781532000,4355.26,4369.48,4353.79,4356.72,,
1781535600,4356.72,4360.69,4349.14,4356.25,,
1781539200,4356.25,4358.67,4334.47,4339.17,,
1781542800,4339.17,4339.18,4320.32,4324.72,,
1781546400,4324.72,4328.05,4317.71,4325.56,,
1781550000,4325.56,4326.67,4316.47,4320.61,,
1781553600,4320.61,4322.05,4306.5,4309.23,,
1781560800,4309.23,4315.36,4305.71,4311.8,,
1781564400,4311.8,4319.11,4311.32,4315.57,,
1781568000,4315.57,4320.76,4306.59,4319.11,,
1781571600,4319.11,4326,4311.95,4313.45,,
1781575200,4313.45,4320.87,4307.67,4318.55,,
1781578800,4318.55,4333.05,4315.44,4330.25,,
1781582400,4330.25,4332.07,4321.08,4322.49,,
1781586000,4322.49,4330.81,4314.02,4315.71,,
1781589600,4315.71,4324.35,4313.16,4323.8,,
1781593200,4323.8,4335.55,4322.48,4334.99,,
1781596800,4334.99,4347.92,4332.57,4347,,
1781600400,4347,4348.28,4338.21,4345.1,,
1781604000,4345.1,4348.93,4342.23,4348.93,,
1781607600,4348.93,4349.43,4335.05,4340.82,,
1781611200,4340.82,4354.84,4337.36,4354.5,,
1781614800,4354.5,4354.85,4331.58,4331.71,,
1781618400,4331.71,4338.77,4313.17,4324.06,,
1781622000,4324.06,4343.35,4320.74,4335.2,,
1781625600,4335.2,4347.05,4334.81,4340.53,,
1781629200,4340.53,4341.13,4325.12,4340.2,,
1781632800,4340.2,4342.8,4336.2,4338.5,,
1781636400,4338.5,4342.82,4330.44,4333.97,,
1781640000,4333.97,4334.98,4329.39,4330.99,,
1781647200,4330.99,4336.17,4328.64,4335.5,,
1781650800,4335.5,4338.45,4329.04,4330.55,,
1781654400,4330.55,4341.66,4328.22,4337.1,,
1781658000,4337.1,4349.74,4334.24,4340.83,,
1781661600,4340.83,4344.55,4329.64,4331.38,,
1781665200,4331.38,4334.14,4328.62,4332.02,,
1781668800,4332.02,4334.07,4317.42,4326.79,,
1781672400,4326.79,4334.19,4321.09,4326.66,,
1781676000,4326.66,4331.79,4320.39,4331.67,,
1781679600,4331.67,4332.81,4324.48,4325.15,,
1781683200,4325.15,4327.87,4316.99,4324.63,,
1781686800,4324.63,4335.58,4321.22,4329.46,,
1781690400,4329.46,4335.23,4326.49,4331.33,,
1781694000,4331.33,4331.91,4320.95,4323.07,,
1781697600,4323.07,4335.51,4319.83,4333.57,,
1781701200,4333.57,4345.28,4323.92,4339.38,,
1781704800,4339.38,4364.01,4330.55,4344.41,,
1781708400,4344.41,4364.83,4343.73,4363.43,,
1781712000,4363.43,4366.51,4354.99,4359.34,,
1781715600,4359.34,4382.48,4355.13,4379.59,,
1781719200,4379.59,4379.59,4269.38,4286.14,,
1781722800,4286.14,4295.37,4218.7,4235.75,,
1781726400,4235.75,4269.56,4234.58,4256.82,,
1781733600,4256.82,4271.44,4254.12,4266.47,,
1781737200,4266.47,4283.91,4263.89,4277.62,,
1781740800,4277.62,4315.23,4276.14,4308.36,,
1781744400,4308.36,4328.59,4306.47,4317.68,,
1781748000,4317.68,4329.9,4310.31,4310.91,,
1781751600,4310.91,4322.76,4309.04,4319.66,,
1781755200,4319.66,4324.04,4309.63,4315.69,,
1781758800,4315.69,4324.76,4301.17,4307.93,,
1781762400,4307.93,4309.92,4296.13,4306.54,,
1781766000,4306.54,4309.43,4287.45,4288.54,,
1781769600,4288.54,4293.02,4265.53,4266.59,,
1781773200,4266.59,4273.23,4259.54,4268.28,,
1781776800,4268.28,4272.79,4254.58,4255.59,,
1781780400,4255.59,4255.85,4239.74,4241.86,,
1781784000,4241.86,4269.13,4240.33,4246.69,,
1781787600,4246.69,4276.58,4244.9,4256.58,,
1781791200,4256.58,4258.04,4236.91,4252.2,,
1781794800,4252.2,4254.78,4223.01,4226.56,,
1781798400,4226.56,4233.2,4213.94,4219.4,,
1781802000,4219.4,4233.12,4218.45,4230.28,,
1781805600,4230.28,4233.17,4218.16,4218.47,,
1781809200,4218.47,4219.01,4201.1,4217.13,,
1781812800,4217.13,4219.54,4207.52,4209.08,,
1781820000,4209.08,4211.9,4202.34,4207.08,,
1781823600,4207.08,4208.16,4186.58,4188.28,,
1781827200,4188.28,4198.1,4183.96,4190.44,,
1781830800,4190.44,4194.57,4183.86,4184.84,,
1781834400,4184.84,4186.17,4171.7,4176.31,,
1781838000,4176.31,4177.2,4145.14,4153.33,,
1781841600,4153.33,4155.23,4125.05,4125.71,,
1781845200,4125.71,4141.49,4121.62,4139.69,,
1781848800,4139.69,4150.58,4132.61,4147.66,,
1781852400,4147.66,4162.72,4147.51,4157.91,,
1781856000,4157.91,4178.44,4155.14,4169.18,,
1781859600,4169.18,4170.96,4160.95,4162.95,,
1781863200,4162.95,4163.22,4148.01,4149.69,,
1781866800,4149.69,4154.87,4141.88,4152.64,,
1781870400,4152.64,4179.88,4147.14,4178.81,,
1781874000,4178.81,4182.98,4150.3,4151.33,,
1781877600,4151.33,4154.62,4142.44,4149.21,,
1781881200,4149.21,4154.04,4147.5,4151.08,,
1781884800,4151.08,4157.87,4144.22,4155.46,,
1781888400,4155.46,4160.32,4155.23,4159.07,,
1781892000,4159.07,4161,4157.38,4157.46,,
1781895600,4157.46,4161.02,4156.75,4159.92,,
1781899200,4159.92,4161.85,4159.92,4161.06,,
1782079200,4161.06,4161.06,4147.41,4156.33,,
1782082800,4156.33,4164.75,4136.12,4139.93,,
1782086400,4139.93,4200.97,4139.76,4200.97,,
1782090000,4200.97,4220.91,4189.62,4190.92,,
1782093600,4190.92,4200.23,4183.35,4188.29,,
1782097200,4188.29,4189.89,4170.62,4171.42,,
1782100800,4171.42,4182.13,4170.6,4181.73,,
1782104400,4181.73,4198.48,4179.35,4193.64,,
1782108000,4193.64,4207.34,4191,4197.55,,
1782111600,4197.55,4201.81,4188.73,4190.27,,
1782115200,4190.27,4197.8,4188.6,4197.35,,
1782118800,4197.35,4210.16,4195.85,4208.15,,
1782122400,4208.15,4214.22,4203.47,4204.69,,
1782126000,4204.69,4215.25,4201.29,4207.26,,
1782129600,4207.26,4211.9,4192.15,4193.42,,
1782133200,4193.42,4205.64,4182.82,4199.5,,
1782136800,4199.5,4210.78,4186.43,4198.1,,
1782140400,4198.1,4201.3,4169.78,4182.69,,
1782144000,4182.69,4192.98,4174.15,4189.8,,
1782147600,4189.8,4191.62,4177.04,4183.09,,
1782151200,4183.09,4192.84,4182.44,4191.26,,
1782154800,4191.26,4193.18,4184.02,4190.68,,
1782158400,4190.68,4193.74,4188.49,4190.5,,
1782165600,4190.5,4194.61,4188.17,4189.6,,
1782169200,4189.6,4195.34,4186.73,4187.58,,
1782172800,4187.58,4194.55,4178.28,4193.34,,
1782176400,4193.34,4198.38,4150,4161.17,,
1782180000,4161.17,4163.31,4146.35,4146.83,,
1782183600,4146.83,4149.63,4130.74,4144.12,,
1782187200,4144.12,4146.93,4114.41,4117.71,,
1782190800,4117.71,4137.52,4115.02,4121.04,,
1782194400,4121.04,4127,4110.19,4114.18,,
1782198000,4114.18,4124.72,4096.47,4098.7,,
1782201600,4098.7,4110.81,4090.63,4105.35,,
1782205200,4105.35,4122.22,4103.8,4122.2,,
1782208800,4122.2,4133.32,4119.51,4119.7,,
1782212400,4119.7,4131.84,4117.28,4123.2,,
1782216000,4123.2,4127.19,4111.65,4113.22,,
1782219600,4113.22,4140.31,4105.25,4135.3,,
1782223200,4135.3,4145.16,4122.64,4130.02,,
1782226800,4130.02,4141.62,4123.31,4138.52,,
1782230400,4138.52,4143.82,4131.46,4134.29,,
1782234000,4134.29,4139.84,4127.61,4127.96,,
1782237600,4127.96,4130.9,4112.6,4117.77,,
1782241200,4117.77,4126.12,4111.14,4111.78,,
1782244800,4111.78,4112.71,4107.59,4111.18,,
1782252000,4111.18,4114.97,4096.72,4104.21,,
1782255600,4104.21,4104.29,4080.53,4099.22,,
1782259200,4099.22,4112.05,4093.5,4097.13,,
1782262800,4097.13,4102.3,4068.34,4088.93,,
1782266400,4088.93,4095.97,4052.05,4061.14,,
1782270000,4061.14,4070.54,4050.25,4062.66,,
1782273600,4062.66,4067.31,4055,4064.52,,
1782277200,4064.52,4086.14,4060.8,4075.76,,
1782280800,4075.76,4097.57,4075.61,4087.1,,
1782284400,4087.1,4090.72,4073.63,4074.78,,
1782288000,4074.78,4087.65,4073.1,4076.31,,
1782291600,4076.31,4079.1,4064.1,4064.53,,
1782295200,4064.53,4066.89,4054.28,4055.67,,
1782298800,4055.67,4058.6,4037.51,4046.66,,
1782302400,4046.66,4048.83,3987.51,3987.91,,
1782306000,3987.91,4042,3964.52,4038.27,,
1782309600,4038.27,4041,4002.92,4008.02,,
1782313200,4008.02,4016.78,3997.31,4002.46,,
1782316800,4002.46,4022.29,3995.41,4006.63,,
1782320400,4006.63,4011.31,3972.6,3972.77,,
1782324000,3972.77,3994.17,3958.86,3981.37,,
1782327600,3981.37,3990.84,3973.39,3988.02,,
1782331200,3988.02,4002.83,3984.66,3998.54,,
1782338400,3998.54,4008.74,3992.64,3996.26,,
1782342000,3996.26,4018.66,3990.53,4012.37,,
1782345600,4012.37,4016.38,3978.43,3990.96,,
1782349200,3990.96,4005.9,3982.1,3995.68,,
1782352800,3995.68,3995.68,3974.46,3982.83,,
1782356400,3982.83,4001.08,3966.23,3995.34,,
1782360000,3995.34,3997.52,3983.43,3996,,
1782363600,3996,4000,3980.3,3986.32,,
1782367200,3986.32,3989.15,3973.92,3977.57,,
1782370800,3977.57,3989.73,3971.34,3987.74,,
1782374400,3987.74,4002.09,3984.18,3989.09,,
1782378000,3989.09,3997.68,3985.98,3988.31,,
1782381600,3988.31,3989.39,3980.98,3984.25,,
1782385200,3984.25,3987.78,3973.51,3980.03,,
1782388800,3980.03,4019.32,3978.73,4012.59,,
1782392400,4012.59,4033.86,4000.83,4002.2,,
1782396000,4002.2,4028.87,3998.78,4011.92,,
1782399600,4011.92,4042.59,4005.03,4041.41,,
1782403200,4041.41,4044.02,4023.71,4028.62,,
1782406800,4028.62,4036.73,4026.85,4034.68,,
1782410400,4034.68,4043.99,4025.99,4034.6,,
1782414000,4034.6,4043.68,4021.92,4026.75,,
1782417600,4026.75,4034.96,4024.4,4026.17,,
1782424800,4026.17,4036.45,4019.69,4025.99,,
1782428400,4025.99,4030.51,4012.39,4014.51,,
1782432000,4014.51,4024.65,4011.23,4020.38,,
1782435600,4020.38,4029.58,4014.13,4020.82,,
1782439200,4020.82,4023.23,3983.03,3990.65,,
1782442800,3990.65,4006.56,3986.67,4004.54,,
1782446400,4004.54,4015.32,3998.67,4011.79,,
1782450000,4011.79,4021.46,4005.78,4008.16,,
1782453600,4008.16,4033.1,4006.66,4032.03,,
1782457200,4032.03,4039.84,4026.71,4030.49,,
1782460800,4030.49,4037.64,4025.66,4030.96,,
1782464400,4030.96,4054.19,4029.5,4047.04,,
1782468000,4047.04,4054.96,4042.2,4054.62,,
1782471600,4054.62,4055.58,4042.44,4045.81,,
1782475200,4045.81,4061.53,4035.71,4058.95,,
1782478800,4058.95,4077.94,4043.03,4073.25,,
1782482400,4073.25,4093.04,4067.5,4080.58,,
1782486000,4080.58,4095.98,4075.66,4090.46,,
1782489600,4090.46,4093.59,4082.15,4085.01,,
1782493200,4085.01,4087.97,4073.72,4074.68,,
1782496800,4074.68,4078.86,4066.98,4067.29,,
1782500400,4067.29,4074.66,4064.55,4071.79,,
1782504000,4071.79,4072.95,4064.33,4070.41,,
1782684000,4070.41,4086.01,4053.11,4065.72,,
1782687600,4065.72,4070.44,4051.5,4062.92,,
1782691200,4062.92,4074.25,4047.91,4069.23,,
1782694800,4069.23,4074.53,4053.52,4061.44,,
1782698400,4061.44,4071.8,4058.39,4066.27,,
1782702000,4066.27,4075.81,4064.69,4068.86,,
1782705600,4068.86,4069.02,4049.4,4052.35,,
1782709200,4052.35,4057.46,4038.9,4054.29,,
1782712800,4054.29,4064.81,4053.15,4062.15,,
1782716400,4062.15,4068.59,4055.87,4061.52,,
1782720000,4061.52,4066.57,4043.55,4047.04,,
1782723600,4047.04,4055.26,4023.97,4031.55,,
1782727200,4031.55,4039.76,4027.43,4036.78,,
1782730800,4036.78,4042.26,4027.21,4039.22,,
1782734400,4039.22,4052.56,4037.46,4043.73,,
1782738000,4043.73,4051.72,4028.15,4032.2,,
1782741600,4032.2,4035.52,3999.95,4025.53,,
1782745200,4025.53,4030.31,4016.62,4026.96,,
1782748800,4026.96,4028.58,4018.55,4023.77,,
1782752400,4023.77,4031.92,4019.18,4020.93,,
1782756000,4020.93,4025.27,4011.9,4013.35,,
1782759600,4013.35,4019.56,4005.33,4015.88,,
1782763200,4015.88,4017.94,4012.64,4015.41,,
1782770400,4015.41,4022.27,4009.5,4014.23,,
1782774000,4014.23,4022.27,4013.04,4014.87,,
1782777600,4014.87,4015.24,3979.62,3986.55,,
1782781200,3986.55,3987.08,3941.75,3969,,
1782784800,3969,3973.46,3952.15,3962.92,,
1782788400,3962.92,3971.17,3959.95,3969.89,,
1782792000,3969.89,3998.05,3968.07,3985.4,,
1782795600,3985.4,3991.07,3975.01,3977.86,,
1782799200,3977.86,4033.96,3977.85,4029.38,,
1782802800,4029.38,4034.69,4023.65,4031.96,,
1782806400,4031.96,4037.78,4013.25,4015.64,,
1782810000,4015.64,4024.06,4012.14,4024.06,,
1782813600,4024.06,4031.24,4021.38,4029.85,,
1782817200,4029.85,4037.4,4025.36,4033.83,,
1782820800,4033.83,4034.41,4008.48,4009.5,,
1782824400,4009.5,4033.32,4009.01,4029.17,,
1782828000,4029.17,4063.26,4024.94,4037.27,,
1782831600,4037.27,4039.35,4022.01,4029.34,,
1782835200,4029.34,4033.95,4025.79,4025.99,,
1782838800,4025.99,4032.08,4020.4,4030.65,,
1782842400,4030.65,4033.76,4028.1,4028.29,,
1782846000,4028.29,4029.33,4014.55,4015.79,,
1782849600,4015.79,4021.17,4006.44,4007.65,,
1782856800,4007.65,4017.85,4007.65,4013.11,,
1782860400,4013.11,4018.35,4005.29,4005.66,,
1782864000,4005.66,4009.67,3992.93,3996.59,,
1782867600,3996.59,3999.73,3973.56,3977.91,,
1782871200,3977.91,3986.07,3970.25,3979.24,,
1782874800,3979.24,3987.07,3976.5,3980.45,,
1782878400,3980.45,3982.97,3972.35,3976.59,,
1782882000,3976.59,3978.86,3969.5,3974.02,,
1782885600,3974.02,3977.41,3963.05,3971.71,,
1782889200,3971.71,3978.43,3959.9,3975.96,,
1782892800,3975.96,3984.47,3969.3,3974.5,,
1782896400,3974.5,3986.07,3972.63,3984.37,,
1782900000,3984.37,3998.44,3981.1,3998.42,,
1782903600,3998.42,4035.53,3997.9,4030.39,,
1782907200,4030.39,4033.98,4019.31,4022.78,,
1782910800,4022.78,4108.13,4012.55,4089.3,,
1782914400,4089.3,4115.94,4082.92,4093.23,,
1782918000,4093.23,4094.59,4076.62,4081,,
1782921600,4081,4088.38,4070.41,4071.18,,
1782925200,4071.18,4073.55,4067.2,4068.11,,
1782928800,4068.11,4070.61,4057.7,4062.15,,
1782932400,4062.15,4068.28,4034.25,4038.75,,
1782936000,4038.75,4039.7,4028.51,4030.76,,
1782943200,4030.76,4045.07,4030.76,4044.93,,
1782946800,4044.93,4045.07,4033.07,4034.89,,
1782950400,4034.89,4052.68,4030.67,4051.87,,
1782954000,4051.87,4068.6,4045.15,4050.06,,
1782957600,4050.06,4060.99,4041.12,4057,,
1782961200,4057,4074.17,4055.47,4069.94,,
1782964800,4069.94,4072.98,4060.4,4060.81,,
1782968400,4060.81,4067.64,4053.16,4066.01,,
1782972000,4066.01,4079.76,4065.67,4073.21,,
1782975600,4073.21,4075.49,4060.7,4064.15,,
1782979200,4064.15,4080.06,4061.11,4076.01,,
1782982800,4076.01,4077.06,4063.81,4065.28,,
1782986400,4065.28,4068.61,4061.56,4066.31,,
1782990000,4066.31,4072.11,4057.14,4065.12,,
1782993600,4065.12,4140.43,4061.24,4117.57,,
1782997200,4117.57,4144.01,4109.19,4136.45,,
1783000800,4136.45,4138.1,4113.84,4128.53,,
1783004400,4128.53,4131.53,4114.64,4128.29,,
1783008000,4128.29,4130.22,4100.29,4118.01,,
1783011600,4118.01,4119.75,4105.69,4106.72,,
1783015200,4106.72,4127.03,4105.79,4122.54,,
1783018800,4122.54,4124.38,4108.08,4121.28,,
1783022400,4121.28,4125.07,4116.25,4121.86,,
1783029600,4121.86,4128.3,4121.86,4124.49,,
1783033200,4124.49,4133.7,4120.96,4126.15,,
1783036800,4126.15,4150.95,4122.58,4147.1,,
1783040400,4147.1,4195.42,4146.22,4182.31,,
1783044000,4182.31,4186.95,4176.31,4183.25,,
1783047600,4183.25,4184.41,4175.13,4175.97,,
1783051200,4175.97,4182.91,4172.93,4178.85,,
1783054800,4178.85,4181.82,4169.03,4171.17,,
1783058400,4171.17,4174.37,4160.5,4172.94,,
1783062000,4172.94,4181.55,4169.12,4177.45,,
1783065600,4177.45,4186.55,4176.69,4180.97,,
1783069200,4180.97,4181.85,4168.34,4171.84,,
1783072800,4171.84,4181.23,4170.51,4177.11,,
1783076400,4177.11,4186.26,4175.5,4180.95,,
1783080000,4180.95,4183.2,4172.07,4176.71,,
1783083600,4176.71,4179.27,4163.46,4164.66,,
1783087200,4164.66,4171.23,4155.28,4169.72,,
1783090800,4169.72,4174.34,4164.41,4164.75,,
1783094400,4164.75,4176.39,4162.82,4174.8,,
1783098000,4174.8,4174.85,4174.06,4174.44,,
1783288800,4174.44,4191.28,4172.6,4187.71,,
1783292400,4187.71,4201.89,4176.74,4182.85,,
1783296000,4182.85,4188.96,4169.91,4179.54,,
1783299600,4179.54,4203.08,4172.18,4185.98,,
1783303200,4185.98,4187.83,4168.23,4174.12,,
1783306800,4174.12,4176.48,4160.91,4165.25,,
1783310400,4165.25,4166.53,4157.18,4159.61,,
1783314000,4159.61,4161.04,4144.45,4147.64,,
1783317600,4147.64,4159.47,4145.56,4150.38,,
1783321200,4150.38,4166.25,4147.04,4164.26,,
1783324800,4164.26,4165.88,4147.14,4150.39,,
1783328400,4150.39,4151.29,4136.14,4143.18,,
1783332000,4143.18,4155.81,4142.11,4154.85,,
1783335600,4154.85,4159.57,4151.38,4155.27,,
1783339200,4155.27,4158.42,4131.42,4139.5,,
1783342800,4139.5,4150.43,4135.97,4140.44,,
1783346400,4140.44,4147.1,4128.33,4138.12,,
1783350000,4138.12,4151.99,4137.44,4148.2,,
1783353600,4148.2,4156.23,4140.19,4154.93,,
1783357200,4154.93,4161.6,4150.21,4161.08,,
1783360800,4161.08,4167.51,4155.29,4163.79,,
1783364400,4163.79,4165.48,4158.71,4163.67,,
1783368000,4163.67,4165.67,4160.6,4164.32,,
1783375200,4164.32,4168.42,4163.45,4163.94,,
1783378800,4163.94,4165.75,4156.69,4157.18,,
1783382400,4157.18,4162.58,4145.14,4146.03,,
1783386000,4146.03,4147.99,4125.54,4141.83,,
1783389600,4141.83,4145.31,4131.19,4136.56,,
1783393200,4136.56,4140.02,4124.36,4130.99,,
1783396800,4130.99,4141.37,4125.97,4126.75,,
1783400400,4126.75,4131.38,4116.43,4123.7,,
1783404000,4123.7,4132.72,4121.52,4130.42,,
1783407600,4130.42,4133.47,4124.38,4124.8,,
1783411200,4124.8,4139.2,4121.81,4126.03,,
1783414800,4126.03,4133.81,4119.73,4131.06,,
1783418400,4131.06,4138.81,4131.04,4135.61,,
1783422000,4135.61,4157.89,4131.59,4156.7,,
1783425600,4156.7,4175.13,4154.53,4172.3,,
1783429200,4172.3,4180.51,4155.96,4158.6,,
1783432800,4158.6,4163.81,4143.46,4154.11,,
1783436400,4154.11,4155.66,4135.75,4138.89,,
1783440000,4138.89,4147.15,4136.89,4145.09,,
1783443600,4145.09,4148.2,4140.51,4144.51,,
1783447200,4144.51,4145.24,4124.99,4126.99,,
1783450800,4126.99,4127.82,4092.25,4114.14,,
1783454400,4114.14,4115.8,4103.57,4105.63,,
1783461600,4105.63,4106.23,4093.48,4098.54,,
1783465200,4098.54,4107.8,4095.82,4098.51,,
1783468800,4098.51,4126.79,4096.8,4111.52,,
1783472400,4111.52,4117.8,4096.25,4111.18,,
1783476000,4111.18,4124.94,4105.75,4114.5,,
1783479600,4114.5,4131.1,4114.43,4123.46,,
1783483200,4123.46,4128.83,4120.25,4125.13,,
1783486800,4125.13,4134.01,4121.05,4127.74,,
1783490400,4127.74,4133.56,4122.02,4123.57,,
1783494000,4123.57,4127.23,4114.66,4121.31,,
1783497600,4121.31,4121.36,4052.06,4056.82,,
1783501200,4056.82,4061.01,4041.3,4043.24,,
1783504800,4043.24,4058.54,4040.36,4053.08,,
1783508400,4053.08,4072.74,4041.31,4062.13,,
1783512000,4062.13,4086.33,4058.78,4072.43,,
1783515600,4072.43,4083.15,4065.09,4070.62,,
1783519200,4070.62,4071.43,4033.59,4040.71,,
1783522800,4040.71,4043.8,4021.43,4034.17,,
1783526400,4034.17,4064.4,4033.04,4063.5,,
1783530000,4063.5,4076.45,4059.5,4065.21,,
1783533600,4065.21,4091.55,4063.05,4084.32,,
1783537200,4084.32,4091.17,4078.25,4079.8,,
1783540800,4079.8,4083.56,4071.4,4075.27,,
1783548000,4075.27,4079.78,4072.2,4076.58,,
1783551600,4076.58,4077.92,4071.54,4076.28,,
1783555200,4076.28,4089.9,4070.21,4073.68,,
1783558800,4073.68,4078.83,4062.13,4072.73,,
1783562400,4072.73,4082.75,4064.41,4064.95,,
1783566000,4064.95,4067.59,4054.21,4064.09,,
1783569600,4064.09,4064.57,4056.26,4064.26,,
1783573200,4064.26,4084.22,4063.57,4081.77,,
1783576800,4081.77,4108.11,4081.19,4107.96,,
1783580400,4107.96,4111.18,4101.42,4107.92,,
1783584000,4107.92,4117.72,4105.16,4108.15,,
1783587600,4108.15,4112.43,4103.13,4106.24,,
1783591200,4106.24,4110.14,4093.6,4099.09,,
1783594800,4099.09,4110.55,4097.7,4108.69,,
1783598400,4108.69,4122.56,4105.09,4107.64,,
1783602000,4107.64,4129.56,4106.68,4121.9,,
1783605600,4121.9,4136.43,4114.08,4127.64,,
1783609200,4127.64,4132.76,4124.66,4126.91,,
1783612800,4126.91,4138.05,4125.54,4127.92,,
1783616400,4127.92,4138.01,4124.98,4136.2,,
1783620000,4136.2,4136.38,4121.42,4124.47,,
1783623600,4124.47,4126.9,4118.68,4122.46,,
1783627200,4122.46,4125.58,4120.58,4123.35,,
1783634400,4123.35,4127.61,4121.49,4121.5,,
1783638000,4121.5,4125,4120.69,4123.47,,
1783641600,4123.47,4128.2,4114.44,4126.12,,
1783645200,4126.12,4131.05,4108.56,4116.77,,
1783648800,4116.77,4129.06,4116.02,4127.7,,
1783652400,4127.7,4134.83,4119.27,4120.23,,
1783656000,4120.23,4121.08,4111.95,4115.02,,
1783659600,4115.02,4117.1,4108.02,4116.44,,
1783663200,4116.44,4120.01,4110.94,4111.64,,
1783666800,4111.64,4115.42,4104.29,4108.87,,
1783670400,4108.87,4109.55,4094.83,4097.82,,
1783674000,4097.82,4105.46,4094.27,4104.35,,
1783677600,4104.35,4112.74,4104.11,4104.7,,
1783681200,4104.7,4108.19,4096.05,4102.23,,
1783684800,4102.23,4117.3,4097.41,4100.58,,
1783688400,4100.58,4106.64,4085.47,4099.88,,
1783692000,4099.88,4108.97,4072.34,4092.74,,
1783695600,4092.74,4113.36,4091.24,4112.97,,
1783699200,4112.97,4115.38,4104.06,4104.15,,
1783702800,4104.15,4106.81,4100.23,4100.64,,
1783706400,4100.64,4105.52,4098.04,4101.14,,
1783710000,4101.14,4109.1,4097.74,4108.02,,
1783713600,4108.02,4114.99,4107.96,4111.51,,
1783893600,4111.51,4111.51,4068.86,4076.36,,
1783897200,4076.36,4084.71,4068.12,4084.51,,
1783900800,4084.51,4091.09,4060.86,4074.04,,
1783904400,4074.04,4089.83,4065.46,4072.49,,
1783908000,4072.49,4077.46,4064.48,4068.42,,
1783911600,4068.42,4069.31,4053.01,4060.51,,
1783915200,4060.51,4060.52,4050.06,4058.83,,
1783918800,4058.83,4073.21,4051.95,4053.54,,
1783922400,4053.54,4063.54,4043.65,4055.51,,
1783926000,4055.51,4065.13,4048.91,4064.88,,
1783929600,4064.88,4080.75,4063.1,4074.56,,
1783933200,4074.56,4076.7,4068.07,4068.21,,
1783936800,4068.21,4070.47,4046.4,4060.63,,
1783940400,4060.63,4068.38,4054.84,4056.39,,
1783944000,4056.39,4067.48,4053.51,4067.26,,
1783947600,4067.26,4067.51,4041.46,4043.33,,
1783951200,4043.33,4046.89,3999.49,4015.16,,
1783954800,4015.16,4020.36,4010.19,4015.99,,
1783958400,4015.99,4017.95,3986.39,3993.11,,
1783962000,3993.11,4001.96,3991.87,3993.17,,
1783965600,3993.17,4005.13,3986.62,4001.34,,
1783969200,4001.34,4004.39,3993.43,4001.85,,
1783972800,4001.85,4006.2,3996.15,4001.49,,
1783980000,4001.49,4005.91,4000.48,4000.9,,
1783983600,4000.9,4003.03,3992.23,4001.12,,
1783987200,4001.12,4007.31,3983.11,4004.11,,
1783990800,4004.11,4012.14,3991.99,4010.47,,
1783994400,4010.47,4019.1,4005.88,4012.28,,
1783998000,4012.28,4019.07,4011.06,4016.89,,
1784001600,4016.89,4023.37,4013.32,4020.08,,
1784005200,4020.08,4033.77,4019.56,4031.19,,
1784008800,4031.19,4033.08,4021.58,4023.97,,
1784012400,4023.97,4029.84,4020.03,4020.62,,
1784016000,4020.62,4023.84,4014.35,4015.85,,
1784019600,4015.85,4024.42,4013.69,4021.67,,
1784023200,4021.67,4022.85,4015.06,4021.69,,
1784026800,4021.69,4031.98,4015.32,4031.14,,
1784030400,4031.14,4103.59,4023.15,4076.16,,
1784034000,4076.16,4088.55,4070.82,4076.4,,
1784037600,4076.4,4090.47,4070.63,4085.01,,
1784041200,4085.01,4100.66,4064.42,4066.07,,
1784044800,4066.07,4066.97,4057.6,4061.5,,
1784048400,4061.5,4065,4054.02,4062.68,,
1784052000,4062.68,4063.14,4042.92,4054.14,,
1784055600,4054.14,4057.42,4047.45,4055.68,,
1784059200,4055.68,4056.33,4048.76,4051.99,,
1784066400,4051.99,4053.54,4048.46,4049,,
1784070000,4049,4056.12,4046.58,4052.92,,
1784073600,4052.92,4060.71,4050.9,4059.01,,
1784077200,4059.01,4062.1,4035.52,4037.16,,
1784080800,4037.16,4042.08,4029.22,4035.12,,
1784084400,4035.12,4040.42,4027.86,4031.2,,
1784088000,4031.2,4035.16,4028.01,4033.08,,
1784091600,4033.08,4036.59,4021.72,4034.59,,
1784095200,4034.59,4035.13,4021.23,4032.04,,
1784098800,4032.04,4034.25,4019.63,4024.48,,
1784102400,4024.48,4033.12,4017.27,4031.1,,
1784106000,4031.1,4034.23,4025.44,4030.27,,
1784109600,4030.27,4035.88,4026.46,4027.93,,
1784113200,4027.93,4040.19,4027.55,4038.25,,
1784116800,4038.25,4071.55,4035.83,4067.75,,
1784120400,4067.75,4074.12,4053.93,4061.66,,
1784124000,4061.66,4065.84,4053.18,4060.51,,
1784127600,4060.51,4062.95,4039.38,4046.91,,
1784131200,4046.91,4047.89,4026.71,4033.65,,
1784134800,4033.65,4066.18,4032.92,4062.23,,
1784138400,4062.23,4081.44,4057.84,4059.18,,
1784142000,4059.18,4062.95,4047.78,4057,,
1784145600,4057,4063.06,4055.22,4059.82,,
1784152800,4059.82,4065.24,4058.07,4059.54,,
1784156400,4059.54,4062.06,4055.43,4057.95,,
1784160000,4057.95,4061.1,4043.51,4044.52,,
1784163600,4044.52,4050.58,4033.82,4039.04,,
1784167200,4039.04,4040.15,4023.8,4031.32,,
1784170800,4031.32,4036.92,4027.51,4036.24,,
1784174400,4036.24,4037.98,4031.78,4033.03,,
1784178000,4033.03,4033.87,4025.12,4027.29,,
1784181600,4027.29,4036.38,4022.87,4030.41,,
1784185200,4030.41,4031.71,4022.89,4030.59,,
1784188800,4030.59,4036.65,4025.29,4035.17,,
1784192400,4035.17,4037.9,4030.26,4031.53,,
1784196000,4031.53,4034.86,4028.65,4029.51,,
1784199600,4029.51,4042.54,4021.03,4038.31,,
1784203200,4038.31,4043.3,3990.27,3992.26,,
1784206800,3992.26,4008.31,3973.26,3989.81,,
1784210400,3989.81,4006.65,3986.94,3997.84,,
1784214000,3997.84,4016.96,3989.21,4006.93,,
1784217600,4006.93,4007.61,3982.13,3991.95,,
1784221200,3991.95,3992.91,3979.89,3984.54,,
1784224800,3984.54,3990.37,3976.45,3980.32,,
1784228400,3980.32,3985.95,3969.11,3979.95,,
1784232000,3979.95,3980.17,3971.84,3975.77,,
1784239200,3975.77,3980.42,3973.1,3978.37,,
1784242800,3978.37,3986.41,3975.11,3985.86,,
1784246400,3985.86,3991.92,3980.5,3991.8,,
1784250000,3991.8,3996.2,3979.04,3983.12,,
1784253600,3983.12,3987.36,3970.58,3979.24,,
1784257200,3979.24,4008.72,3978.79,3991.46,,
1784260800,3991.46,3991.64,3979.82,3981.79,,
1784264400,3981.79,3991.34,3974.92,3985.07,,
1784268000,3985.07,4007.09,3985,3999.28,,
1784271600,3999.28,4002.48,3992.54,3992.79,,
1784275200,3992.79,3999.81,3987.78,3994.1,,
1784278800,3994.1,4002.46,3992.65,3997.99,,
1784282400,3997.99,3999.22,3990.24,3990.86,,
1784286000,3990.86,3998.82,3989.91,3993.96,,
1784289600,3993.96,3995.62,3963.94,3965.96,,
1784293200,3965.96,4003.31,3959.49,3996.97,,
1784296800,3996.97,4004.52,3989.88,4001.12,,
1784300400,4001.12,4021.33,3997.51,4019.18,,
1784304000,4019.18,4023.83,4010.79,4014.97,,
1784307600,4014.97,4019.17,4008.2,4009.94,,
1784311200,4009.94,4016.12,4006.51,4011.19,,
1784314800,4011.19,4016.61,4002.15,4015.31,,
1784318400,4015.31,4015.75,4008.3,4013.3,,
1784498400,4013.3,4013.3,3993.01,3994.55,,
1784502000,3994.55,3996.32,3989.2,3995.24,,
1784505600,3995.24,4010.36,3982.21,4008.7,,
1784509200,4008.7,4020.91,3995.49,4002.08,,
1784512800,4002.08,4028.82,4001.19,4021.69,,
1784516400,4021.69,4027.86,4018.54,4024.11,,
1784520000,4024.11,4026.68,4018.32,4018.7,,
1784523600,4018.7,4021.13,4005.26,4008.76,,
1784527200,4008.76,4011.66,4002.88,4003.83,,
1784530800,4003.83,4021.73,4001.82,4017.21,,
1784534400,4017.21,4030.66,4016.95,4018.91,,
1784538000,4018.91,4023.21,4014.67,4021.23,,
1784541600,4021.23,4025.52,4018.15,4024.2,,
1784545200,4024.2,4040.86,4019.73,4025.24,,
1784548800,4025.24,4025.29,4006.2,4008.06,,
1784552400,4008.06,4017.34,4005.55,4005.57,,
1784556000,4005.57,4013.67,3998.03,4006.15,,
1784559600,4006.15,4019.42,4004.37,4011.74,,
1784563200,4011.74,4018.38,4001.18,4009.71,,
1784566800,4009.71,4013.01,4003.76,4005.14,,
1784570400,4005.14,4011.83,4003.31,4007.17,,
1784574000,4007.17,4018.03,4004.32,4006.82,,
1784577600,4006.82,4009.39,4005.64,4007.65,,
1784584800,4007.65,4010.93,3999.59,4000.47,,
1784588400,4000.47,4010.55,4000.14,4009.82,,
1784592000,4009.82,4027.12,4003.23,4025.37,,
1784595600,4025.37,4035.84,4018.69,4023.13,,
1784599200,4023.13,4044.78,4021.79,4037.96,,
1784602800,4037.96,4051.67,4036.66,4046.91,,
1784606400,4046.91,4051.68,4043.48,4049.55,,
1784610000,4049.55,4067.95,4046.24,4061.55,,
1784613600,4061.55,4084.2,4061.42,4078.44,,
1784617200,4078.44,4080.21,4067.54,4071.3,,
1784620800,4071.3,4072.56,4059.06,4062.87,,
1784624400,4062.87,4069.58,4061.01,4065.77,,
1784628000,4065.77,4070.05,4060.78,4062.91,,
1784631600,4062.91,4063.55,4054.39,4056.15,,
1784635200,4056.15,4065.56,4050.7,4053.85,,
1784638800,4053.85,4061.79,4044.46,4053.01,,
1784642400,4053.01,4073.95,4051.71,4068.39,,
1784646000,4068.39,4083.44,4065.38,4074.01,,
1784649600,4074.01,4079.08,4069.76,4071.48,,
1784653200,4071.48,4072.89,4066.6,4068.72,,
1784656800,4068.72,4087.32,4067.7,4082.31,,
1784660400,4082.31,4085.66,4080.08,4084.4,,
1784664000,4084.4,4086.36,4076.3,4077.43,,
1784671200,4077.43,4085.06,4076.75,4080.41,,
1784674800,4080.41,4082.98,4079.17,4080.57,,
1784678400,4080.57,4102.49,4076.45,4097.47,,
1784682000,4097.47,4123.59,4096.46,4122.2,,
1784685600,4122.2,4130.93,4118.78,4130.45,,
1784689200,4130.45,4141.66,4129.2,4130.8,,
1784692800,4130.8,4131.19,4124.74,4126.97,,
1784696400,4126.97,4133.98,4122.95,4131.1,,
1784700000,4131.1,4135.34,4113.31,4116.37,,
1784703600,4116.37,4123.05,4109.19,4110.54,,
1784707200,4110.54,4120.19,4110.54,4118.27,,
1784710800,4118.27,4122.38,4113.18,4114.97,,
1784714400,4114.97,4121.81,4114.78,4117.57,,
1784718000,4117.57,4123.01,4112.56,4122.52,,
1784721600,4122.52,4134.35,4106.51,4112.87,,
1784725200,4112.87,4155.75,4112.63,4154.56,,
1784728800,4154.56,4163.41,4143.91,4148.44,,
1784732400,4148.44,4165.97,4148.41,4159.2,,
1784736000,4159.2,4159.36,4144.36,4146.71,,
1784739600,4146.71,4147.8,4138.3,4142.24,,
1784743200,4142.24,4142.86,4132,4136.01,,
1784746800,4136.01,4137.18,4128.73,4131.83,,
1784750400,4131.83,4137.87,4128.15,4129.84,,
1784757600,4129.84,4129.97,4117.11,4121.53,,
1784761200,4121.53,4134.35,4116.09,4133.44,,
1784764800,4133.44,4134.74,4124.99,4132.1,,
1784768400,4132.1,4141.08,4114.13,4117.84,,
1784772000,4117.84,4128.79,4111.99,4128.1,,
1784775600,4128.1,4133.21,4124.06,4124.54,,
1784779200,4124.54,4130.43,4119.65,4121.15,,
1784782800,4121.15,4130.55,4119.28,4124.1,,
1784786400,4124.1,4128.21,4116.83,4118.46,,
1784790000,4118.46,4119.43,4089.88,4095.29,,
1784793600,4095.29,4097.7,4086.91,4093.41,,
1784797200,4093.41,4099.44,4088.35,4089.92,,
1784800800,4089.92,4095.21,4085.82,4093.16,,
1784804400,4093.16,4093.86,4072.71,4085.63,,
1784808000,4085.63,4085.96,4061.02,4061.79,,
1784811600,4061.79,4067.36,4040.25,4043.25,,
1784815200,4043.25,4061.69,4040.04,4057.79,,
1784818800,4057.79,4059.49,4042.19,4048.73,,
1784822400,4048.73,4051.78,4045.72,4051.49,,
1784826000,4051.49,4054.47,4041.45,4041.66,,
1784829600,4041.66,4048.38,4040.57,4045.97,,
1784833200,4045.97,4051.16,4042.99,4049.81,,
1784836800,4049.81,4051.31,4047.29,4048.86,,
1784844000,4048.86,4050.52,4048.16,4049.53,,
1784847600,4049.53,4050.78,4046.6,4047.03,,
1784851200,4047.03,4051.09,4041.23,4049.68,,
1784854800,4049.68,4050.52,4039.6,4043.55,,
1784858400,4043.55,4048.38,4023.03,4024.33,,
1784862000,4024.33,4033.69,4023.14,4029.41,,
1784865600,4029.41,4030.34,4025.22,4027.06,,
1784869200,4027.06,4032.29,4021.71,4022.99,,
1784872800,4022.99,4039.01,4022.9,4035.67,,
1784876400,4035.67,4053.69,4035.11,4048.22,,
1784880000,4048.22,4058.74,4045.1,4057.45,,
1784883600,4057.45,4060.79,4051.56,4059.84,,
1784887200,4059.84,4063.91,4056.88,4059.96,,
1784890800,4059.96,4063.43,4051.38,4057.71,,
1784894400,4057.71,4060.16,4051.62,4055.94,,
1784898000,4055.94,4068.54,4044.56,4067.23,,
1784901600,4067.23,4069.98,4055.86,4063.27,,
1784905200,4063.27,4081.96,4061.76,4077.38,,
1784908800,4077.38,4078.13,4064.06,4066.95,,
1784912400,4066.95,4069.86,4062.84,4063.37,,
1784916000,4063.37,4064.52,4050.92,4054.38,,
1784919600,4054.38,4057.96,4049.14,4053.65,,
1784923200,4053.65,4055.69,4051.5,4055.42,,
1785103200,4055.42,4096.55,4055.42,4089.44,,
1785106800,4089.44,4096.4,4083.48,4094.13,,
1785110400,4094.13,4116.33,4090.74,4100.72,,
1785114000,4100.72,4112.45,4096.86,4110.06,,
1785117600,4110.06,4110.92,4093.54,4093.63,,
1785121200,4093.63,4095.71,4085.09,4090.92,,
1785124800,4090.92,4092.83,4086.89,4090.21,,
1785128400,4090.21,4094.95,4084.44,4093.16,,
1785132000,4093.16,4099.21,4091.17,4095.91,,
1785135600,4095.91,4106.04,4088.43,4088.66,,
1785139200,4088.66,4096.79,4086.99,4095.07,,
1785142800,4095.07,4100.32,4090.17,4095.97,,
1785146400,4095.97,4102.36,4086.38,4099.49,,
1785150000,4099.49,4104.05,4093.43,4093.79,,
1785153600,4093.79,4097.59,4081.31,4083.68,,
1785157200,4083.68,4089.49,4070.37,4074.21,,
1785160800,4074.21,4079.06,4065.25,4076.13,,
1785164400,4076.13,4079.87,4071.75,4078.45,,
1785168000,4078.45,4093.97,4077.7,4082.27,,
1785171600,4082.27,4082.37,4070.48,4076.29,,
1785175200,4076.29,4079.47,4072.8,4077.9,,
1785178800,4077.9,4089.42,4076.05,4083.41,,
1785182400,4083.41,4084.08,4075.31,4076.65,,
1785189600,4076.65,4081.44,4071.02,4074.18,,
1785193200,4074.18,4075.05,4069.64,4073.26,,
1785196800,4073.26,4074.19,4057.43,4057.93,,
1785200400,4057.93,4060.24,4042.45,4045.16,,
1785204000,4045.16,4049.01,4040.8,4042.07,,
1785207600,4042.07,4051.01,4040.23,4049.39,,
1785211200,4049.39,4049.61,4041.34,4042.14,,
1785214800,4042.14,4046.52,4034.58,4045.13,,
1785218400,4045.13,4052.36,4042.77,4048.34,,
1785222000,4048.34,4052.33,4046.04,4047.14,,
1785225600,4047.14,4055.14,4041.55,4045.36,,
1785229200,4045.36,4045.93,4019.28,4023.28,,
1785232800,4023.28,4028.48,4016.91,4026.45,,
1785236400,4026.45,4032.32,4023.1,4028.03,,
1785240000,4028.03,4038.1,4022.86,4029.41,,
1785243600,4029.41,4036.02,4020.11,4022.09,,
1785247200,4022.09,4033.48,4011.39,4024.42,,
1785250800,4024.42,4046.98,4022.19,4046.01,,
1785254400,4046.01,4046.46,4036.55,4037.44,,
1785258000,4037.44,4041.47,4025.72,4027.73,,
1785261600,4027.73,4030.41,4021.57,4022.89,,
1785265200,4022.89,4028.02,4021.93,4026.41,,
1785268800,4026.41,4030.59,4022.46,4028.28,,
1785276000,4028.28,4028.28,4013.5,4018.24,,
1785279600,4018.24,4026.2,4015,4024.83,,
1785283200,4024.83,4029.83,4017.41,4021.83,,
1785286800,4021.83,4030.55,4010.26,4025.85,,
1785290400,4025.85,4037.93,4023.1,4029.37,,
1785294000,4029.37,4032.78,4023.22,4023.59,,
1785297600,4023.59,4027.61,4020.54,4027.15,,
1785301200,4027.15,4039.89,4026.61,4032.87,,
1785304800,4032.87,4044.73,4032.85,4041.11,,
1785308400,4041.11,4047.7,4041.03,4043.81,,
1785312000,4043.81,4044.38,4035.36,4037.52,,
1785315600,4037.52,4038.43,4031.18,4032.61,,
1785319200,4032.61,4034.33,4025.93,4027.49,,
1785322800,4027.49,4036.13,4024.88,4032.7,,
1785326400,4032.7,4033.37,4009.19,4022.52,,
1785330000,4022.52,4026.36,4002.38,4007.27,,
1785333600,4007.27,4010.08,3995.83,4004.71,,
1785337200,4004.71,4013.8,4003.13,4009.66,,
1785340800,4009.66,4032.74,4007.41,4027.24,,
1785344400,4027.24,4050.54,4027.2,4043.61,,
1785348000,4043.61,4109.82,4041.71,4106.73,,
1785351600,4106.73,4116.46,4044.24,4044.71,,
1785355200,4044.71,4070.21,4042.83,4067.82,,
1785362400,4067.82,4090.65,4064.16,4088.34,,
1785366000,4088.34,4100.3,4084.34,4084.59,,
1785369600,4084.59,4086.67,4064.85,4072.19,,
1785373200,4072.19,4092.93,4070.09,4084.68,,
1785376800,4084.68,4090.46,4063.41,4063.58,,
1785380400,4063.58,4070.19,4050.54,4058.77,,
1785384000,4058.77,4060.21,4044.26,4046,,
1785387600,4046,4051.29,4028.12,4033.68,,
1785391200,4033.68,4040.48,4029.35,4036.46,,
1785394800,4036.46,4051.35,4035.33,4038.84,,
1785398400,4038.84,4072.79,4036.62,4061.35,,
1785402000,4061.35,4073.03,4060.32,4063.34,,
1785405600,4063.34,4083.19,4062.87,4077.98,,
1785409200,4077.98,4082.85,4075.54,4077.69,,
1785412800,4077.69,4086.39,4067.07,4068.94,,
1785416400,4068.94,4112.06,4065.03,4111.88,,
1785420000,4111.88,4120,4086.69,4099.97,,
1785423600,4099.97,4110.19,4083.08,4108.11,,
1785427200,4108.11,4119.15,4106.38,4110.66,,
1785430800,4110.66,4111.21,4098.45,4102.6,,
1785434400,4102.6,4107.77,4098.71,4099.71,,
1785438000,4099.71,4115.3,4098.71,4111.92,,
1785441600,4111.92,4117.32,4098.77,4102.92,,
1785448800,4102.92,4111.24,4102.54,4109.06,,
1785452400,4109.06,4111.76,4102.08,4105.84,,
1785456000,4105.84,4107.14,4090.37,4094.59,,
1785459600,4094.59,4101.42,4081.9,4084.24,,
1785463200,4084.24,4090.38,4074.16,4076,,
1785466800,4076,4079.54,4071.88,4074.96,,
1785470400,4074.96,4081.47,4073.1,4080.04,,
1785474000,4080.04,4083.22,4073.24,4074.21,,
1785477600,4074.21,4087.29,4072.65,4077.69,,
1785481200,4077.69,4079.22,4067.5,4067.66,,
1785484800,4067.66,4067.69,4053.99,4060.82,,
1785488400,4060.82,4063.91,4050.18,4055.04,,
1785492000,4055.04,4058.29,4051.96,4054.48,,
1785495600,4054.48,4060.98,4050.59,4053.63,,
1785499200,4053.63,4059.27,4040.27,4040.67,,
1785502800,4040.67,4046.89,4021.92,4025.41,,
1785506400,4025.41,4050.31,4020.76,4049.07,,
1785510000,4049.07,4052.6,4036.55,4045.41,,
1785513600,4045.41,4049.79,4041.12,4043.22,,
1785517200,4043.22,4054.62,4041.4,4053.5,,
1785520800,4053.5,4055.17,4046.96,4050.66,,
1785524400,4050.66,4055.54,4046.8,4050.69,,
1785528000,4050.69,4052.9,4045.15,4050.83,,
1785708000,4050.83,4079.25,4050.83,4063.66,,
1785711600,4063.66,4074.97,4063.07,4074.87,,
1785715200,4074.89,4078.96,4055.55,4057.12,,
1785718800,4057.12,4063.12,4047.38,4056.58,,
1785722400,4056.58,4067.03,4051.94,4062.44,,
1785726000,4062.44,4067.91,4059.23,4064.96,,
1785729600,4064.96,4071.83,4063.73,4063.75,,
1785733200,4063.75,4069.8,4054.06,4068.77,,
1785736800,4068.77,4071.91,4060.19,4063.95,,
1785740400,4063.95,4065.07,4051.97,4060.99,,
1785744000,4060.99,4062.41,4054.17,4059.34,,
1785747600,4059.34,4062.03,4046.49,4055.17,,
1785751200,4055.17,4057.03,4046.03,4049.32,,
1785754800,4049.32,4063.1,4045.4,4062.43,,
1785758400,4062.43,4064.53,4042.22,4047.66,,
1785762000,4047.66,4053.47,4019.03,4031.67,,
1785765600,4031.67,4039.19,4026.54,4036.15,,
1785769200,4036.15,4040.9,4030.47,4036.1,,
1785772800,4036.1,4039.15,4034.54,4036.95,,
1785776400,4036.95,4037.72,4030.15,4030.49,,
1785780000,4030.49,4044.96,4029.66,4043.47,,
1785783600,4043.47,4055.74,4043.38,4051.87,,
1785787200,4051.87,4058,4050.21,4054.85,,
1785794400,4054.85,4054.85,4048.83,4052.72,,
1785798000,4052.72,4055.02,4049.9,4053.89,,
1785801600,4053.89,4069.1,4048.75,4049.36,,
1785805200,4049.36,4061.6,4042.53,4058.71,,
1785808800,4058.71,4065.06,4055.51,4058.92,,
1785812400,4058.92,4061.63,4052.04,4052.35,,
1785816000,4052.35,4066.15,4051.1,4063.91,,
1785819600,4063.91,4067.62,4057.26,4061.91,,
1785823200,4061.91,4066.23,4055.67,4063.34,,
1785826800,4063.34,4066.7,4060.76,4065.48,,
1785830400,4065.48,4072.81,4054.54,4054.96,,
1785834000,4054.96,4055.38,4046.22,4049.8,,
1785837600,4049.8,4060.65,4045.53,4053.82,,
1785841200,4053.82,4084.28,4052.21,4075.01,,
1785844800,4075.01,4084.28,4060.98,4070.76,,
1785848400,4070.76,4093.76,4061.18,4083.81,,
1785852000,4083.81,4091.74,4074.41,4083.43,,
1785855600,4083.43,4088.79,4074.84,4087.17,,
1785859200,4087.17,4093.5,4082.82,4093.18,,
1785862800,4093.18,4106.14,4086.05,4086.05,,
1785866400,4086.05,4088.96,4075.12,4079.89,,
1785870000,4079.89,4084.72,4076.31,4078.44,,
1785873600,4078.44,4080.21,4074.7,4077.27,,
1785880800,4077.27,4085.83,4075.68,4075.7,,
1785884400,4075.7,4077.17,4065.46,4072.44,,
1785888000,4072.44,4083.47,4070.27,4082.41,,
1785891600,4082.41,4102.42,4077.59,4101.31,,
1785895200,4101.31,4135.38,4095.59,4129,,
1785898800,4129,4136.5,4126.78,4128.11,,
1785902400,4128.11,4141.33,4128.09,4135.42,,
1785906000,4135.42,4172.85,4134.64,4161.7,,
1785909600,4161.7,4178.35,4160.05,4177.37,,
1785913200,4177.37,4179.5,4162.2,4170.82,,
1785916800,4170.82,4172.68,4159.04,4160.49,,
1785920400,4160.49,4167.02,4153.11,4157.93,,
1785924000,4157.93,4161.6,4150.12,4161.45,,
1785927600,4161.45,4192.61,4160.87,4188.74,,
1785931200,4188.74,4213.39,4183,4183.86,,
1785934800,4183.86,4206.66,4183.68,4205.71,,
1785938400,4205.71,4247.51,4203.23,4244.09,,
1785942000,4244.09,4265.19,4232.01,4232.67,,
1785945600,4232.67,4247.3,4224.71,4242.32,,
1785949200,4242.32,4252.41,4236.66,4250.18,,
1785952800,4250.18,4268.13,4249.1,4260.84,,
1785956400,4260.84,4262.1,4246.22,4246.93,,
1785960000,4246.93,4249.66,4243.08,4247.07,,
1785967200,4247.07,4253.94,4245.48,4249.97,,
1785970800,4249.97,4281.95,4249.17,4278.05,,
1785974400,4278.05,4300.31,4264.35,4294.67,,
1785978000,4294.67,4302.67,4272.81,4286.39,,
1785981600,4286.39,4304.06,4274.74,4278.55,,
1785985200,4278.55,4280.9,4260.3,4265.74,,
1785988800,4265.74,4267.22,4252.78,4262.16,,
1785992400,4262.16,4268.54,4246.68,4267.21,,
1785996000,4267.21,4268.53,4249.18,4255.93,,
1785999600,4255.93,4265.36,4252.29,4262.66,,
1786003200,4262.66,4278.82,4260.18,4278.18,,
1786006800,4278.18,4284.8,4271.04,4272.92,,
1786010400,4272.92,4273.49,4264.55,4270.83,,
1786014000,4270.83,4273.36,4254.12,4263.2,,
1786017600,4263.2,4270.92,4248.94,4250.11,,
1786021200,4250.11,4274.14,4230.36,4266.96,,
1786024800,4266.96,4275.25,4260.06,4272.97,,
1786028400,4272.97,4274.2,4229.01,4233.69,,
1786032000,4233.69,4243.11,4223.3,4241.28,,
1786035600,4241.28,4248.16,4238.33,4247.06,,
1786039200,4247.06,4249.58,4240.73,4243.31,,
1786042800,4243.31,4251.26,4232.85,4248.76,,
1786046400,4248.76,4250.07,4234.76,4239.43,,
1786053600,4239.43,4243.53,4235.7,4240.71,,
1786057200,4240.71,4253,4240.18,4252.29,,
1786060800,4252.29,4252.91,4229.59,4232.62,,
1786064400,4232.62,4259.24,4231.24,4256.83,,
1786068000,4256.83,4261.64,4246.88,4250.24,,
1786071600,4250.24,4266.47,4249.41,4266.29,,
1786075200,4266.29,4269.26,4260.44,4264.9,,
1786078800,4264.9,4280.47,4261.92,4278.72,,
1786082400,4278.72,4298.8,4278.3,4297.26,,
1786086000,4297.26,4297.95,4282.78,4289.98,,
1786089600,4289.98,4316.69,4288.94,4306.06,,
1786093200,4306.06,4320.92,4302.14,4316.05,,
1786096800,4316.05,4320.62,4307.98,4316.86,,
1786100400,4316.86,4327.68,4316.73,4321.12,,
1786104000,4321.12,4371.81,4300.84,4361.39,,
1786107600,4361.39,4367.85,4339.38,4348.1,,
1786111200,4348.1,4352.94,4327.29,4341.53,,
1786114800,4341.53,4358.41,4339.74,4340.97,,
1786118400,4340.97,4349.66,4329.08,4329.09,,
1786122000,4329.09,4343.07,4327.83,4340.13,,
1786125600,4340.13,4342.93,4332.02,4335.56,,
1786129200,4335.56,4350.43,4335.34,4343.98,,
1786132800,4343.98,4345.25,4336.03,4341.03,,
1786312800,4341.03,4349.68,4331.98,4341.6,,
1786316400,4341.6,4348.97,4331.57,4332.69,,
1786320000,4332.69,4347.08,4330.69,4332,,
1786323600,4332,4340.73,4313.21,4322.3,,
1786327200,4322.3,4332.43,4318.58,4319.64,,
1786330800,4319.64,4329.82,4317.62,4326.71,,
1786334400,4326.71,4339.51,4322.83,4339.38,,
1786338000,4339.38,4352.19,4331.48,4347.31,,
1786341600,4347.31,4359.75,4341.75,4357.95,,
1786345200,4357.95,4362.01,4349.99,4355.31,,
1786348800,4355.31,4356.7,4343.78,4346.59,,
1786352400,4346.59,4349.95,4340.4,4341.09,,
1786356000,4341.09,4344.17,4335.14,4335.65,,
1786359600,4335.65,4339.34,4328.8,4335.06,,
1786363200,4335.06,4337.53,4324.01,4332.46,,
1786366800,4332.46,4339.91,4316.56,4317.98,,
1786370400,4317.98,4351.86,4317.95,4345.36,,
1786374000,4345.36,4359.55,4343.01,4358.51,,
1786377600,4358.51,4364.72,4348.85,4356.83,,
1786381200,4356.83,4365.48,4351.65,4360.33,,
1786384800,4360.33,4382.57,4359.89,4378.43,,
1786388400,4378.43,4395.29,4378.41,4388.41,,
1786392000,4388.41,4392.02,4385.63,4389.28,,
1786399200,4389.28,4401.04,4387.98,4399.73,,
1786402800,4399.73,4402.47,4394.44,4402.18,,
1786406400,4402.18,4419.2,4396.25,4409.39,,
1786410000,4409.39,4434.12,4393.29,4429.64,,
1786413600,4429.64,4435.25,4407.91,4410.77,,
1786417200,4410.77,4421.5,4409.39,4416.7,,
1786420800,4416.7,4420.31,4403.06,4408.88,,
1786424400,4408.88,4409.09,4367.47,4375.35,,
1786428000,4375.35,4382.53,4359.59,4366.28,,
1786431600,4366.28,4367.57,4356.63,4357.63,,
1786435200,4357.63,4376.65,4356.91,4369.03,,
1786438800,4369.03,4375.6,4367.51,4372.31,,
1786442400,4372.31,4382.6,4371.1,4382.31,,
1786446000,4382.31,4392.98,4380.38,4387.61,,
1786449600,4387.61,4400.05,4383.78,4392.38,,
1786453200,4392.38,4404.16,4384.38,4388.94,,
1786456800,4388.94,4397.88,4381.1,4394.05,,
1786460400,4394.05,4398.74,4368.92,4383.72,,
1786464000,4383.72,4385.8,4378.33,4383.23,,
1786467600,4383.23,4385.64,4368.94,4369.02,,
1786471200,4369.02,4372.58,4360.14,4371.49,,
1786474800,4371.49,4374.26,4361.22,4370.58,,
1786478400,4370.58,4371.09,4366.99,4368.69,,
1786485600,4368.69,4378.42,4367.13,4368.89,,
1786489200,4368.89,4374.59,4362.44,4371.4,,
1786492800,4371.4,4383.66,4366.29,4380.52,,
1786496400,4380.52,4397.28,4378.17,4396.29,,
1786500000,4396.29,4414.52,4393.98,4411.08,,
1786503600,4411.08,4416.01,4400.58,4402.18,,
1786507200,4402.18,4403.32,4395.24,4401.07,,
1786510800,4401.07,4404.86,4383.85,4390.87,,
1786514400,4390.87,4406.3,4385.12,4403.4,,
1786518000,4403.4,4410,4398.09,4406.13,,
1786521600,4406.13,4410.57,4401.62,4401.77,,
1786525200,4401.77,4424.25,4401.77,4415.76,,
1786528800,4415.76,4421,4406.83,4412.67,,
1786532400,4412.67,4416.72,4407.82,4412.74,,
1786536000,4412.74,4438.41,4380.8,4437.21,,
1786539600,4437.21,4441.54,4408.29,4427.5,,
1786543200,4427.5,4439.75,4416.31,4421.97,,
1786546800,4421.97,4429.92,4410.91,4421,,
1786550400,4421,4426.39,4396.13,4401.44,,
1786554000,4401.44,4411.51,4398.86,4399.39,,
1786557600,4399.37,4417.8,4396.34,4413.11,,
1786561200,4413.11,4418.34,4408.04,4413.86,,
1786564800,4413.86,4414.19,4406.57,4408.04,,
1786572000,4408.04,4409.81,4398.42,4401.65,,
1786575600,4402.26,4414.46,4401.73,4414.41,,
1786579200,4414.41,4449.64,4412.88,4427.91,,
1786582800,4427.91,4435.39,4406.16,4408.43,,
1786586400,4408.43,4414.04,4399.03,4406.96,,
1786590000,4406.96,4412.17,4398.58,4400.13,,
1786593600,4400.13,4400.43,4391.59,4397.77,,
1786597200,4397.77,4407.21,4380.55,4382.96,,
1786600800,4382.96,4385.51,4368.81,4380.87,,
1786604400,4380.87,4381.7,4369.23,4369.9,,
1786608000,4369.9,4379.12,4364.14,4375.9,,
1786611600,4375.9,4384.84,4372.48,4384.49,,
1786615200,4384.49,4393.73,4381.35,4392.07,,
1786618800,4392.07,4396.46,4382.76,4387.7,,
1786622400,4387.7,4401.87,4381.05,4401.81,,
1786626000,4401.81,4401.82,4370.68,4372.73,,
1786629600,4372.73,4386.87,4357.67,4383.66,,
1786633200,4383.66,4385.61,4357.55,4364.95,,
1786636800,4364.95,4368.34,4351.26,4366.85,,
1786640400,4366.85,4373.3,4355.58,4355.85,,
1786644000,4355.85,4363.55,4354.57,4356.93,,
1786647600,4356.93,4358.77,4343.6,4350.03,,
1786651200,4350.03,4352.22,4346.84,4349.95,,
1786658400,4349.95,4362.71,4349.95,4354.51,,
1786662000,4354.51,4364.08,4349.15,4356.61,,
1786665600,4356.61,4361.89,4328.87,4340.99,,
1786669200,4340.99,4341.35,4312.27,4318.12,,
1786672800,4318.12,4322.71,4310.81,4315.79,,
1786676400,4315.79,4328.11,4313.74,4323.43,,
1786680000,4323.43,4327.7,4322.62,4326.85,,
1786683600,4326.85,4333.55,4310.87,4333.55,,
1786687200,4333.55,4336.56,4327.91,4335.58,,
1786690800,4335.58,4345.2,4329.72,4343.64,,
1786694400,4343.64,4349.68,4341.83,4348.6,,
1786698000,4348.6,4357.36,4345.99,4357.08,,
1786701600,4357.08,4358.61,4348.18,4349.3,,
1786705200,4349.3,4369.29,4348.43,4369.1,,
1786708800,4369.1,4386.85,4365.91,4373.45,,
1786712400,4373.45,4396.49,4370.16,4384.16,,
1786716000,4384.16,4394.53,4378.82,4381.37,,
1786719600,4381.37,4394.64,4379.03,4391.64,,
1786723200,4391.64,4396.63,4380.31,4385.82,,
1786726800,4385.82,4386.45,4376.21,4378.44,,
1786730400,4378.44,4382.73,4370.75,4373.55,,
1786734000,4373.55,4379.79,4372.04,4376.04,,
1786737600,4376.04,4376.79,4371.21,4375.58,,
1786917600,4375.58,4386.84,4371.62,4385.89,,
1786921200,4385.89,4386.29,4367.02,4370.21,,
1786924800,4370.21,4402.04,4367.94,4400.98,,
1786928400,4400.98,4416.33,4392.01,4395.6,,
1786932000,4395.6,4398.31,4388.24,4393.12,,
1786935600,4393.12,4397.55,4388.11,4396.93,,
1786939200,4396.93,4399.52,4388.93,4390.72,,
1786942800,4390.72,4401.19,4386.88,4394.68,,
1786946400,4394.68,4404.49,4392.71,4402.99,,
1786950000,4402.99,4411.19,4395.93,4405.21,,
1786953600,4405.21,4405.21,4392.5,4395.08,,
1786957200,4395.08,4400.52,4392.56,4395.5,,
1786960800,4395.5,4405.76,4391.9,4398.97,,
1786964400,4398.97,4404.8,4395.45,4396.75,,
1786968000,4396.75,4398.74,4377.19,4384.85,,
1786971600,4384.85,4415.97,4381.82,4408.71,,
1786975200,4408.71,4427.42,4403.76,4417.3,,
1786978800,4417.3,4427.81,4415.28,4427.58,,
1786982400,4427.58,4428.76,4422.52,4424.15,,
1786986000,4424.15,4426.06,4411.22,4413.67,,
1786989600,4413.67,4416.03,4398.28,4406.54,,
1786993200,4406.54,4420.94,4400.15,4419.91,,
1786996800,4419.91,4421.37,4414.47,4415.86,,
1787004000,4415.86,4418.24,4410.37,4411.65,,
1787007600,4411.65,4425.98,4409.6,4425.87,,
1787011200,4425.87,4434.94,4418.98,4434.78,,
1787014800,4434.78,4436.14,4404.2,4407.91,,
1787018400,4407.91,4408.06,4393.99,4399.9,,
1787022000,4399.9,4403.97,4390.53,4391.82,,
1787025600,4391.82,4395.46,4389.06,4393.64,,
1787029200,4393.64,4397.53,4386.01,4394.26,,
1787032800,4394.26,4400.14,4387.61,4398.69,,
1787036400,4398.69,4403.57,4395.36,4395.54,,
1787040000,4395.54,4398.57,4386.79,4393.22,,
1787043600,4393.22,4394.89,4386.93,4393.26,,
1787047200,4393.26,4399.57,4389.67,4397.58,,
1787050800,4397.58,4398.63,4388.55,4395.91,,
1787054400,4395.91,4400.81,4389.94,4394.17,,
1787058000,4394.17,4406.44,4376.07,4394.55,,
1787061600,4394.55,4406.34,4363.7,4366.59,,
1787065200,4366.59,4377.54,4351.54,4364.82,,
1787068800,4364.82,4371.65,4362.67,4363.81,,
1787072400,4363.81,4368.13,4356.57,4357.64,,
1787076000,4357.64,4360.97,4352.61,4354.24,,
1787079600,4354.24,4358.65,4338.46,4345.54,,
1787083200,4345.54,4346.33,4328.97,4334.14,,
1787090400,4334.14,4343.51,4332.45,4333.84,,
1787094000,4333.84,4338.26,4326.94,4332.95,,
1787097600,4332.95,4347.14,4331.39,4337.9,,
1787101200,4337.9,4357.52,4324.43,4356.41,,
1787104800,4356.41,4361.89,4351.45,4354.92,,
1787108400,4354.92,4360.24,4351.81,4354.9,,
1787112000,4354.9,4356.08,4343.71,4348.39,,
1787115600,4348.39,4350.61,4335.12,4335.54,,
1787119200,4335.54,4349.31,4335.28,4349.02,,
1787122800,4349.02,4363.08,4347.37,4354.74,,
1787126400,4354.74,4362.97,4350.98,4355.6,,
1787130000,4355.6,4361.93,4353.41,4361.86,,
1787133600,4361.86,4369.43,4359.49,4367.28,,
1787137200,4367.28,4374.01,4363.16,4364.61,,
1787140800,4364.61,4442.12,4361.99,4438.62,,
1787144400,4438.62,4466.21,4424.36,4459.62,,
1787148000,4459.62,4491.37,4455.16,4489.6,,