time,open,high,low,close,MA 1,MA 2
1773630000,24477.32,24526.7,24476.7,24519.82,,
1773633600,24519.82,24537.2,24494.57,24495.2,,
1773637200,24495.2,24549.45,24495.07,24547.95,,
1773640800,24547.95,24553.82,24525.07,24553.07,,
1773644400,24553.07,24571.45,24493.07,24501.95,,
1773648000,24501.95,24557.57,24485.95,24517.57,,
1773651600,24517.57,24523.95,24466.57,24480.57,,
1773655200,24480.57,24600.57,24476.07,24592.7,,
1773658800,24592.7,24624.2,24564.82,24613.95,,
1773662400,24613.95,24676.45,24612.7,24646.2,,
1773666000,24646.2,24729.22,24612.85,24724.97,,
1773669600,24724.97,24752.47,24609.47,24682.6,,
1773673200,24682.6,24726.97,24636.85,24664.22,,
1773676800,24664.22,24692.22,24608.35,24663.1,,
1773680400,24663.1,24711.35,24641.1,24670.6,,
1773684000,24670.6,24722.47,24666.1,24693.1,,
1773687600,24693.1,24803.72,24626.72,24658.35,,
1773691200,24658.35,24673.2,24634.57,24645.39,,
1773698400,24645.39,24652.15,24610.7,24615.2,,
1773702000,24615.2,24657.7,24612.65,24656.45,,
1773705600,24656.45,24657.45,24581.7,24591.45,,
1773709200,24591.45,24624.58,24587.83,24612.95,,
1773712800,24612.95,24615.95,24564.45,24569.33,,
1773716400,24569.33,24588.08,24558.83,24569.2,,
1773720000,24569.2,24625.95,24566.58,24614.2,,
1773723600,24614.2,24631.2,24532.2,24534.45,,
1773727200,24534.45,24552.7,24508.83,24533.08,,
1773730800,24533.08,24594.83,24516.2,24548.9,,
1773734400,24548.9,24586.58,24517.33,24546.95,,
1773738000,24546.95,24627.58,24546.83,24621.2,,
1773741600,24621.2,24621.2,24570.83,24610.2,,
1773745200,24610.2,24635.83,24588.15,24590.2,,
1773748800,24590.2,24713.7,24588.65,24707.4,,
1773752400,24707.4,24885.48,24704.9,24863.65,,
1773756000,24863.65,24868.15,24769.85,24848.35,,
1773759600,24848.35,24860.6,24725.85,24764.85,,
1773763200,24764.85,24800.1,24722.48,24771.1,,
1773766800,24771.1,24817.23,24769.85,24808.35,,
1773770400,24808.35,24830.35,24764.23,24776.1,,
1773774000,24776.1,24799.48,24754.73,24782.73,,
1773777600,24782.73,24799.95,24776.08,24795.65,,
1773784800,24795.65,24797.37,24765.17,24780.42,,
1773788400,24780.42,24798.17,24769.92,24778.05,,
1773792000,24778.05,24856.67,24772.05,24853.55,,
1773795600,24853.55,24871.55,24853.55,24870.42,,
1773799200,24870.42,24902.42,24868.3,24891.42,,
1773802800,24891.42,24917.05,24881.17,24910.05,,
1773806400,24910.05,24920.92,24903.92,24912.8,,
1773810000,24912.8,24942.67,24908.55,24941.17,,
1773813600,24941.17,24982.55,24938.87,24954.17,,
1773817200,24954.17,24959.55,24931.67,24934.67,,
1773820800,24934.67,24957.8,24927.17,24944.42,,
1773824400,24944.42,24962.67,24932.42,24942.17,,
1773828000,24942.17,24969.42,24932.55,24934.12,,
1773831600,24934.12,24949.42,24871.55,24885.8,,
1773835200,24885.8,24891.3,24645.12,24656.8,,
1773838800,24656.8,24772.2,24640.42,24743.07,,
1773842400,24743.07,24758.45,24588.82,24659.07,,
1773846000,24659.07,24706.7,24636.45,24674.07,,
1773849600,24674.07,24685.45,24606.57,24620.57,,
1773853200,24620.57,24657.12,24572.2,24647.12,,
1773856800,24647.12,24689.7,24518.07,24520.45,,
1773860400,24520.45,24577.07,24419.57,24429.95,,
1773864000,24429.95,24456.12,24342.67,24383.62,,
1773871200,24383.62,24398.96,24342.46,24373.96,,
1773874800,24373.96,24422.39,24372.21,24396.96,,
1773878400,24396.96,24422.71,24367.46,24398.71,,
1773882000,24398.71,24447.96,24384.71,24419.71,,
1773885600,24419.71,24501.96,24381.21,24474.46,,
1773889200,24474.46,24494.01,24443.21,24443.96,,
1773892800,24443.96,24443.96,24390.46,24409.71,,
1773896400,24409.71,24427.71,24355.96,24373.96,,
1773900000,24373.96,24418.96,24353.71,24385.46,,
1773903600,24385.46,24405.96,24324.71,24338.21,,
1773907200,24338.21,24373.96,24288.21,24327.71,,
1773910800,24327.71,24430.46,24282.96,24409.46,,
1773914400,24409.46,24409.46,24351.71,24371.21,,
1773918000,24371.21,24392.96,24289.96,24324.96,,
1773921600,24324.96,24336.96,24205.96,24228.21,,
1773925200,24228.21,24302.66,24110.21,24279.46,,
1773928800,24279.46,24328.54,24192.29,24273.66,,
1773932400,24273.66,24360.04,24183.71,24257.96,,
1773936000,24257.96,24305.16,24207.79,24238.79,,
1773939600,24238.79,24263.66,24163.21,24235.96,,
1773943200,24235.96,24305.29,24203.71,24290.71,,
1773946800,24290.71,24468.71,24288.21,24357.54,,
1773950400,24357.54,24411.26,24344.51,24378.46,,
1773957600,24378.46,24431.1,24378.46,24418.47,,
1773961200,24418.47,24440.6,24387.97,24402.1,,
1773964800,24402.1,24424.47,24364.97,24380.97,,
1773968400,24380.97,24442.85,24374.6,24400.35,,
1773972000,24400.35,24424.22,24394.22,24403.1,,
1773975600,24403.1,24410.97,24380.1,24393.1,,
1773979200,24393.1,24404.85,24367.47,24368.47,,
1773982800,24368.47,24385.6,24342.1,24375.1,,
1773986400,24375.1,24386.47,24301.72,24311.85,,
1773990000,24311.85,24389.6,24266.1,24376.1,,
1773993600,24376.1,24397.6,24336.1,24341.35,,
1773997200,24341.35,24367.6,24191.1,24214.1,,
1774000800,24214.1,24222.1,24102.85,24188.97,,
1774004400,24188.97,24250.35,24182.97,24226.35,,
1774008000,24226.35,24283.72,24208.85,24279.1,,
1774011600,24279.1,24309.6,24063.25,24068.62,,
1774015200,24068.62,24110.62,24015,24053.87,,
1774018800,24053.87,24122.12,24020.12,24094.62,,
1774022400,24094.62,24139.12,24019.12,24055.12,,
1774026000,24055.12,24074.62,23951.37,23994.87,,
1774029600,23994.87,24004,23857,23876.5,,
1774033200,23876.5,23900.62,23755.62,23896,,
1774036800,23896,23960.72,23878.72,23955.67,,
1774216800,23955.67,23955.67,23683.42,23834.22,,
1774220400,23834.22,23872.6,23765.22,23795.6,,
1774224000,23795.6,23879.6,23730.1,23739.22,,
1774227600,23739.22,23861.85,23726.6,23833.35,,
1774231200,23833.35,23857.72,23779.35,23798.6,,
1774234800,23798.6,23816.22,23739.72,23743.1,,
1774238400,23743.1,23793.22,23735.47,23785.97,,
1774242000,23785.97,23822.97,23724.6,23763.35,,
1774245600,23763.35,23765.72,23616.6,23644.97,,
1774249200,23644.97,23702.97,23562.97,23631.35,,
1774252800,23631.35,23744.6,23631.35,23721.1,,
1774256400,23721.1,23760.22,23634.72,23672.6,,
1774260000,23672.6,23718.22,23605.35,23669.85,,
1774263600,23669.85,24550.17,23666.1,24180.42,,
1774267200,24180.42,24409.1,24134.92,24398.47,,
1774270800,24398.47,24431.1,24224.5,24391.25,,
1774274400,24391.25,24477.62,24318.37,24400,,
1774278000,24400,24476.62,24161,24170.87,,
1774281600,24170.87,24254.75,24099.25,24158.5,,
1774285200,24158.5,24261.25,24101.37,24258.25,,
1774288800,24258.25,24326.12,24207.37,24304.5,,
1774292400,24304.5,24306.87,24189.62,24189.62,,
1774296000,24189.62,24223.22,24149.1,24190.67,,
1774303200,24190.67,24288.72,24178.47,24281.72,,
1774306800,24281.72,24281.97,24227.22,24256.22,,
1774310400,24256.22,24257.35,24068.92,24123.47,,
1774314000,24123.47,24125.22,24032.72,24063.72,,
1774317600,24063.72,24093.35,24022.72,24048.97,,
1774321200,24048.97,24081.47,24030.85,24075.97,,
1774324800,24075.97,24102.6,24040.72,24057.22,,
1774328400,24057.22,24103.85,23993.35,24061.6,,
1774332000,24061.6,24195.22,24059.35,24176.72,,
1774335600,24176.72,24305.85,24171.22,24266.22,,
1774339200,24266.22,24290.72,24161.47,24177.47,,
1774342800,24177.47,24229.1,24103.97,24219.97,,
1774346400,24219.97,24233.72,24168.1,24205.72,,
1774350000,24205.72,24223.1,24097.47,24182.72,,
1774353600,24182.72,24196.22,24064.97,24079.22,,
1774357200,24079.22,24116,23935.87,24016,,
1774360800,24016,24141.87,23976.25,24043.5,,
1774364400,24043.5,24184.25,24043.12,24095.12,,
1774368000,24095.12,24145.75,24044.37,24081.25,,
1774371600,24081.25,24094.62,23960.62,24042,,
1774375200,24042,24147.25,24009,24075.25,,
1774378800,24075.25,24119,23991.12,24018.12,,
1774382400,24018.12,24343.17,24013.72,24203.05,,
1774389600,24203.05,24265.91,24190.41,24235.79,,
1774393200,24235.79,24251.41,24211.54,24222.04,,
1774396800,24222.04,24302.29,24193.04,24257.79,,
1774400400,24257.79,24276.79,24202.29,24205.29,,
1774404000,24205.29,24209.16,24143.04,24146.04,,
1774407600,24146.04,24197.79,24129.79,24189.54,,
1774411200,24189.54,24229.41,24184.79,24227.66,,
1774414800,24227.66,24237.66,24182.79,24190.41,,
1774418400,24190.41,24198.41,24134.04,24186.54,,
1774422000,24186.54,24228.41,24161.16,24216.66,,
1774425600,24216.66,24343.04,24216.66,24248.54,,
1774429200,24248.54,24289.54,24221.54,24263.04,,
1774432800,24263.04,24295.79,24235.41,24256.54,,
1774436400,24256.54,24331.04,24250.91,24304.16,,
1774440000,24304.16,24348.54,24182.66,24257.29,,
1774443600,24257.29,24334.94,24173.19,24176.94,,
1774447200,24176.94,24328.19,24138.56,24293.56,,
1774450800,24293.56,24303.19,24097.19,24187.44,,
1774454400,24187.44,24258.69,24141.19,24231.19,,
1774458000,24231.19,24301.56,24187.31,24235.31,,
1774461600,24235.31,24260.56,24133.31,24164.94,,
1774465200,24164.94,24201.31,24121.94,24182.44,,
1774468800,24182.44,24201.66,24159.29,24177.49,,
1774476000,24177.49,24184.61,24131.41,24132.66,,
1774479600,24132.66,24150.66,24103.16,24141.54,,
1774483200,24141.54,24228.66,24137.79,24173.91,,
1774486800,24173.91,24200.41,24149.79,24180.04,,
1774490400,24180.04,24197.29,24069.16,24103.41,,
1774494000,24103.41,24239.29,24101.16,24198.29,,
1774497600,24198.29,24203.66,24136.79,24143.66,,
1774501200,24143.66,24159.04,24070.04,24074.04,,
1774504800,24074.04,24113.91,24051.54,24108.91,,
1774508400,24108.91,24115.29,24023.66,24078.41,,
1774512000,24078.41,24105.16,23973.86,24012.66,,
1774515600,24012.66,24015.79,23929.16,23974.16,,
1774519200,23974.16,24020.91,23951.66,23995.91,,
1774522800,23995.91,24007.29,23918.29,23921.66,,
1774526400,23921.66,23966.41,23893.54,23937.04,,
1774530000,23937.04,24050.94,23886.81,24036.81,,
1774533600,24036.81,24055.69,23851.11,23921.81,,
1774537200,23921.81,23948.56,23870.94,23912.06,,
1774540800,23912.06,23920.44,23789.94,23817.19,,
1774544400,23817.19,23836.94,23671.31,23680.81,,
1774548000,23680.81,23719.94,23665.06,23702.06,,
1774551600,23702.06,23705.31,23594.94,23605.81,,
1774555200,23605.81,23837.36,23582.54,23638.36,,
1774562400,23638.36,23717.24,23638.36,23698.24,,
1774566000,23698.24,23719.99,23670.49,23705.12,,
1774569600,23705.12,23733.87,23635.37,23646.49,,
1774573200,23646.49,23702.87,23635.37,23699.99,,
1774576800,23699.99,23714.12,23673.87,23682.49,,
1774580400,23682.49,23726.12,23667.87,23724.12,,
1774584000,23724.12,23748.87,23710.62,23744.87,,
1774587600,23744.87,23803.62,23743.62,23755.37,,
1774591200,23755.37,23783.24,23723.62,23733.87,,
1774594800,23733.87,23735.12,23683.12,23700.24,,
1774598400,23700.24,23720.24,23599.87,23606.74,,
1774602000,23606.74,23639.49,23538.62,23567.62,,
1774605600,23567.62,23594.99,23461.12,23477.74,,
1774609200,23477.74,23517.49,23441.74,23492.12,,
1774612800,23492.12,23495.37,23426.24,23442.12,,
1774616400,23442.12,23490.64,23301.64,23309.19,,
1774620000,23309.19,23387.02,23270.77,23340.52,,
1774623600,23340.52,23437.64,23287.77,23378.77,,
1774627200,23378.77,23385.14,23273.27,23303.27,,
1774630800,23303.27,23355.64,23175.39,23189.27,,
1774634400,23189.27,23222.77,23157.02,23168.64,,
1774638000,23168.64,23189.14,23098.52,23140.64,,
1774641600,23140.64,23157.24,23061.99,23087.82,,
1774821600,23087.82,23087.82,22973.870000000003,23046.620000000003,,
1774825200,23046.620000000003,23061.99,22947.120000000003,22965.620000000003,,
1774828800,22965.620000000003,23101.370000000003,22931.99,22989.120000000003,,
1774832400,22989.120000000003,23048.120000000003,22974.120000000003,23039.99,,
1774836000,23039.99,23112.99,23033.190000000002,23090.49,,
1774839600,23090.49,23144.370000000003,23089.120000000003,23133.99,,
1774843200,23133.99,23194.620000000003,23126.620000000003,23158.99,,
1774846800,23158.99,23200.24,23157.870000000003,23184.370000000003,,
1774850400,23184.370000000003,23253.620000000003,23175.99,23228.620000000003,,
1774854000,23228.620000000003,23252.370000000003,23198.24,23235.620000000003,,
1774857600,23235.620000000003,23287.870000000003,23212.24,23281.620000000003,,
1774861200,23281.620000000003,23289.370000000003,23228.49,23241.870000000003,,
1774864800,23241.870000000003,23254.870000000003,23212.24,23249.870000000003,,
1774868400,23249.870000000003,23408.940000000002,23245.24,23297.49,,
1774872000,23297.49,23361.99,23275.120000000003,23344.620000000003,,
1774875600,23344.620000000003,23376.77,23131.890000000003,23141.27,,
1774879200,23141.27,23221.27,23101.27,23216.77,,
1774882800,23216.77,23275.140000000003,23121.140000000003,23213.27,,
1774886400,23213.27,23219.27,23106.140000000003,23127.140000000003,,
1774890000,23127.140000000003,23145.640000000003,23008.52,23049.77,,
1774893600,23049.77,23051.640000000003,22954.02,22959.52,,
1774897200,22959.52,23003.77,22863.390000000003,22974.77,,
1774900800,22974.77,22982.74,22930.120000000003,22944.57,,
1774908000,22944.57,22997.75,22944.57,22951.63,,
1774911600,22951.63,22951.63,22872.7,22896.75,,
1774915200,22896.75,23135,22812.88,23052.75,,
1774918800,23052.75,23248.13,23011.38,23190.5,,
1774922400,23190.5,23256.25,23173.75,23196.63,,
1774926000,23196.63,23248.63,23161.7,23169.75,,
1774929600,23169.75,23193.25,23128.5,23134.75,,
1774933200,23134.75,23189.63,23085.25,23161,,
1774936800,23161,23169.75,23116.5,23142.63,,
1774940400,23142.63,23222.25,23089.38,23220.88,,
1774944000,23220.88,23241.5,23144.45,23163.25,,
1774947600,23163.25,23202.13,23144.75,23156.38,,
1774951200,23156.38,23183.38,23089.25,23135.5,,
1774954800,23135.5,23249.13,23114.38,23210.5,,
1774958400,23210.5,23287,23162.75,23221.13,,
1774962000,23221.13,23425.4,23208.88,23416.7,,
1774965600,23416.7,23438.15,23228.780000000002,23260.530000000002,,
1774969200,23260.530000000002,23410.65,23259.280000000002,23297.780000000002,,
1774972800,23297.780000000002,23707.9,23287.280000000002,23626.280000000002,,
1774976400,23626.280000000002,23727.530000000002,23598.9,23611.780000000002,,
1774980000,23611.780000000002,23723.15,23611.280000000002,23707.280000000002,,
1774983600,23707.280000000002,23826.030000000002,23685.4,23762.780000000002,,
1774987200,23762.780000000002,23796.5,23719.75,23756.58,,
1774994400,23756.58,23819.32,23726.390000000003,23803.57,,
1774998000,23803.57,23891.32,23789.07,23882.32,,
1775001600,23882.32,23893.940000000002,23838.190000000002,23881.690000000002,,
1775005200,23881.690000000002,23888.07,23812.940000000002,23823.440000000002,,
1775008800,23823.440000000002,23841.440000000002,23802.07,23812.690000000002,,
1775012400,23812.690000000002,23838.57,23809.390000000003,23827.690000000002,,
1775016000,23827.690000000002,23867.82,23824.440000000002,23858.32,,
1775019600,23858.32,23919.32,23853.07,23886.690000000002,,
1775023200,23886.690000000002,24022.940000000002,23884.690000000002,24014.82,,
1775026800,24014.82,24026.82,23918.390000000003,23923.690000000002,,
1775030400,23923.690000000002,23952.57,23872.390000000003,23916.690000000002,,
1775034000,23916.690000000002,23936.82,23849.57,23915.07,,
1775037600,23915.07,23985.32,23896.32,23973.190000000002,,
1775041200,23973.190000000002,24051.190000000002,23968.440000000002,24036.190000000002,,
1775044800,24036.190000000002,24084.140000000003,23895.57,23907.190000000002,,
1775048400,23907.190000000002,24040.22,23882.390000000003,23963.140000000003,,
1775052000,23963.140000000003,24115.97,23953.890000000003,24106.34,,
1775055600,24106.34,24172.59,24076.09,24159.97,,
1775059200,24159.97,24176.97,24134.22,24165.09,,
1775062800,24165.09,24193.97,24111.72,24112.72,,
1775066400,24112.72,24119.59,23970.59,24005.22,,
1775070000,24005.22,24099.84,24000.22,24045.97,,
1775073600,24045.97,24061.440000000002,24022.07,24033.52,,
1775080800,24033.52,24048.870000000003,24001.620000000003,24013.620000000003,,
1775084400,24013.620000000003,24046.370000000003,24002.57,24027.25,,
1775088000,24027.25,24089.25,23998.25,24080.370000000003,,
1775091600,24080.370000000003,24080.75,23756.32,23782.620000000003,,
1775095200,23782.620000000003,23810.25,23700.25,23728.75,,
1775098800,23728.75,23737.620000000003,23658.870000000003,23665.120000000003,,
1775102400,23665.120000000003,23685.25,23638.870000000003,23647.75,,
1775106000,23647.75,23670.5,23598,23600.620000000003,,
1775109600,23600.620000000003,23662.25,23596,23659.5,,
1775113200,23659.5,23725.120000000003,23639.120000000003,23722.370000000003,,
1775116800,23722.370000000003,23725.620000000003,23666.25,23678.25,,
1775120400,23678.25,23703.370000000003,23662.5,23674,,
1775124000,23674,23684.25,23618.75,23656,,
1775127600,23656,23665.5,23526.07,23526.870000000003,,
1775131200,23526.870000000003,23601.370000000003,23510.370000000003,23569.25,,
1775134800,23569.25,23752.15,23522.4,23742.15,,
1775138400,23742.15,24106.15,23703.15,24019.27,,
1775142000,24019.27,24058.4,23933.27,23979.65,,
1775145600,23979.65,24020.02,23901.65,23965.15,,
1775149200,23965.15,24026.15,23907.52,23934.65,,
1775152800,23934.65,24009.02,23934.52,23984.4,,
1775156400,23984.4,24069.52,23978.77,24065.27,,
1775160000,24065.27,24077.5,24043,24062.95,,
1775167200,24062.95,24064.210000000003,24024.16,24049.460000000003,,
1775170800,24049.460000000003,24062.34,24035.34,24059.09,,
1775174400,24059.09,24100.710000000003,24058.91,24071.59,,
1775178000,24071.59,24077.34,24041.960000000003,24043.460000000003,,
1775181600,24043.460000000003,24051.59,23997.16,24026.84,,
1775185200,24026.84,24037.960000000003,24007.210000000003,24012.710000000003,,
1775188800,24012.710000000003,24028.84,24003.09,24013.210000000003,,
1775192400,24013.210000000003,24039.210000000003,24005.34,24027.09,,
1775196000,24027.09,24029.84,23985.59,23999.09,,
1775199600,23999.09,24009.210000000003,23966.210000000003,24000.34,,
1775203200,24000.34,24013.210000000003,23988.66,23995.59,,
1775206800,23995.59,23999.960000000003,23977.59,23985.59,,
1775210400,23985.59,23990.460000000003,23972.41,23984.210000000003,,
1775214000,23984.210000000003,24005.460000000003,23959.59,23996.59,,
1775217600,23996.59,24084.16,23958.66,23962.66,,
1775221200,23962.66,23983.09,23951.91,23976.16,,
1775426400,23976.16,23976.16,23834.54,23932.29,,
1775430000,23932.29,23947.41,23894.29,23944.91,,
1775433600,23944.91,24068.41,23940.11,24062.29,,
1775437200,24062.29,24092.79,24037.66,24046.29,,
1775440800,24046.29,24179.79,24041.41,24076.54,,
1775444400,24079.04,24082.79,23976.86,24065.54,,
1775448000,24065.54,24114.29,24060.91,24106.16,,
1775451600,24106.16,24121.41,24066.04,24085.91,,
1775455200,24085.91,24143.66,24069.41,24109.54,,
1775458800,24109.54,24178.41,24061.54,24162.04,,
1775462400,24162.04,24245.54,24162.04,24222.91,,
1775466000,24222.91,24250.41,24185.16,24189.54,,
1775469600,24189.54,24212.29,24123.61,24167.91,,
1775473200,24167.91,24169.66,24136.04,24159.66,,
1775476800,24159.66,24190.54,24141.79,24159.66,,
1775480400,24159.66,24263.61,24101.31,24263.61,,
1775484000,24263.61,24301.44,24116.31,24159.94,,
1775487600,24159.94,24190.69,24107.19,24177.19,,
1775491200,24177.19,24199.94,24136.94,24161.44,,
1775494800,24161.44,24185.69,24057.56,24117.56,,
1775498400,24117.56,24214.06,24099.69,24204.94,,
1775502000,24204.94,24223.31,24180.06,24216.44,,
1775505600,24216.44,24222.54,24187.41,24202.49,,
1775512800,24202.49,24247.42,24167.79,24168.17,,
1775516400,24168.17,24196.67,24164.29,24165.17,,
1775520000,24165.17,24223.29,24143.79,24167.92,,
1775523600,24167.92,24175.92,24034.54,24042.79,,
1775527200,24042.79,24085.54,24018.79,24077.17,,
1775530800,24077.17,24096.17,24058.42,24086.17,,
1775534400,24086.17,24127.79,24064.17,24112.29,,
1775538000,24112.29,24124.29,24070.54,24093.04,,
1775541600,24093.04,24109.79,24072.79,24107.67,,
1775545200,24107.67,24120.67,24075.04,24112.29,,
1775548800,24112.29,24247.67,24112.29,24225.67,,
1775552400,24225.67,24285.79,24218.29,24251.04,,
1775556000,24251.04,24264.79,24050.99,24068.99,,
1775559600,24068.99,24122.42,24043.92,24076.29,,
1775563200,24076.29,24142.92,24004.24,24080.79,,
1775566800,24080.79,24165.19,23984.69,23987.69,,
1775570400,23987.69,24009.94,23860.32,23875.32,,
1775574000,23875.32,23997.44,23807.82,23973.57,,
1775577600,23973.57,24104.57,23972.32,24067.57,,
1775581200,24067.57,24165.07,24035.94,24091.32,,
1775584800,24091.32,24103.69,23942.57,23968.32,,
1775588400,23968.32,24246.57,23948.94,24235.19,,
1775592000,24235.19,24315.79,24211.29,24263.99,,
1775599200,24263.99,24779.95,24221.45,24770.45,,
1775602800,24770.45,24943,24770.45,24907.88,,
1775606400,24907.88,24958.5,24865.38,24938.25,,
1775610000,24938.25,24965.88,24899.95,24951.25,,
1775613600,24951.25,24968.38,24948.75,24968.13,,
1775617200,24968.13,24975.38,24943.75,24959.63,,
1775620800,24959.63,25012.38,24959.63,24981.88,,
1775624400,24981.88,25051.5,24975.75,25048.38,,
1775628000,25048.38,25058.5,25019.13,25027.75,,
1775631600,25027.75,25046.75,24993.13,24999.13,,
1775635200,24999.13,25079.7,24991.5,25072.13,,
1775638800,25072.13,25102.38,25041.13,25057.13,,
1775642400,25057.13,25089,25042.63,25061.38,,
1775646000,25061.38,25091.88,25037.5,25066.25,,
1775649600,25066.25,25113.63,25012.5,25070.25,,
1775653200,25070.25,25106.780000000002,24921.7,24939.4,,
1775656800,24939.4,24962.030000000002,24783.95,24850.280000000002,,
1775660400,24850.280000000002,24946.530000000002,24836.280000000002,24935.9,,
1775664000,24935.9,25014.780000000002,24919.030000000002,24999.4,,
1775667600,24999.4,25013.9,24922.7,24951.530000000002,,
1775671200,24951.530000000002,24988.9,24806.4,24810.9,,
1775674800,24810.9,24954.15,24800.65,24937.15,,
1775678400,24937.15,24952,24890.38,24895.2,,
1775685600,24895.2,24918.640000000003,24865.510000000002,24888.890000000003,,
1775689200,24888.890000000003,24909.510000000002,24877.140000000003,24880.260000000002,,
1775692800,24880.260000000002,24889.010000000002,24853.710000000003,24866.010000000002,,
1775696400,24866.010000000002,24879.640000000003,24835.140000000003,24877.260000000002,,
1775700000,24877.260000000002,24903.760000000002,24876.510000000002,24885.010000000002,,
1775703600,24885.010000000002,24891.640000000003,24863.010000000002,24873.140000000003,,
1775707200,24873.140000000003,24878.010000000002,24860.960000000003,24868.390000000003,,
1775710800,24868.390000000003,24901.140000000003,24848.510000000002,24883.510000000002,,
1775714400,24883.510000000002,24912.510000000002,24871.510000000002,24893.640000000003,,
1775718000,24893.640000000003,24902.760000000002,24819.390000000003,24840.010000000002,,
1775721600,24840.010000000002,24858.260000000002,24807.010000000002,24826.890000000003,,
1775725200,24826.890000000003,24872.640000000003,24818.390000000003,24871.010000000002,,
1775728800,24871.010000000002,24881.260000000002,24835.390000000003,24838.390000000003,,
1775732400,24838.390000000003,24892.760000000002,24831.260000000002,24884.140000000003,,
1775736000,24884.140000000003,24917.390000000003,24870.890000000003,24883.140000000003,,
1775739600,24883.140000000003,24965.66,24860.41,24887.79,,
1775743200,24887.79,24910.41,24815.29,24895.54,,
1775746800,24895.54,25051.79,24870.66,25043.91,,
1775750400,25043.91,25118.91,25016.41,25051.41,,
1775754000,25051.41,25111.16,25042.66,25081.29,,
1775757600,25081.29,25085.91,25000.460000000003,25034.66,,
1775761200,25034.66,25124.16,25030.16,25103.66,,
1775764800,25103.66,25108.260000000002,25074.510000000002,25098.460000000003,,
1775772000,25098.460000000003,25110.04,25058.79,25062.79,,
1775775600,25062.79,25091.04,25048.79,25079.920000000002,,
1775779200,25079.920000000002,25132.79,25061.170000000002,25126.670000000002,,
1775782800,25126.670000000002,25154.29,25111.170000000002,25140.04,,
1775786400,25140.04,25145.920000000002,25109.79,25129.420000000002,,
1775790000,25129.420000000002,25158.29,25126.670000000002,25146.670000000002,,
1775793600,25146.670000000002,25149.170000000002,25121.04,25125.170000000002,,
1775797200,25125.170000000002,25140.420000000002,25113.74,25117.79,,
1775800800,25117.79,25123.170000000002,25074.99,25084.170000000002,,
1775804400,25084.170000000002,25110.420000000002,25078.670000000002,25097.670000000002,,
1775808000,25097.670000000002,25099.29,25058.74,25064.54,,
1775811600,25064.54,25129.920000000002,25061.54,25114.170000000002,,
1775815200,25114.170000000002,25139.170000000002,25096.170000000002,25127.29,,
1775818800,25127.29,25156.670000000002,25117.29,25124.04,,
1775822400,25124.04,25227.74,25119.170000000002,25159.670000000002,,
1775826000,25159.670000000002,25224.940000000002,25146.940000000002,25175.940000000002,,
1775829600,25175.940000000002,25229.07,25124.57,25208.190000000002,,
1775833200,25208.190000000002,25248.940000000002,25101.07,25120.440000000002,,
1775836800,25120.440000000002,25157.57,25078.07,25121.07,,
1775840400,25121.07,25131.32,25079.190000000002,25127.940000000002,,
1775844000,25127.940000000002,25136.940000000002,25095.32,25116.940000000002,,
1775847600,25116.940000000002,25157.82,25114.940000000002,25139.940000000002,,
1775851200,25139.940000000002,25175.54,25132.29,25175.24,,
1776031200,25175.24,25175.24,24768.030000000002,24819.960000000003,,
1776034800,24819.960000000003,24848.960000000003,24785.530000000002,24846.08,,
1776038400,24846.08,24918.83,24812.08,24918.58,,
1776042000,24918.58,24952.960000000003,24914.83,24946.08,,
1776045600,24946.08,24948.210000000003,24919.710000000003,24940.210000000003,,
1776049200,24940.210000000003,24947.210000000003,24916.960000000003,24922.960000000003,,
1776052800,24922.960000000003,24957.960000000003,24912.780000000002,24943.58,,
1776056400,24943.58,24953.210000000003,24922.83,24942.08,,
1776060000,24942.08,24982.210000000003,24940.960000000003,24977.960000000003,,
1776063600,24977.960000000003,24990.710000000003,24950.83,24964.33,,
1776067200,24964.33,24993.460000000003,24952.210000000003,24960.710000000003,,
1776070800,24960.710000000003,24996.08,24960.710000000003,24978.960000000003,,
1776074400,24978.960000000003,25021.210000000003,24972.460000000003,25018.960000000003,,
1776078000,25018.960000000003,25057.460000000003,24947.710000000003,24952.33,,
1776081600,24952.33,25042.210000000003,24936.58,25030.960000000003,,
1776085200,25030.960000000003,25172.980000000003,25019.710000000003,25170.61,,
1776088800,25170.61,25222.230000000003,25110.480000000003,25214.980000000003,,
1776092400,25214.980000000003,25218.11,25160.030000000002,25172.730000000003,,
1776096000,25172.730000000003,25298.36,25145.61,25273.980000000003,,
1776099600,25273.980000000003,25302.730000000003,25260.11,25267.36,,
1776103200,25267.36,25317.480000000003,25259.36,25308.480000000003,,
1776106800,25308.480000000003,25413.730000000003,25294.230000000003,25401.11,,
1776110400,25401.11,25449.960000000003,25396.210000000003,25448.41,,
1776117600,25448.41,25460.32,25428.02,25457.32,,
1776121200,25457.32,25481.82,25446.57,25449.07,,
1776124800,25449.07,25463.32,25422.95,25454.57,,
1776128400,25454.57,25456.57,25435.2,25444.95,,
1776132000,25444.95,25460.57,25438.95,25459.32,,
1776135600,25459.32,25459.32,25438.07,25446.57,,
1776139200,25446.57,25458.07,25443.95,25457.07,,
1776142800,25457.07,25461.7,25434.95,25437.57,,
1776146400,25437.57,25456.2,25427.82,25448.2,,
1776150000,25448.2,25506.32,25445.07,25481.95,,
1776153600,25481.95,25527.7,25473.32,25525.95,,
1776157200,25525.95,25537.2,25495.2,25500.82,,
1776160800,25500.82,25518.95,25486.32,25489.07,,
1776164400,25489.07,25557.07,25483.57,25530.2,,
1776168000,25530.2,25579.32,25519.82,25539.45,,
1776171600,25539.45,25627.350000000002,25515.07,25585.600000000002,,
1776175200,25585.600000000002,25683.72,25575.850000000002,25669.850000000002,,
1776178800,25669.850000000002,25763.350000000002,25626.22,25739.47,,
1776182400,25739.47,25801.72,25736.02,25777.72,,
1776186000,25777.72,25832.850000000002,25775.47,25821.97,,
1776189600,25821.97,25828.22,25748.27,25781.47,,
1776193200,25781.47,25866.350000000002,25778.850000000002,25864.72,,
1776196800,25864.72,25866.07,25835.7,25853.9,,
1776204000,25853.9,25875.93,25839.93,25859.06,,
1776207600,25859.06,25898.43,25856.93,25881.31,,
1776211200,25881.31,25885.43,25858.06,25881.31,,
1776214800,25881.31,25905.18,25876.81,25900.93,,
1776218400,25900.93,25901.31,25853.63,25858.81,,
1776222000,25858.81,25889.18,25857.93,25884.68,,
1776225600,25884.68,25888.56,25873.06,25876.31,,
1776229200,25876.31,25920.43,25829.56,25841.56,,
1776232800,25841.56,25860.56,25831.06,25850.81,,
1776236400,25850.81,25871.81,25834.13,25867.31,,
1776240000,25867.31,25900.93,25863.18,25894.43,,
1776243600,25894.43,25900.56,25838.38,25841.31,,
1776247200,25841.31,25860.68,25796.88,25847.81,,
1776250800,25847.81,25905.13,25835.31,25860.81,,
1776254400,25860.81,25870.31,25823.43,25852.56,,
1776258000,25852.56,25933.83,25842.63,25932.210000000003,,
1776261600,25932.210000000003,26039.710000000003,25911.960000000003,26026.33,,
1776265200,26026.33,26078.58,26002.08,26060.33,,
1776268800,26060.33,26114.83,25965.88,26007.710000000003,,
1776272400,26007.710000000003,26083.08,25999.83,26053.58,,
1776276000,26053.58,26178.460000000003,26036.88,26166.33,,
1776279600,26166.33,26240.710000000003,26155.710000000003,26227.08,,
1776283200,26227.08,26234.31,26193.63,26222.760000000002,,
1776290400,26222.760000000002,26256.08,26208.15,26253.33,,
1776294000,26251.83,26278.65,26247.45,26270.33,,
1776297600,26270.33,26308.08,26252.9,26301.2,,
1776301200,26301.2,26328.45,26289.7,26304.58,,
1776304800,26304.58,26322.58,26302.95,26305.83,,
1776308400,26305.83,26323.83,26301.95,26306.83,,
1776312000,26306.83,26307.95,26292.33,26297.83,,
1776315600,26297.83,26324.7,26280.08,26318.45,,
1776319200,26318.45,26348.7,26318.45,26343.58,,
1776322800,26343.58,26349.83,26315.33,26322.58,,
1776326400,26322.58,26328.08,26272.4,26303.58,,
1776330000,26303.58,26321.2,26296.7,26316.58,,
1776333600,26316.58,26328.58,26228.08,26269.58,,
1776337200,26269.58,26288.7,26246.33,26282.08,,
1776340800,26282.08,26295.83,26256.33,26265.08,,
1776344400,26265.08,26316.600000000002,26139.850000000002,26185.350000000002,,
1776348000,26185.350000000002,26286.350000000002,26154.350000000002,26267.730000000003,,
1776351600,26267.730000000003,26405.100000000002,26267.600000000002,26397.600000000002,,
1776355200,26397.600000000002,26426.480000000003,26294.230000000003,26337.480000000003,,
1776358800,26337.480000000003,26373.350000000002,26294.980000000003,26324.350000000002,,
1776362400,26324.350000000002,26347.980000000003,26219.230000000003,26301.600000000002,,
1776366000,26301.600000000002,26362.230000000003,26297.980000000003,26348.350000000002,,
1776369600,26348.350000000002,26354.2,26304.33,26327.4,,
1776376800,26327.4,26353.04,26311.49,26339.670000000002,,
1776380400,26339.670000000002,26353.79,26336.170000000002,26345.170000000002,,
1776384000,26345.170000000002,26361.420000000002,26321.670000000002,26352.420000000002,,
1776387600,26352.420000000002,26362.920000000002,26346.29,26354.420000000002,,
1776391200,26354.420000000002,26360.670000000002,26320.420000000002,26330.420000000002,,
1776394800,26330.420000000002,26334.170000000002,26315.420000000002,26324.920000000002,,
1776398400,26324.920000000002,26347.170000000002,26320.920000000002,26328.420000000002,,
1776402000,26328.420000000002,26335.670000000002,26306.24,26331.170000000002,,
1776405600,26331.170000000002,26345.420000000002,26312.170000000002,26322.170000000002,,
1776409200,26322.170000000002,26357.04,26322.170000000002,26354.79,,
1776412800,26354.79,26385.79,26342.420000000002,26384.170000000002,,
1776416400,26384.170000000002,26406.54,26372.170000000002,26402.29,,
1776420000,26402.29,26411.29,26371.04,26391.670000000002,,
1776423600,26391.670000000002,26433.79,26387.920000000002,26431.670000000002,,
1776427200,26431.670000000002,26611.170000000002,26426.420000000002,26607.170000000002,,
1776430800,26607.170000000002,26681.24,26495.440000000002,26597.32,,
1776434400,26597.32,26721.440000000002,26585.24,26693.32,,
1776438000,26693.32,26742.940000000002,26664.940000000002,26670.690000000002,,
1776441600,26670.690000000002,26748.440000000002,26658.07,26725.190000000002,,
1776445200,26725.190000000002,26742.940000000002,26602.190000000002,26675.440000000002,,
1776448800,26673.940000000002,26687.440000000002,26621.57,26650.690000000002,,
1776452400,26650.690000000002,26696.940000000002,26623.690000000002,26693.32,,
1776456000,26693.32,26710.04,26681.29,26697.49,,
1776636000,26697.49,26697.49,26407.41,26536.710000000003,,
1776639600,26536.710000000003,26553.710000000003,26508.59,26530.710000000003,,
1776643200,26530.710000000003,26536.710000000003,26488.210000000003,26528.460000000003,,
1776646800,26528.460000000003,26586.34,26525.09,26577.09,,
1776650400,26577.09,26577.960000000003,26556.460000000003,26565.710000000003,,
1776654000,26565.710000000003,26573.09,26548.84,26550.960000000003,,
1776657600,26550.960000000003,26554.09,26526.34,26547.09,,
1776661200,26547.09,26550.59,26484.09,26507.210000000003,,
1776664800,26507.210000000003,26572.84,26505.34,26559.34,,
1776668400,26559.34,26592.710000000003,26517.41,26540.59,,
1776672000,26540.59,26579.710000000003,26491.09,26567.84,,
1776675600,26567.84,26590.960000000003,26557.59,26566.34,,
1776679200,26566.34,26603.460000000003,26563.34,26572.710000000003,,
1776682800,26572.710000000003,26594.710000000003,26552.09,26581.710000000003,,
1776686400,26581.710000000003,26647.210000000003,26573.710000000003,26622.34,,
1776690000,26622.34,26697.86,26587.99,26653.24,,
1776693600,26653.24,26660.11,26483.41,26509.99,,
1776697200,26509.99,26582.11,26441.24,26530.49,,
1776700800,26530.49,26571.86,26511.49,26551.36,,
1776704400,26551.36,26598.86,26532.61,26579.36,,
1776708000,26579.36,26620.11,26569.36,26604.36,,
1776711600,26604.36,26624.24,26581.36,26617.36,,
1776715200,26617.36,26681.460000000003,26601.09,26646.41,,
1776722400,26646.41,26691.460000000003,26631.91,26685.460000000003,,
1776726000,26685.460000000003,26686.960000000003,26666.59,26671.710000000003,,
1776729600,26671.710000000003,26712.710000000003,26660.210000000003,26699.34,,
1776733200,26699.34,26712.09,26682.59,26687.34,,
1776736800,26687.34,26697.710000000003,26683.09,26686.84,,
1776740400,26686.84,26691.460000000003,26665.91,26686.710000000003,,
1776744000,26686.710000000003,26705.710000000003,26686.09,26700.09,,
1776747600,26700.09,26718.34,26693.59,26700.710000000003,,
1776751200,26700.710000000003,26731.710000000003,26697.84,26721.210000000003,,
1776754800,26721.210000000003,26722.09,26680.84,26688.210000000003,,
1776758400,26688.210000000003,26729.34,26671.960000000003,26711.460000000003,,
1776762000,26711.460000000003,26722.09,26680.34,26715.59,,
1776765600,26715.59,26756.960000000003,26709.59,26746.34,,
1776769200,26746.34,26776.210000000003,26715.41,26745.84,,
1776772800,26745.84,26754.84,26687.09,26695.34,,
1776776400,26695.34,26713.86,26602.36,26713.36,,
1776780000,26713.36,26760.11,26605.36,26612.36,,
1776783600,26612.36,26661.24,26537.36,26606.86,,
1776787200,26606.86,26656.74,26543.49,26545.86,,
1776790800,26545.86,26638.36,26475.36,26574.49,,
1776794400,26574.49,26621.74,26534.61,26598.99,,
1776798000,26598.99,26661.74,26426.99,26516.86,,
1776801600,26516.86,26668.210000000003,26476.59,26597.91,,
1776808800,26597.91,26638.34,26597.91,26618.960000000003,,
1776812400,26618.960000000003,26654.960000000003,26613.41,26651.34,,
1776816000,26651.34,26695.710000000003,26649.59,26674.84,,
1776819600,26674.84,26709.710000000003,26671.210000000003,26698.84,,
1776823200,26698.84,26711.09,26694.09,26695.34,,
1776826800,26695.34,26704.210000000003,26682.34,26686.09,,
1776830400,26686.09,26695.710000000003,26652.34,26655.09,,
1776834000,26655.09,26734.59,26643.66,26709.34,,
1776837600,26709.34,26723.09,26681.09,26714.09,,
1776841200,26714.09,26742.210000000003,26703.960000000003,26723.460000000003,,
1776844800,26723.460000000003,26728.34,26657.84,26697.460000000003,,
1776848400,26697.460000000003,26740.84,26685.84,26703.59,,
1776852000,26703.59,26727.210000000003,26683.59,26703.960000000003,,
1776855600,26703.960000000003,26716.34,26684.09,26711.84,,
1776859200,26711.84,26778.210000000003,26697.210000000003,26699.34,,
1776862800,26699.34,26770.49,26690.49,26742.86,,
1776866400,26742.86,26884.74,26730.86,26850.11,,
1776870000,26850.11,26886.24,26818.91,26858.61,,
1776873600,26858.61,26882.49,26835.91,26844.61,,
1776877200,26844.61,26928.24,26844.36,26908.11,,
1776880800,26908.11,26919.24,26870.86,26892.11,,
1776884400,26892.11,26970.99,26856.36,26957.86,,
1776888000,26957.86,27014.09,26947.09,26985.04,,
1776895200,26985.04,26985.04,26944.36,26965.230000000003,,
1776898800,26965.230000000003,26977.61,26960.730000000003,26973.730000000003,,
1776902400,26973.730000000003,26976.61,26726.480000000003,26937.730000000003,,
1776906000,26937.730000000003,26940.730000000003,26871.480000000003,26878.230000000003,,
1776909600,26878.230000000003,26878.980000000003,26822.18,26829.86,,
1776913200,26829.86,26840.11,26743.11,26785.730000000003,,
1776916800,26785.730000000003,26835.480000000003,26771.230000000003,26833.480000000003,,
1776920400,26833.480000000003,26859.36,26817.11,26855.86,,
1776924000,26855.86,26884.480000000003,26855.230000000003,26869.61,,
1776927600,26869.61,26891.980000000003,26848.480000000003,26874.61,,
1776931200,26874.61,26880.230000000003,26796.11,26805.61,,
1776934800,26805.61,26839.86,26767.86,26820.230000000003,,
1776938400,26820.230000000003,26862.86,26794.230000000003,26857.230000000003,,
1776942000,26857.230000000003,26926.86,26819.86,26910.230000000003,,
1776945600,26910.230000000003,26957.480000000003,26835.18,26887.11,,
1776949200,26887.11,26980.88,26842.88,26895.510000000002,,
1776952800,26895.510000000002,26984.63,26848.68,26972.63,,
1776956400,26972.63,27034.13,26939.510000000002,26971.260000000002,,
1776960000,26971.260000000002,26996.760000000002,26917.010000000002,26966.13,,
1776963600,26966.13,26977.010000000002,26559.68,26758.010000000002,,
1776967200,26758.010000000002,26860.63,26721.68,26738.88,,
1776970800,26738.88,26823.010000000002,26718.93,26804.88,,
1776974400,26804.88,26866.86,26787.730000000003,26821.43,,
1776981600,26821.43,26932.72,26821.43,26923.72,,
1776985200,26923.72,26962.22,26915.350000000002,26962.100000000002,,
1776988800,26962.100000000002,27017.350000000002,26952.22,27000.850000000002,,
1776992400,27000.850000000002,27009.47,26981.350000000002,27000.100000000002,,
1776996000,27000.100000000002,27002.22,26940.600000000002,26952.100000000002,,
1776999600,26952.100000000002,26959.72,26904.850000000002,26912.97,,
1777003200,26912.97,26938.350000000002,26898.47,26935.72,,
1777006800,26935.72,26967.850000000002,26912.850000000002,26967.47,,
1777010400,26967.47,26980.72,26948.22,26956.47,,
1777014000,26956.47,26995.850000000002,26952.22,26990.47,,
1777017600,26990.47,27034.850000000002,26954.600000000002,26976.22,,
1777021200,26976.22,27001.850000000002,26945.47,26990.600000000002,,
1777024800,26990.600000000002,27073.97,26989.600000000002,27053.22,,
1777028400,27053.22,27245.47,27051.72,27157.350000000002,,
1777032000,27157.350000000002,27193.72,27084.47,27118.97,,
1777035600,27118.97,27148.100000000002,27012.25,27075.670000000002,,
1777039200,27075.670000000002,27178.870000000003,27040.75,27172,,
1777042800,27172,27299.370000000003,27168.370000000003,27277.870000000003,,
1777046400,27277.870000000003,27312.120000000003,27241.75,27291.5,,
1777050000,27291.5,27344.5,27249.120000000003,27314.370000000003,,
1777053600,27314.370000000003,27324.870000000003,27265.75,27289.870000000003,,
1777057200,27289.870000000003,27336,27285.870000000003,27315.620000000003,,
1777060800,27315.620000000003,27324.72,27290.350000000002,27315.800000000003,,
1777240800,27315.800000000003,27315.800000000003,27230.210000000003,27282.390000000003,,
1777244400,27282.390000000003,27284.390000000003,27253.960000000003,27270.760000000002,,
1777248000,27270.760000000002,27355.260000000002,27265.260000000002,27342.010000000002,,
1777251600,27342.010000000002,27425.510000000002,27342.010000000002,27423.890000000003,,
1777255200,27423.890000000003,27428.260000000002,27398.390000000003,27405.640000000003,,
1777258800,27405.640000000003,27421.760000000002,27399.710000000003,27411.390000000003,,
1777262400,27411.390000000003,27426.260000000002,27394.760000000002,27404.260000000002,,
1777266000,27404.260000000002,27406.510000000002,27330.140000000003,27335.890000000003,,
1777269600,27335.890000000003,27341.640000000003,27308.010000000002,27320.890000000003,,
1777273200,27320.890000000003,27330.390000000003,27293.640000000003,27311.890000000003,,
1777276800,27311.890000000003,27331.260000000002,27274.890000000003,27326.390000000003,,
1777280400,27326.390000000003,27352.390000000003,27322.640000000003,27341.390000000003,,
1777284000,27341.390000000003,27370.010000000002,27327.140000000003,27361.890000000003,,
1777287600,27361.890000000003,27386.760000000002,27361.390000000003,27368.260000000002,,
1777291200,27368.260000000002,27370.140000000003,27276.760000000002,27305.390000000003,,
1777294800,27305.390000000003,27319.390000000003,27185.41,27288.79,,
1777298400,27288.79,27296.54,27208.91,27255.16,,
1777302000,27255.16,27269.79,27194.66,27253.91,,
1777305600,27253.91,27293.66,27234.91,27277.41,,
1777309200,27277.41,27326.66,27267.41,27315.66,,
1777312800,27315.66,27323.91,27278.04,27286.54,,
1777316400,27286.54,27338.79,27277.54,27331.54,,
1777320000,27331.54,27332.390000000003,27297.640000000003,27305.460000000003,,
1777327200,27305.460000000003,27390.370000000003,27305.460000000003,27374.370000000003,,
1777330800,27374.370000000003,27392.75,27364.120000000003,27379,,
1777334400,27379,27401,27339.75,27357.25,,
1777338000,27357.25,27373.75,27307,27310.620000000003,,
1777341600,27310.620000000003,27326,27275.25,27283.870000000003,,
1777345200,27283.870000000003,27317.870000000003,27278,27299.5,,
1777348800,27299.5,27328.5,27294,27306.370000000003,,
1777352400,27306.370000000003,27312.5,27239.370000000003,27253,,
1777356000,27253,27267.120000000003,27211.620000000003,27226.5,,
1777359600,27226.5,27241.75,27209.75,27226.870000000003,,
1777363200,27226.870000000003,27248.25,27191.620000000003,27241.370000000003,,
1777366800,27241.370000000003,27244.25,27145.370000000003,27173.5,,
1777370400,27173.5,27189.870000000003,27127.75,27150.75,,
1777374000,27150.75,27158.75,26969.75,26983.25,,
1777377600,26983.25,27042.5,26925.5,27037.620000000003,,
1777381200,27037.620000000003,27141.02,26959.52,27092.9,,
1777384800,27092.9,27123.27,26901.9,26981.4,,
1777388400,26981.4,27009.15,26899.27,26942.77,,
1777392000,26942.77,26985.15,26917.9,26973.52,,
1777395600,26973.52,27033.4,26937.02,27030.77,,
1777399200,27030.77,27084.15,27010.15,27084.15,,
1777402800,27084.15,27114.02,27044.15,27059.02,,
1777406400,27059.02,27096.25,27036.370000000003,27080.7,,
1777413600,27080.7,27126.050000000003,27080.7,27117.050000000003,,
1777417200,27117.050000000003,27141.170000000002,27106.800000000003,27140.170000000002,,
1777420800,27140.170000000002,27187.300000000003,27139.800000000003,27157.300000000003,,
1777424400,27157.300000000003,27163.170000000002,27084.920000000002,27140.300000000003,,
1777428000,27140.300000000003,27175.170000000002,27136.120000000003,27161.420000000002,,
1777431600,27161.420000000002,27186.670000000002,27159.550000000003,27177.170000000002,,
1777435200,27177.170000000002,27205.550000000003,27176.050000000003,27191.550000000003,,
1777438800,27191.550000000003,27202.800000000003,27169.920000000002,27190.300000000003,,
1777442400,27190.300000000003,27211.050000000003,27154.170000000002,27159.300000000003,,
1777446000,27159.300000000003,27181.800000000003,27103.550000000003,27131.550000000003,,
1777449600,27131.550000000003,27155.670000000002,27091.920000000002,27134.670000000002,,
1777453200,27134.670000000002,27163.300000000003,27115.420000000002,27121.800000000003,,
1777456800,27121.800000000003,27181.670000000002,27105.300000000003,27156.670000000002,,
1777460400,27156.670000000002,27178.670000000002,27128.300000000003,27144.170000000002,,
1777464000,27144.170000000002,27146.300000000003,27085.550000000003,27118.550000000003,,
1777467600,27118.550000000003,27143.550000000003,27018.32,27114.95,,
1777471200,27114.95,27209.2,27072.120000000003,27196.57,,
1777474800,27196.57,27203.32,27092.95,27133.95,,
1777478400,27133.95,27167.32,27047.45,27093.32,,
1777482000,27093.32,27147.45,27063.95,27143.07,,
1777485600,27143.07,27194.7,27052.07,27189.2,,
1777489200,27189.2,27231.82,27156.32,27230.32,,
1777492800,27230.32,27307.050000000003,26988.120000000003,27043,,
1777500000,27043,27395.07,27043,27366.7,,
1777503600,27366.7,27451.82,27348.02,27446.57,,
1777507200,27446.57,27518.32,27446.57,27490.45,,
1777510800,27490.45,27496.95,27451.45,27475.82,,
1777514400,27475.82,27483.32,27281.52,27322.07,,
1777518000,27322.07,27348.57,27298.07,27304.82,,
1777521600,27304.82,27306.2,27126.45,27128.32,,
1777525200,27128.32,27204.07,27117.2,27118.95,,
1777528800,27118.95,27202.82,27080.82,27178.7,,
1777532400,27178.7,27273.07,27165.2,27246.82,,
1777536000,27246.82,27291.82,27219.95,27255.32,,
1777539600,27255.32,27337.82,27226.2,27263.07,,
1777543200,27263.07,27327.95,27246.27,27270.02,,
1777546800,27270.02,27389.45,27266.57,27334.95,,
1777550400,27334.95,27440.82,27333.32,27419.2,,
1777554000,27419.2,27435.45,27098.77,27142.47,,
1777557600,27142.47,27271.850000000002,27059.100000000002,27255.100000000002,,
1777561200,27255.100000000002,27330.97,27227.350000000002,27283.600000000002,,
1777564800,27283.600000000002,27330.600000000002,27243.77,27266.47,,
1777568400,27266.47,27443.600000000002,27265.22,27438.97,,
1777572000,27438.97,27487.47,27437.600000000002,27447.22,,
1777575600,27447.22,27517.600000000002,27438.22,27474.350000000002,,
1777579200,27474.350000000002,27512.57,27456.77,27493.27,,
1777586400,27493.27,27541.690000000002,27452.440000000002,27474.940000000002,,
1777590000,27474.940000000002,27518.940000000002,27472.440000000002,27489.57,,
1777593600,27489.57,27537.32,27487.57,27520.940000000002,,
1777597200,27520.940000000002,27553.82,27508.940000000002,27545.440000000002,,
1777600800,27545.440000000002,27548.07,27520.190000000002,27537.940000000002,,
1777604400,27537.940000000002,27569.440000000002,27530.640000000003,27538.32,,
1777608000,27538.32,27539.57,27516.57,27523.82,,
1777611600,27523.82,27535.440000000002,27508.32,27512.32,,
1777615200,27512.32,27524.190000000002,27487.07,27491.82,,
1777618800,27491.82,27521.07,27467.690000000002,27475.190000000002,,
1777622400,27475.190000000002,27493.32,27450.440000000002,27462.32,,
1777626000,27462.32,27471.940000000002,27440.940000000002,27466.190000000002,,
1777629600,27466.190000000002,27476.440000000002,27432.07,27465.690000000002,,
1777633200,27465.690000000002,27470.190000000002,27433.940000000002,27459.690000000002,,
1777636800,27459.690000000002,27521.190000000002,27443.32,27472.82,,
1777640400,27472.82,27769.140000000003,27470.940000000002,27767.140000000003,,
1777644000,27767.140000000003,27802.97,27647.47,27710.97,,
1777647600,27710.97,27812.97,27665.140000000003,27786.59,,
1777651200,27786.59,27797.84,27701.72,27727.59,,
1777654800,27727.59,27792.84,27724.59,27779.84,,
1777658400,27779.84,27786.72,27691.22,27717.84,,
1777662000,27717.84,27796.97,27714.47,27733.22,,
1777665600,27733.22,27733.440000000002,27677.690000000002,27684.140000000003,,
1777845600,27684.140000000003,27828.920000000002,27684.140000000003,27754.050000000003,,
1777849200,27754.050000000003,27759.800000000003,27718.300000000003,27727.170000000002,,
1777852800,27727.170000000002,27800.300000000003,27706.420000000002,27795.800000000003,,
1777856400,27795.800000000003,27824.550000000003,27761.300000000003,27822.170000000002,,
1777860000,27822.170000000002,27846.420000000002,27781.620000000003,27832.300000000003,,
1777863600,27832.300000000003,27848.170000000002,27821.300000000003,27834.300000000003,,
1777867200,27834.300000000003,27855.670000000002,27830.300000000003,27841.300000000003,,
1777870800,27841.300000000003,27868.920000000002,27833.870000000003,27837.800000000003,,
1777874400,27837.800000000003,27843.670000000002,27775.300000000003,27799.050000000003,,
1777878000,27799.050000000003,27854.050000000003,27784.050000000003,27815.920000000002,,
1777881600,27815.920000000002,27817.050000000003,27767.420000000002,27796.800000000003,,
1777885200,27796.800000000003,27826.300000000003,27786.550000000003,27793.420000000002,,
1777888800,27793.420000000002,27800.300000000003,27565.620000000003,27717.170000000002,,
1777892400,27717.170000000002,27750.420000000002,27681.550000000003,27730.420000000002,,
1777896000,27730.420000000002,27784.420000000002,27730.420000000002,27747.550000000003,,
1777899600,27747.550000000003,27800.45,27690.050000000003,27798.57,,
1777903200,27798.57,27844.07,27747.620000000003,27784.82,,
1777906800,27784.82,27817.2,27600.620000000003,27637.45,,
1777910400,27637.45,27650.7,27516.370000000003,27609.07,,
1777914000,27609.07,27707.07,27607.32,27695.7,,
1777917600,27695.7,27721.57,27621.95,27662.82,,
1777921200,27662.82,27695.95,27643.45,27683.32,,
1777924800,27683.32,27683.45,27641.420000000002,27646,,
1777932000,27646,27693.170000000002,27645.29,27656.920000000002,,
1777935600,27656.920000000002,27666.920000000002,27636.420000000002,27650.29,,
1777939200,27650.29,27697.420000000002,27643.99,27688.79,,
1777942800,27688.79,27736.170000000002,27672.04,27718.920000000002,,
1777946400,27718.920000000002,27744.920000000002,27705.74,27719.420000000002,,
1777950000,27719.420000000002,27752.170000000002,27715.54,27744.670000000002,,
1777953600,27744.670000000002,27763.29,27731.29,27731.670000000002,,
1777957200,27731.670000000002,27758.670000000002,27722.74,27757.04,,
1777960800,27757.04,27790.54,27722.54,27784.170000000002,,
1777964400,27784.170000000002,27830.54,27778.920000000002,27785.29,,
1777968000,27785.29,27845.54,27783.04,27832.920000000002,,
1777971600,27832.920000000002,27861.04,27813.04,27839.670000000002,,
1777975200,27839.670000000002,27862.920000000002,27826.420000000002,27838.920000000002,,
1777978800,27838.920000000002,27850.79,27803.920000000002,27847.04,,
1777982400,27847.04,27909.920000000002,27832.79,27877.170000000002,,
1777986000,27877.170000000002,28016.440000000002,27875.690000000002,27986.49,,
1777989600,27986.49,28043.440000000002,27936.82,28000.57,,
1777993200,28000.57,28051.32,27991.940000000002,28031.190000000002,,
1777996800,28031.190000000002,28056.690000000002,27995.190000000002,28029.690000000002,,
1778000400,28029.690000000002,28071.940000000002,28012.440000000002,28063.690000000002,,
1778004000,28063.690000000002,28089.940000000002,28058.690000000002,28072.940000000002,,
1778007600,28072.940000000002,28092.32,28013.190000000002,28040.07,,
1778011200,28040.07,28150.670000000002,28014.24,28111.24,,
1778018400,28111.24,28323.730000000003,28111.24,28281.16,,
1778022000,28281.16,28290.66,28250.91,28275.280000000002,,
1778025600,28275.280000000002,28277.91,28153.66,28180.780000000002,,
1778029200,28180.780000000002,28212.41,28173.530000000002,28197.66,,
1778032800,28197.66,28201.91,28167.480000000003,28193.41,,
1778036400,28193.41,28239.91,28188.16,28217.780000000002,,
1778040000,28217.780000000002,28249.530000000002,28215.66,28240.780000000002,,
1778043600,28240.780000000002,28264.780000000002,28231.530000000002,28259.66,,
1778047200,28259.66,28274.030000000002,28205.16,28240.280000000002,,
1778050800,28240.280000000002,28258.030000000002,28214.16,28252.41,,
1778054400,28252.41,28422.280000000002,28229.030000000002,28388.030000000002,,
1778058000,28388.030000000002,28419.66,28320.16,28411.780000000002,,
1778061600,28411.780000000002,28518.530000000002,28407.16,28490.41,,
1778065200,28490.41,28539.66,28417.980000000003,28444.16,,
1778068800,28444.16,28446.030000000002,28331.980000000003,28362.66,,
1778072400,28362.66,28411.31,28242.06,28374.31,,
1778076000,28374.31,28456.18,28290.56,28442.81,,
1778079600,28442.81,28492.06,28423.93,28465.93,,
1778083200,28465.93,28506.93,28418.06,28444.93,,
1778086800,28444.93,28515.81,28434.43,28505.68,,
1778090400,28505.68,28571.43,28497.56,28545.93,,
1778094000,28545.93,28631.31,28543.18,28616.93,,
1778097600,28616.93,28705.16,28599.780000000002,28618.11,,
1778104800,28618.11,28618.11,28556.780000000002,28583.08,,
1778108400,28583.08,28599.33,28561.030000000002,28576.460000000003,,
1778112000,28576.460000000003,28599.58,28543.33,28568.08,,
1778115600,28568.08,28622.08,28544.33,28604.210000000003,,
1778119200,28604.210000000003,28612.58,28558.460000000003,28591.83,,
1778122800,28591.83,28608.460000000003,28579.33,28597.83,,
1778126400,28597.83,28619.58,28591.460000000003,28610.460000000003,,
1778130000,28610.460000000003,28633.960000000003,28600.08,28626.460000000003,,
1778133600,28626.460000000003,28654.08,28600.83,28643.83,,
1778137200,28643.83,28711.08,28634.33,28684.210000000003,,
1778140800,28684.210000000003,28720.83,28634.960000000003,28643.08,,
1778144400,28643.08,28668.83,28617.780000000002,28636.460000000003,,
1778148000,28636.460000000003,28648.83,28597.030000000002,28633.210000000003,,
1778151600,28633.210000000003,28656.960000000003,28611.460000000003,28638.460000000003,,
1778155200,28638.460000000003,28666.210000000003,28623.33,28660.960000000003,,
1778158800,28660.960000000003,28709.11,28614.730000000003,28688.11,,
1778162400,28688.11,28851.480000000003,28685.61,28834.730000000003,,
1778166000,28834.730000000003,28836.730000000003,28679.230000000003,28690.980000000003,,
1778169600,28690.980000000003,28694.86,28543.480000000003,28603.36,,
1778173200,28603.36,28619.980000000003,28458.530000000002,28602.61,,
1778176800,28602.61,28622.980000000003,28489.11,28551.36,,
1778180400,28551.36,28615.11,28493.11,28590.480000000003,,
1778184000,28590.480000000003,28672.210000000003,28538.83,28549.280000000002,,
1778191200,28549.280000000002,28577.9,28448.600000000002,28521.65,,
1778194800,28521.65,28586.65,28514.280000000002,28585.9,,
1778198400,28585.9,28654.15,28585.9,28651.9,,
1778202000,28651.9,28689.4,28651.030000000002,28667.4,,
1778205600,28667.4,28679.9,28616.4,28654.530000000002,,
1778209200,28654.530000000002,28683.4,28650.65,28679.780000000002,,
1778212800,28679.780000000002,28702.530000000002,28664.9,28686.280000000002,,
1778216400,28686.280000000002,28736.530000000002,28685.9,28712.030000000002,,
1778220000,28712.030000000002,28745.030000000002,28690.9,28742.65,,
1778223600,28742.65,28744.15,28711.100000000002,28735.280000000002,,
1778227200,28735.280000000002,28776.030000000002,28731.280000000002,28769.030000000002,,
1778230800,28769.030000000002,28804.030000000002,28738.780000000002,28758.780000000002,,
1778234400,28758.780000000002,28796.65,28748.030000000002,28770.030000000002,,
1778238000,28770.030000000002,28821.530000000002,28770.030000000002,28805.280000000002,,
1778241600,28805.280000000002,28882.9,28784.15,28819.65,,
1778245200,28819.65,29017.68,28767.100000000002,29014.100000000002,,
1778248800,29014.100000000002,29082.43,28980.68,29069.18,,
1778252400,29069.18,29124.550000000003,29032.18,29098.68,,
1778256000,29098.68,29155.050000000003,29097.550000000003,29148.18,,
1778259600,29148.18,29224.550000000003,29142.43,29171.300000000003,,
1778263200,29171.300000000003,29210.93,29144.93,29147.550000000003,,
1778266800,29147.550000000003,29247.800000000003,29145.300000000003,29247.050000000003,,
1778270400,29247.050000000003,29290.030000000002,29238.15,29247.600000000002,,
1778450400,29247.600000000002,29247.600000000002,29137.550000000003,29205.350000000002,,
1778454000,29205.350000000002,29257.480000000003,29201.850000000002,29215.230000000003,,
1778457600,29215.230000000003,29310.980000000003,29176.550000000003,29206.980000000003,,
1778461200,29206.980000000003,29264.100000000002,29158.050000000003,29250.480000000003,,
1778464800,29250.480000000003,29271.980000000003,29234.350000000002,29248.350000000002,,
1778468400,29248.350000000002,29259.230000000003,29222.800000000003,29235.350000000002,,
1778472000,29235.350000000002,29255.230000000003,29203.850000000002,29252.730000000003,,
1778475600,29252.730000000003,29265.230000000003,29228.850000000002,29232.980000000003,,
1778479200,29232.980000000003,29265.600000000002,29211.730000000003,29232.850000000002,,
1778482800,29232.850000000002,29238.980000000003,29198.230000000003,29233.980000000003,,
1778486400,29233.980000000003,29241.730000000003,29174.850000000002,29208.730000000003,,
1778490000,29208.730000000003,29276.350000000002,29206.100000000002,29226.850000000002,,
1778493600,29226.850000000002,29244.480000000003,29200.480000000003,29212.980000000003,,
1778497200,29212.980000000003,29299.730000000003,29211.480000000003,29259.480000000003,,
1778500800,29259.480000000003,29264.230000000003,29170.850000000002,29208.850000000002,,
1778504400,29208.850000000002,29346.13,29192.980000000003,29222.13,,
1778508000,29222.13,29329.38,29158.550000000003,29302.25,,
1778511600,29302.25,29386.63,29271.25,29376.5,,
1778515200,29376.5,29391.38,29280.800000000003,29316.5,,
1778518800,29316.5,29387.88,29288.75,29353,,
1778522400,29353,29386.38,29297.63,29299.75,,
1778526000,29299.75,29346,29282.63,29339.88,,
1778529600,29339.88,29340.980000000003,29230.800000000003,29310.300000000003,,
1778536800,29310.300000000003,29369.82,29308.02,29358.95,,
1778540400,29358.95,29367.45,29332.77,29342.2,,
1778544000,29342.2,29342.45,29267.2,29292.45,,
1778547600,29292.45,29305.45,29141.2,29184.2,,
1778551200,29184.2,29278.95,29173.57,29275.07,,
1778554800,29275.07,29278.07,29234.2,29238.82,,
1778558400,29238.82,29251.82,29196.2,29196.2,,
1778562000,29196.2,29217.07,29184.32,29195.95,,
1778565600,29195.95,29205.82,29127.82,29132.7,,
1778569200,29132.7,29168.2,29089.95,29154.07,,
1778572800,29154.07,29159.32,29087.7,29128.32,,
1778576400,29128.32,29159.82,29089.57,29134.7,,
1778580000,29134.7,29161.7,29098.77,29121.82,,
1778583600,29121.82,29130.82,29047.07,29079.32,,
1778587200,29079.32,29145.82,29027.7,29136.95,,
1778590800,29136.95,29209.97,29025.27,29042.850000000002,,
1778594400,29042.850000000002,29140.850000000002,28914.350000000002,28928.350000000002,,
1778598000,28928.350000000002,28945.22,28742.72,28754.350000000002,,
1778601600,28754.350000000002,28827.600000000002,28656.350000000002,28663.47,,
1778605200,28663.47,28843.600000000002,28663.100000000002,28834.100000000002,,
1778608800,28834.100000000002,28921.350000000002,28825.77,28870.100000000002,,
1778612400,28870.100000000002,29102.600000000002,28870.100000000002,29087.72,,
1778616000,29087.72,29089.57,29016.7,29048.15,,
1778623200,29048.15,29103.59,29048.15,29059.710000000003,,
1778626800,29059.710000000003,29074.460000000003,28994.84,28999.09,,
1778630400,28999.09,29073.210000000003,28973.210000000003,29061.710000000003,,
1778634000,29061.710000000003,29177.09,29059.460000000003,29132.210000000003,,
1778637600,29132.210000000003,29158.09,29119.460000000003,29139.84,,
1778641200,29139.84,29181.59,29120.59,29165.59,,
1778644800,29165.59,29214.210000000003,29160.59,29204.34,,
1778648400,29204.34,29226.84,29192.460000000003,29213.59,,
1778652000,29213.59,29269.210000000003,29207.34,29226.59,,
1778655600,29226.59,29287.960000000003,29206.34,29287.710000000003,,
1778659200,29287.710000000003,29363.84,29286.460000000003,29329.710000000003,,
1778662800,29329.710000000003,29343.210000000003,29283.710000000003,29337.460000000003,,
1778666400,29337.460000000003,29340.59,29284.710000000003,29301.84,,
1778670000,29301.84,29311.34,29265.210000000003,29286.84,,
1778673600,29286.84,29318.210000000003,29117.210000000003,29153.09,,
1778677200,29153.09,29221.34,28992.74,29087.11,,
1778680800,29087.11,29239.11,29029.49,29234.74,,
1778684400,29234.74,29300.36,29199.36,29226.99,,
1778688000,29226.99,29380.36,29216.86,29365.11,,
1778691600,29365.11,29413.36,29359.61,29361.24,,
1778695200,29361.24,29482.49,29358.99,29389.74,,
1778698800,29389.74,29457.24,29367.24,29393.49,,
1778702400,29393.49,29463.960000000003,29365.710000000003,29453.54,,
1778709600,29453.54,29526.91,29446.16,29508.41,,
1778713200,29508.41,29566.66,29508.41,29550.91,,
1778716800,29550.91,29611.280000000002,29509.530000000002,29599.66,,
1778720400,29599.66,29601.280000000002,29521.530000000002,29527.030000000002,,
1778724000,29527.030000000002,29553.41,29489.780000000002,29506.030000000002,,
1778727600,29506.030000000002,29529.66,29440.41,29454.16,,
1778731200,29454.16,29517.780000000002,29433.030000000002,29486.030000000002,,
1778734800,29486.030000000002,29532.66,29453.91,29521.780000000002,,
1778738400,29521.780000000002,29559.16,29521.41,29526.780000000002,,
1778742000,29526.780000000002,29551.780000000002,29485.030000000002,29492.530000000002,,
1778745600,29492.530000000002,29547.780000000002,29465.16,29494.91,,
1778749200,29494.91,29507.780000000002,29399.66,29452.16,,
1778752800,29452.16,29511.780000000002,29433.280000000002,29463.030000000002,,
1778756400,29463.030000000002,29495.66,29426.530000000002,29458.030000000002,,
1778760000,29458.030000000002,29493.530000000002,29395.730000000003,29413.030000000002,,
1778763600,29413.030000000002,29603.56,29367.030000000002,29460.68,,
1778767200,29460.68,29648.56,29452.43,29593.31,,
1778770800,29593.31,29692.81,29584.06,29674.56,,
1778774400,29674.56,29700.93,29611.230000000003,29646.81,,
1778778000,29646.81,29673.31,29514.18,29650.18,,
1778781600,29650.18,29650.43,29559.56,29627.56,,
1778785200,29627.56,29653.68,29597.68,29604.93,,
1778788800,29604.93,29656.030000000002,29553.480000000003,29607.86,,
1778796000,29607.86,29637.2,29586.95,29624.32,,
1778799600,29624.32,29649.57,29591.32,29603.95,,
1778803200,29603.95,29643.2,29553.07,29600.07,,
1778806800,29600.07,29607.82,29429.45,29434.82,,
1778810400,29434.82,29514.32,29410.07,29497.2,,
1778814000,29497.2,29509.82,29447.82,29480.32,,
1778817600,29480.32,29480.7,29362.2,29378.32,,
1778821200,29378.32,29380.32,29197.07,29197.32,,
1778824800,29197.32,29330.57,29163.95,29319.57,,
1778828400,29319.57,29385.07,29293.2,29321.95,,
1778832000,29321.95,29328.32,29102.7,29181.45,,
1778835600,29181.45,29205.7,29094.07,29140.95,,
1778839200,29140.95,29291.32,29116.2,29245.45,,
1778842800,29245.45,29270.95,29167.52,29170.7,,
1778846400,29170.7,29171.82,29059.07,29107.07,,
1778850000,29107.07,29207.72,29006.350000000002,29063.47,,
1778853600,29063.47,29299.22,29048.600000000002,29197.850000000002,,
1778857200,29197.850000000002,29297.100000000002,29128.850000000002,29198.100000000002,,
1778860800,29198.100000000002,29267.97,29168.22,29239.600000000002,,
1778864400,29239.600000000002,29367.22,29228.47,29364.97,,
1778868000,29364.97,29403.47,29232.850000000002,29306.47,,
1778871600,29306.47,29315.100000000002,29124.97,29149.72,,
1778875200,29149.72,29149.72,29027.32,29089.9,,
1779055200,29089.06,29209.84,29036.97,29158.84,,
1779058800,29158.84,29173.47,28938.34,29044.97,,
1779062400,29044.97,29070.34,28865.34,28959.72,,
1779066000,28959.72,28975.72,28853.34,28948.59,,
1779069600,28948.59,29019.47,28918.97,28936.47,,
1779073200,28936.47,28997.34,28930.34,28982.09,,
1779076800,28982.09,29042.72,28947.09,28977.34,,
1779080400,28977.34,29023.84,28948.34,28969.59,,
1779084000,28969.59,29039.22,28916.97,29037.47,,
1779087600,29037.47,29101.84,28986.34,29046.97,,
1779091200,29046.97,29168.97,29046.97,29167.59,,
1779094800,29167.59,29175.22,29096.22,29116.59,,
1779098400,29116.59,29121.84,29007.22,29046.97,,
1779102000,29046.97,29200.47,28980.47,29103.47,,
1779105600,29103.47,29345.72,29098.09,29334.72,,
1779109200,29334.72,29344.97,29064.99,29169.24,,
1779112800,29169.24,29224.99,28901.37,29009.24,,
1779116400,29009.24,29050.62,28868.62,28923.12,,
1779120000,28923.12,28998.37,28769.62,28932.49,,
1779123600,28932.49,28963.49,28887.12,28940.37,,
1779127200,28940.37,28946.87,28742.37,28769.37,,
1779130800,28769.37,29039.62,28764.62,29025.37,,
1779134400,29025.37,29035.22,28995.72,29002.04,,
1779141600,29002.04,29102.4,29002.04,29087.03,,
1779145200,29087.03,29113.9,29043.4,29063.4,,
1779148800,29063.4,29116.53,29008.15,29013.53,,
1779152400,29013.53,29024.4,28920.65,28942.65,,
1779156000,28942.65,28943.4,28859.9,28901.4,,
1779159600,28901.4,28967.9,28874.4,28919.65,,
1779163200,28919.65,28920.4,28833.78,28890.53,,
1779166800,28890.28,28905.4,28814.65,28864.9,,
1779170400,28864.9,28950.4,28834.78,28950.03,,
1779174000,28950.03,29054.65,28934.9,29031.65,,
1779177600,29031.65,29046.78,28903.03,28934.78,,
1779181200,28934.78,28935.4,28766.1,28844.4,,
1779184800,28844.4,28860.15,28769.53,28853.15,,
1779188400,28853.15,28880.28,28783.28,28783.65,,
1779192000,28784.03,28866.78,28762.78,28841.9,,
1779195600,28841.9,28997.3,28732.9,28865.05,,
1779199200,28865.05,28873.55,28593.93,28733.3,,
1779202800,28733.3,28807.18,28657.55,28745.93,,
1779206400,28745.93,28964.05,28722.43,28951.93,,
1779210000,28951.93,29055.93,28938.93,28999.3,,
1779213600,28999.3,29030.93,28872.18,28889.93,,
1779217200,28889.93,28988.8,28799.05,28851.93,,
1779220800,28851.93,28870.65,28816.78,28828.98,,
1779228000,28828.98,28889.39,28800.52,28844.02,,
1779231600,28844.02,28955.02,28836.52,28883.89,,
1779235200,28883.89,28904.77,28732.27,28871.64,,
1779238800,28871.64,28931.14,28791.77,28913.14,,
1779242400,28913.14,28949.39,28799.02,28817.77,,
1779246000,28817.77,28846.77,28772.52,28828.64,,
1779249600,28828.64,28881.89,28803.77,28815.64,,
1779253200,28815.64,28914.39,28815.39,28887.27,,
1779256800,28887.27,28972.39,28883.77,28972.14,,
1779260400,28972.14,28997.27,28948.02,28959.64,,
1779264000,28959.64,29069.27,28957.02,29032.14,,
1779267600,29032.14,29082.390000000003,28998.77,29057.02,,
1779271200,29057.02,29090.27,29036.52,29040.77,,
1779274800,29040.77,29061.640000000003,28996.77,29014.140000000003,,
1779278400,29014.140000000003,29102.140000000003,29005.890000000003,29037.140000000003,,
1779282000,29037.140000000003,29127.67,28958.04,29032.67,,
1779285600,29032.67,29212.17,28941.79,29194.17,,
1779289200,29194.17,29328.29,29166.17,29264.42,,
1779292800,29264.42,29270.29,29145.17,29195.79,,
1779296400,29195.79,29258.42,29162.92,29235.04,,
1779300000,29235.04,29277.42,29208.84,29234.17,,
1779303600,29234.17,29329.04,29231.92,29327.42,,
1779307200,29327.42,29328.77,29181.34,29210.84,,
1779314400,29210.84,29210.84,29044.25,29121.68,,
1779318000,29121.68,29154.93,29099.05,29123.18,,
1779321600,29123.18,29163.3,29102.5,29151.68,,
1779325200,29151.68,29251.05,29151.68,29243.05,,
1779328800,29243.05,29307.43,29243.05,29259.55,,
1779332400,29259.55,29311.55,29256.43,29292.43,,
1779336000,29292.43,29355.050000000003,29290.43,29349.68,,
1779339600,29349.68,29370.050000000003,29228.75,29297.550000000003,,
1779343200,29297.550000000003,29323.800000000003,29209.68,29231.68,,
1779346800,29231.68,29263.550000000003,29132.75,29252.550000000003,,
1779350400,29252.550000000003,29393.300000000003,29241.18,29304.43,,
1779354000,29304.43,29359.550000000003,29298,29311.550000000003,,
1779357600,29311.550000000003,29323.68,29121.25,29176.93,,
1779361200,29176.93,29223.800000000003,29135.25,29183.800000000003,,
1779364800,29183.800000000003,29222.68,29116.18,29124.18,,
1779368400,29124.18,29245.58,29105.2,29219.08,,
1779372000,29219.08,29269.7,29058.33,29165.83,,
1779375600,29165.83,29234.83,29069.7,29197.33,,
1779379200,29197.33,29241.2,29138.58,29188.08,,
1779382800,29188.08,29484.7,29188.08,29427.58,,
1779386400,29427.58,29452.58,29224.5,29268.45,,
1779390000,29268.45,29394.2,29266.2,29376.08,,
1779393600,29376.08,29402.050000000003,29364.18,29385.88,,
1779400800,29385.88,29478.25,29379.57,29472.870000000003,,
1779404400,29472.870000000003,29518.870000000003,29469.5,29485.120000000003,,
1779408000,29485.120000000003,29538,29469.620000000003,29500.120000000003,,
1779411600,29500.120000000003,29513.370000000003,29426.57,29464.370000000003,,
1779415200,29464.370000000003,29490.5,29439.57,29483.870000000003,,
1779418800,29483.870000000003,29508,29462.620000000003,29507.620000000003,,
1779422400,29507.620000000003,29532.75,29499.620000000003,29527.370000000003,,
1779426000,29527.370000000003,29541.370000000003,29469.57,29481.5,,
1779429600,29481.5,29527.620000000003,29468.57,29497.620000000003,,
1779433200,29497.620000000003,29520.120000000003,29463.25,29518.120000000003,,
1779436800,29518.120000000003,29600.620000000003,29497.5,29500.370000000003,,
1779440400,29500.370000000003,29501,29412.370000000003,29461.25,,
1779444000,29461.25,29462.25,29370.57,29400.120000000003,,
1779447600,29400.120000000003,29462.370000000003,29387.620000000003,29443.5,,
1779451200,29443.5,29530.5,29430.25,29528.620000000003,,
1779454800,29528.620000000003,29650.77,29483.120000000003,29575.82,,
1779458400,29575.82,29589.77,29425.65,29582.52,,
1779462000,29582.52,29649.15,29579.65,29622.65,,
1779465600,29622.65,29629.4,29567.9,29606.77,,
1779469200,29606.77,29682.65,29580.57,29614.27,,
1779472800,29614.27,29624.02,29559.65,29585.52,,
1779476400,29585.52,29595.07,29467.4,29486.77,,
1779480000,29486.77,29515.25,29436.57,29464.7,,
1779660000,29464.7,29768.4,29464.7,29751.4,,
1779663600,29751.4,29825.780000000002,29748.780000000002,29786.15,,
1779667200,29786.15,29878.780000000002,29769.65,29858.530000000002,,
1779670800,29858.530000000002,29891.530000000002,29849.530000000002,29867.780000000002,,
1779674400,29867.780000000002,29903.780000000002,29846.4,29900.4,,
1779678000,29900.4,29931.4,29898.530000000002,29905.4,,
1779681600,29905.4,29928.9,29904.530000000002,29917.65,,
1779685200,29917.65,29937.65,29911.4,29912.15,,
1779688800,29912.15,29928.030000000002,29892.780000000002,29910.780000000002,,
1779692400,29910.780000000002,29930.65,29832.530000000002,29915.280000000002,,
1779696000,29915.280000000002,29917.65,29870.530000000002,29905.9,,
1779699600,29905.9,29919.780000000002,29897.530000000002,29899.280000000002,,
1779703200,29899.280000000002,29918.030000000002,29889.780000000002,29915.15,,
1779706800,29915.15,29932.15,29908.780000000002,29915.9,,
1779710400,29915.9,29933.030000000002,29880.600000000002,29884.780000000002,,
1779714000,29884.780000000002,29937.18,29880.780000000002,29936.800000000003,,
1779717600,29936.800000000003,29937.18,29853.68,29872.68,,
1779721200,29872.68,29934.050000000003,29859.18,29866.93,,
1779724800,29866.93,29910.300000000003,29856.93,29907.18,,
1779728400,29907.18,29907.18,29901.300000000003,29901.300000000003,,
1779735600,29901.300000000003,29906.300000000003,29901.300000000003,29906.300000000003,,
1779739200,29906.300000000003,29906.300000000003,29905.65,29905.65,,
1779746400,29905.65,29922.02,29827.77,29836.52,,
1779750000,29836.52,29846.890000000003,29780.84,29825.02,,
1779753600,29825.02,29827.52,29746.77,29768.02,,
1779757200,29768.02,29781.390000000003,29716.890000000003,29757.890000000003,,
1779760800,29757.890000000003,29774.640000000003,29743.390000000003,29763.77,,
1779764400,29763.77,29775.02,29748.52,29766.140000000003,,
1779768000,29766.140000000003,29775.02,29739.52,29747.02,,
1779771600,29747.02,29762.390000000003,29729.34,29752.140000000003,,
1779775200,29752.140000000003,29791.52,29745.890000000003,29770.890000000003,,
1779778800,29770.890000000003,29776.27,29690.390000000003,29720.02,,
1779782400,29720.02,29757.02,29704.52,29753.890000000003,,
1779786000,29753.890000000003,29796.890000000003,29750.640000000003,29792.890000000003,,
1779789600,29792.890000000003,29861.02,29790.02,29801.02,,
1779793200,29801.02,29820.390000000003,29764.390000000003,29811.890000000003,,
1779796800,29811.890000000003,29876.390000000003,29796.34,29866.52,,
1779800400,29866.52,29952.920000000002,29773.04,29952.920000000002,,
1779804000,29952.920000000002,30065.420000000002,29922.54,30001.79,,
1779807600,30001.79,30013.420000000002,29832.29,29873.920000000002,,
1779811200,29873.920000000002,29962.04,29868.170000000002,29921.79,,
1779814800,29921.79,29959.79,29901.04,29943.29,,
1779818400,29943.29,30007.170000000002,29928.670000000002,29960.79,,
1779822000,29960.79,30058.29,29952.170000000002,30025.54,,
1779825600,30025.54,30029.890000000003,29977.52,29989.59,,
1779832800,29989.59,30024.04,29976.54,29986.79,,
1779836400,29986.79,30051.920000000002,29986.420000000002,30047.54,,
1779840000,30047.54,30084.79,30019.04,30077.420000000002,,
1779843600,30077.420000000002,30106.670000000002,30062.79,30070.79,,
1779847200,30070.79,30106.670000000002,30068.420000000002,30085.170000000002,,
1779850800,30085.170000000002,30102.29,30041.420000000002,30045.420000000002,,
1779854400,30045.420000000002,30072.04,30022.920000000002,30053.670000000002,,
1779858000,30053.670000000002,30068.170000000002,30015.99,30050.79,,
1779861600,30050.79,30058.79,30003.79,30023.79,,
1779865200,30023.79,30092.04,30023.29,30088.29,,
1779868800,30088.29,30165.54,30078.920000000002,30144.170000000002,,
1779872400,30144.170000000002,30161.54,30120.79,30161.170000000002,,
1779876000,30161.170000000002,30196.29,30159.920000000002,30183.420000000002,,
1779879600,30183.420000000002,30244.54,30183.170000000002,30212.79,,
1779883200,30212.79,30327.04,30190.79,30209.170000000002,,
1779886800,30209.170000000002,30218.670000000002,29885.82,30008.07,,
1779890400,30008.07,30047.190000000002,29825.940000000002,29889.07,,
1779894000,29889.07,29929.440000000002,29831.190000000002,29883.07,,
1779897600,29883.07,29996.690000000002,29865.440000000002,29936.57,,
1779901200,29936.57,29945.440000000002,29843.190000000002,29921.32,,
1779904800,29921.32,30008.440000000002,29911.440000000002,29987.07,,
1779908400,29987.07,30019.82,29957.57,29994.940000000002,,
1779912000,29994.940000000002,30077.04,29983.170000000002,30072.74,,
1779919200,30072.74,30086.210000000003,29977.33,30011.460000000003,,
1779922800,30011.460000000003,30030.08,29917.210000000003,29930.08,,
1779926400,29930.08,30040.08,29913.710000000003,30021.960000000003,,
1779930000,30021.960000000003,30031.08,29984.83,30021.710000000003,,
1779933600,30021.710000000003,30030.210000000003,29921.58,29923.960000000003,,
1779937200,29923.960000000003,29935.960000000003,29746.960000000003,29762.33,,
1779940800,29762.33,29775.58,29714.280000000002,29739.210000000003,,
1779944400,29739.210000000003,29862.210000000003,29719.58,29855.460000000003,,
1779948000,29855.460000000003,29888.58,29830.960000000003,29859.58,,
1779951600,29859.58,29915.33,29859.33,29906.83,,
1779955200,29906.83,29945.58,29897.83,29934.460000000003,,
1779958800,29934.460000000003,29948.58,29892.08,29926.33,,
1779962400,29926.33,29926.58,29814.780000000002,29835.58,,
1779966000,29835.58,29890.58,29821.460000000003,29875.08,,
1779969600,29875.08,30017.960000000003,29872.83,30006.460000000003,,
1779973200,30006.460000000003,30063.230000000003,29871.36,29942.36,,
1779976800,29942.36,30142.230000000003,29914.61,30138.61,,
1779980400,30138.61,30243.86,30131.480000000003,30215.480000000003,,
1779984000,30215.480000000003,30280.230000000003,30189.730000000003,30277.61,,
1779987600,30277.61,30293.61,30233.480000000003,30270.730000000003,,
1779991200,30270.730000000003,30288.480000000003,30231.480000000003,30243.980000000003,,
1779994800,30243.980000000003,30282.480000000003,30225.280000000002,30257.36,,
1779998400,30257.36,30290.030000000002,30242.460000000003,30263.780000000002,,
1780005600,30263.780000000002,30313.36,30239.56,30248.86,,
1780009200,30248.86,30278.74,30247.24,30252.74,,
1780012800,30252.74,30253.11,30186.11,30199.36,,
1780016400,30199.36,30214.99,30168.11,30199.36,,
1780020000,30199.36,30222.61,30179.36,30189.74,,
1780023600,30189.74,30225.99,30187.36,30212.36,,
1780027200,30212.36,30258.24,30211.61,30249.49,,
1780030800,30249.49,30269.74,30243.74,30252.11,,
1780034400,30252.11,30302.11,30251.24,30300.24,,
1780038000,30300.24,30301.49,30218.06,30251.74,,
1780041600,30251.74,30276.99,30239.11,30267.11,,
1780045200,30267.11,30321.11,30261.11,30283.61,,
1780048800,30283.61,30301.36,30252.36,30291.61,,
1780052400,30291.61,30323.49,30250.61,30300.86,,
1780056000,30300.86,30302.11,30248.61,30300.74,,
1780059600,30300.74,30472.510000000002,30287.74,30470.390000000003,,
1780063200,30470.390000000003,30487.760000000002,30221.890000000003,30311.640000000003,,
1780066800,30311.640000000003,30391.260000000002,30287.31,30314.640000000003,,
1780070400,30314.640000000003,30399.760000000002,30309.890000000003,30349.760000000002,,
1780074000,30349.760000000002,30362.760000000002,30248.010000000002,30254.140000000003,,
1780077600,30254.140000000003,30354.260000000002,30243.31,30276.640000000003,,
1780081200,30276.640000000003,30397.260000000002,30267.260000000002,30349.010000000002,,
1780084800,30349.010000000002,30361.99,30328.11,30334.190000000002,,
1780264800,30334.190000000002,30433.43,30322,30416.18,,
1780268400,30416.18,30445.43,30411.300000000003,30438.050000000003,,
1780272000,30438.050000000003,30515.18,30431.5,30501.18,,
1780275600,30501.18,30512.93,30481,30508.93,,
1780279200,30508.93,30529.300000000003,30503.93,30509.93,,
1780282800,30509.93,30554.800000000003,30496.75,30506.18,,
1780286400,30506.18,30541.43,30504.050000000003,30534.050000000003,,
1780290000,30534.050000000003,30551.68,30511.43,30539.68,,
1780293600,30539.68,30549.93,30515.5,30539.68,,
1780297200,30539.68,30552.550000000003,30447.050000000003,30471.800000000003,,
1780300800,30471.800000000003,30476.68,30404.300000000003,30459.800000000003,,
1780304400,30459.800000000003,30472.800000000003,30414.43,30422.68,,
1780308000,30422.68,30465.300000000003,30414.75,30454.43,,
1780311600,30454.43,30462.18,30411.93,30422.43,,
1780315200,30422.43,30456.93,30375.93,30409.93,,
1780318800,30409.93,30427.95,30252.18,30271.25,,
1780322400,30271.25,30407.95,30253.25,30397.83,,
1780326000,30397.83,30514.95,30374,30462.58,,
1780329600,30462.58,30545.33,30411.83,30541.95,,
1780333200,30541.95,30652.95,30495.95,30630.95,,
1780336800,30630.95,30635.7,30575.45,30583.95,,
1780340400,30583.95,30608.45,30516.7,30532.08,,
1780344000,30532.08,30535.68,30467.800000000003,30483.63,,
1780351200,30483.63,30509.61,30394.31,30420.99,,
1780354800,30420.99,30442.11,30405.31,30431.99,,
1780358400,30431.99,30432.61,30325.99,30335.74,,
1780362000,30335.74,30363.99,30296.11,30296.49,,
1780365600,30296.49,30347.49,30284.49,30336.61,,
1780369200,30336.61,30346.11,30280.36,30326.24,,
1780372800,30326.24,30407.49,30321.24,30405.99,,
1780376400,30405.99,30455.99,30392.06,30439.24,,
1780380000,30439.24,30478.24,30431.61,30477.24,,
1780383600,30477.24,30509.74,30472.11,30492.49,,
1780387200,30492.49,30531.24,30491.99,30511.11,,
1780390800,30511.11,30548.74,30488.24,30527.74,,
1780394400,30527.74,30533.99,30490.74,30491.74,,
1780398000,30491.74,30536.61,30465.74,30493.74,,
1780401600,30493.74,30523.11,30485.49,30491.99,,
1780405200,30491.99,30566.760000000002,30386.890000000003,30565.010000000002,,
1780408800,30565.010000000002,30610.260000000002,30500.890000000003,30605.760000000002,,
1780412400,30605.760000000002,30660.510000000002,30575.010000000002,30652.640000000003,,
1780416000,30652.640000000003,30674.760000000002,30604.010000000002,30654.260000000002,,
1780419600,30654.260000000002,30665.890000000003,30571.760000000002,30590.640000000003,,
1780423200,30590.640000000003,30627.140000000003,30561.390000000003,30601.510000000002,,
1780426800,30601.510000000002,30683.510000000002,30600.390000000003,30670.010000000002,,
1780430400,30670.010000000002,30725.61,30660.74,30705.190000000002,,
1780437600,30705.190000000002,30722.27,30663.640000000003,30669.390000000003,,
1780441200,30669.390000000003,30679.02,30527.34,30672.890000000003,,
1780444800,30672.890000000003,30691.27,30636.27,30685.390000000003,,
1780448400,30685.390000000003,30689.27,30618.52,30648.390000000003,,
1780452000,30648.390000000003,30659.34,30629.09,30644.77,,
1780455600,30644.77,30674.640000000003,30636.77,30671.77,,
1780459200,30671.77,30695.77,30666.52,30667.640000000003,,
1780462800,30667.640000000003,30688.640000000003,30641.09,30654.640000000003,,
1780466400,30654.640000000003,30683.140000000003,30636.34,30663.640000000003,,
1780470000,30663.640000000003,30704.890000000003,30652.02,30687.52,,
1780473600,30687.52,30716.640000000003,30666.09,30682.77,,
1780477200,30682.77,30735.27,30676.890000000003,30699.52,,
1780480800,30699.52,30750.140000000003,30681.27,30719.640000000003,,
1780484400,30719.640000000003,30759.27,30718.77,30745.390000000003,,
1780488000,30745.390000000003,30762.27,30665.52,30682.640000000003,,
1780491600,30682.640000000003,30773.04,30462.29,30525.84,,
1780495200,30525.84,30705.420000000002,30513.09,30632.670000000002,,
1780498800,30632.670000000002,30681.29,30533.79,30570.29,,
1780502400,30570.29,30589.04,30471.670000000002,30572.79,,
1780506000,30572.79,30612.920000000002,30482.09,30608.79,,
1780509600,30608.79,30647.920000000002,30574.04,30617.54,,
1780513200,30617.54,30659.79,30576.920000000002,30600.640000000003,,
1780516800,30600.640000000003,30605.02,30443.640000000003,30460.59,,
1780524000,30460.59,30460.780000000002,30331.230000000003,30420.280000000002,,
1780527600,30420.280000000002,30425.66,30333.41,30356.41,,
1780531200,30356.41,30465.030000000002,30340.280000000002,30461.41,,
1780534800,30461.41,30493.66,30400.91,30415.91,,
1780538400,30415.91,30419.66,30315.16,30375.530000000002,,
1780542000,30375.530000000002,30449.41,30372.280000000002,30442.66,,
1780545600,30442.66,30470.530000000002,30428.16,30459.91,,
1780549200,30459.91,30462.780000000002,30413.030000000002,30446.280000000002,,
1780552800,30446.280000000002,30496.530000000002,30427.530000000002,30492.030000000002,,
1780556400,30492.030000000002,30506.66,30452.91,30462.16,,
1780560000,30462.16,30463.91,30289.280000000002,30306.530000000002,,
1780563600,30306.530000000002,30311.41,30211.030000000002,30299.030000000002,,
1780567200,30299.030000000002,30300.030000000002,30166.91,30207.41,,
1780570800,30207.41,30250.780000000002,30126.91,30242.280000000002,,
1780574400,30242.280000000002,30292.280000000002,30185.91,30272.530000000002,,
1780578000,30272.530000000002,30327.06,30150.93,30211.56,,
1780581600,30211.56,30322.81,30114.230000000003,30319.56,,
1780585200,30319.56,30432.18,30317.06,30375.93,,
1780588800,30375.93,30456.43,30356.31,30442.06,,
1780592400,30442.06,30526.18,30427.31,30522.43,,
1780596000,30522.43,30561.06,30513.18,30520.68,,
1780599600,30520.68,30566.06,30444.18,30447.93,,
1780603200,30447.93,30457.66,30359.780000000002,30362.980000000003,,
1780610400,30362.980000000003,30383.4,30278.280000000002,30328.15,,
1780614000,30328.15,30332.9,30216.780000000002,30225.780000000002,,
1780617600,30225.780000000002,30226.780000000002,30093.280000000002,30104.780000000002,,
1780621200,30104.780000000002,30160.9,30014.15,30157.15,,
1780624800,30157.15,30210.65,30133.030000000002,30176.030000000002,,
1780628400,30176.030000000002,30190.4,30107.65,30124.65,,
1780632000,30124.65,30204.780000000002,30118.350000000002,30191.530000000002,,
1780635600,30191.530000000002,30195.15,30124.4,30131.530000000002,,
1780639200,30131.530000000002,30175.65,30074.780000000002,30084.9,,
1780642800,30084.9,30120.65,30023.9,30112.65,,
1780646400,30112.65,30184.280000000002,30081.780000000002,30120.780000000002,,
1780650000,30120.780000000002,30220.9,30113.780000000002,30159.780000000002,,
1780653600,30159.780000000002,30198.280000000002,30153.780000000002,30156.65,,
1780657200,30156.65,30159.030000000002,30097.850000000002,30109.530000000002,,
1780660800,30109.530000000002,30119.030000000002,30005.030000000002,30016.280000000002,,
1780664400,30016.280000000002,30061.68,29733.550000000003,29736.300000000003,,
1780668000,29736.300000000003,29904.68,29720.68,29815.18,,
1780671600,29815.18,29831.800000000003,29577.100000000002,29620.93,,
1780675200,29620.93,29622.68,29341.600000000002,29452.93,,
1780678800,29452.93,29466.93,29324.300000000003,29433.550000000003,,
1780682400,29433.550000000003,29439.18,29058.550000000003,29151.600000000002,,
1780686000,29151.600000000002,29173.68,28936.68,28978.050000000003,,
1780689600,28978.050000000003,29003.9,28751.15,28780.730000000003,,
1780869600,28780.730000000003,28994.710000000003,28780.730000000003,28864.16,,
1780873200,28864.16,29074.09,28864.16,29058.84,,
1780876800,29058.84,29259.21,29031.71,29188.84,,
1780880400,29188.84,29206.71,28997.09,29130.21,,
1780884000,29130.21,29214.46,29076.59,29182.09,,
1780887600,29182.09,29203.21,29147.84,29183.34,,
1780891200,29183.34,29193.46,29060.71,29061.96,,
1780894800,29061.96,29110.59,28944.21,28987.46,,
1780898400,28987.46,29120.59,28973.46,29073.21,,
1780902000,29073.21,29251.84,29055.09,29228.21,,
1780905600,29228.21,29237.96,29129.84,29148.96,,
1780909200,29148.96,29218.66,29116.34,29210.96,,
1780912800,29210.96,29244.09,29147.21,29213.09,,
1780916400,29213.09,29409.09,29184.16,29346.59,,
1780920000,29346.59,29480.46,29338.09,29456.96,,
1780923600,29456.96,29575.34,29314.49,29322.11,,
1780927200,29322.11,29651.74,29304.74,29647.99,,
1780930800,29647.99,29714.11,29531.24,29582.36,,
1780934400,29582.36,29663.49,29526.24,29552.11,,
1780938000,29552.11,29594.99,29458.74,29530.24,,
1780941600,29530.24,29589.36,29500.36,29513.49,,
1780945200,29513.49,29519.49,29349.61,29425.61,,
1780948800,29425.61,29441.59,29372.84,29407.79,,
1780956000,29407.79,29440.89,29295.51,29399.14,,
1780959600,29399.14,29455.01,29358.46,29398.21,,
1780963200,29398.21,29413.76,29278.89,29311.14,,
1780966800,29311.14,29519.76,29303.64,29465.76,,
1780970400,29465.76,29497.51,29434.39,29487.89,,
1780974000,29487.89,29566.01,29475.14,29554.89,,
1780977600,29554.89,29604.26,29542.64,29577.51,,
1780981200,29577.51,29625.01,29564.26,29607.51,,
1780984800,29607.51,29648.39,29575.14,29596.64,,
1780988400,29596.64,29663.14,29557.64,29566.51,,
1780992000,29566.51,29660.14,29540.39,29615.51,,
1780995600,29615.51,29669.89,29610.26,29653.76,,
1780999200,29653.76,29672.01,29597.21,29658.76,,
1781002800,29658.76,29700.89,29645.51,29655.01,,
1781006400,29655.01,29710.51,29626.26,29709.01,,
1781010000,29709.01,29820.29,29609.66,29646.21,,
1781013600,29646.21,29685.41,29058.41,29214.04,,
1781017200,29214.04,29274.91,28656.16,28669.16,,
1781020800,28669.16,28761.04,28202.66,28454.54,,
1781024400,28454.54,28898.16,28445.21,28804.29,,
1781028000,28804.29,29064.54,28760.16,29040.41,,
1781031600,29040.41,29118.54,28815.54,29090.29,,
1781035200,29090.29,29169.26,29056.76,29113.34,,
1781042400,29113.34,29113.34,28963.97,29003.42,,
1781046000,29003.42,29074.67,28957.92,29041.85,,
1781049600,29041.85,29144.47,28951.92,29051.67,,
1781053200,29051.67,29089.47,28987.92,29010.85,,
1781056800,29010.85,29018.47,28937.85,28947.47,,
1781060400,28947.47,29022.1,28943.72,28969.22,,
1781064000,28969.22,28978.97,28846.92,28874.42,,
1781067600,28874.42,28944.22,28832.35,28920.6,,
1781071200,28920.6,28989.85,28912.35,28945.47,,
1781074800,28945.47,28977.22,28907.1,28940.22,,
1781078400,28940.22,28940.22,28721.72,28739.6,,
1781082000,28739.6,28795.35,28662.1,28755.72,,
1781085600,28755.72,28820.72,28678.22,28804.67,,
1781089200,28804.67,28821.72,28587.6,28654.72,,
1781092800,28654.72,28969.1,28640.1,28809.35,,
1781096400,28809.35,29138.87,28751.92,28999,,
1781100000,28999,29226.62,28834.5,28879.5,,
1781103600,28879.5,28961.25,28605.17,28832.25,,
1781107200,28832.25,28872.75,28641.87,28695.5,,
1781110800,28695.5,28770.5,28595.37,28756.25,,
1781114400,28756.25,28808.62,28553.12,28584.75,,
1781118000,28584.75,28644.12,28472.25,28505.62,,
1781121600,28505.62,28510.92,28387.92,28447.54,,
1781128800,28447.54,28449.04,28310.54,28321.99,,
1781132400,28321.99,28425.49,28246.54,28343.17,,
1781136000,28343.17,28550.74,28316.24,28530.42,,
1781139600,28530.42,28742.79,28530.42,28623.17,,
1781143200,28623.17,28677.17,28514.79,28616.04,,
1781146800,28616.04,28723.04,28561.99,28719.04,,
1781150400,28719.04,28782.54,28685.04,28755.79,,
1781154000,28755.79,28761.54,28693.04,28727.17,,
1781157600,28727.17,28776.92,28669.17,28772.29,,
1781161200,28772.29,28848.29,28747.67,28825.04,,
1781164800,28825.04,28914.92,28825.04,28890.79,,
1781168400,28890.79,28901.92,28837.99,28857.670000000002,,
1781172000,28857.670000000002,28896.670000000002,28854.49,28858.920000000002,,
1781175600,28858.920000000002,28889.04,28791.99,28881.29,,
1781179200,28881.29,28894.170000000002,28617.24,28792.29,,
1781182800,28792.29,28994.32,28631.57,28881.190000000002,,
1781186400,28881.190000000002,29029.32,28587.74,28629.82,,
1781190000,28629.82,28887.57,28558.49,28838.57,,
1781193600,28838.57,28955.690000000002,28744.24,28750.190000000002,,
1781197200,28750.190000000002,29281.440000000002,28659.24,29194.690000000002,,
1781200800,29194.690000000002,29290.190000000002,29049.24,29249.32,,
1781204400,29249.32,29522.440000000002,29210.57,29438.57,,
1781208000,29438.57,29502.920000000002,29388.99,29414.86,,
1781215200,29414.86,29567.460000000003,29414.86,29539.780000000002,,
1781218800,29539.780000000002,29578.58,29474.460000000003,29559.030000000002,,
1781222400,29559.030000000002,29626.460000000003,29518.280000000002,29569.780000000002,,
1781226000,29569.780000000002,29571.58,29447.030000000002,29533.710000000003,,
1781229600,29533.710000000003,29568.83,29485.030000000002,29544.030000000002,,
1781233200,29544.030000000002,29545.280000000002,29470.280000000002,29510.780000000002,,
1781236800,29510.780000000002,29530.710000000003,29470.08,29525.030000000002,,
1781240400,29525.030000000002,29536.08,29356.280000000002,29382.58,,
1781244000,29382.58,29455.710000000003,29317.030000000002,29341.780000000002,,
1781247600,29341.780000000002,29440.210000000003,29242.280000000002,29413.530000000002,,
1781251200,29413.530000000002,29548.08,29398.280000000002,29461.280000000002,,
1781254800,29461.280000000002,29649.83,29458.58,29603.280000000002,,
1781258400,29603.280000000002,29638.58,29498.030000000002,29531.030000000002,,
1781262000,29531.030000000002,29640.960000000003,29530.280000000002,29619.460000000003,,
1781265600,29619.460000000003,29627.460000000003,29363.030000000002,29394.030000000002,,
1781269200,29394.030000000002,29480.730000000003,29212.780000000002,29331.530000000002,,
1781272800,29331.530000000002,29625.36,29321.280000000002,29614.480000000003,,
1781276400,29614.480000000003,29741.480000000003,29391.030000000002,29422.230000000003,,
1781280000,29422.230000000003,29660.61,29391.030000000002,29652.86,,
1781283600,29652.86,29733.36,29629.480000000003,29664.61,,
1781287200,29664.61,29700.730000000003,29589.230000000003,29626.730000000003,,
1781290800,29626.730000000003,29693.230000000003,29562.86,29632.230000000003,,
1781294400,29632.230000000003,29712.08,29628.280000000002,29661.91,,
1781474400,29661.91,30081.4,29661.91,30037.9,,
1781478000,30037.9,30057.65,29976.100000000002,30040.850000000002,,
1781481600,30041.1,30158.78,30030.35,30126.1,,
1781485200,30126.1,30171.53,30113.85,30155.6,,
1781488800,30155.6,30198.4,30151.1,30188.85,,
1781492400,30188.85,30205.1,30170.1,30174.6,,
1781496000,30174.6,30219.78,30159.35,30218.4,,
1781499600,30218.4,30231.9,30192.15,30222.53,,
1781503200,30222.53,30244.78,30208.35,30236.85,,
1781506800,30236.85,30256.65,30208.35,30231.85,,
1781510400,30231.85,30311.65,30225.6,30274.35,,
1781514000,30274.35,30287.03,30194.1,30231.85,,
1781517600,30231.85,30254.4,30215.4,30245.53,,
1781521200,30245.53,30306.53,30240.85,30283.6,,
1781524800,30283.6,30301.65,30225.28,30267.4,,
1781528400,30267.4,30483.68,30249.85,30387.85,,
1781532000,30387.85,30478.18,30359.43,30462.55,,
1781535600,30462.55,30574.93,30461.18,30567.05,,
1781539200,30567.05,30599.55,30537.68,30554.43,,
1781542800,30554.43,30576.43,30522.85,30543.18,,
1781546400,30543.18,30576.8,30511.18,30547.55,,
1781550000,30547.55,30562.18,30501.18,30558.93,,
1781553600,30558.93,30575.15,30509.9,30517.1,,
1781560800,30517.1,30550.81,30443.31,30490.06,,
1781564400,30490.06,30528.81,30479.56,30520.31,,
1781568000,30520.31,30539.86,30455.06,30463.31,,
1781571600,30463.31,30489.11,30443.31,30469.31,,
1781575200,30469.31,30490.61,30456.99,30468.31,,
1781578800,30468.31,30540.86,30463.81,30517.06,,
1781582400,30517.06,30522.06,30481.24,30500.56,,
1781586000,30500.56,30531.99,30482.86,30491.81,,
1781589600,30491.81,30523.81,30485.06,30514.11,,
1781593200,30514.11,30534.24,30493.81,30525.74,,
1781596800,30525.74,30628.74,30515.31,30611.06,,
1781600400,30611.06,30616.11,30546.99,30555.11,,
1781604000,30555.11,30617.36,30554.49,30614.81,,
1781607600,30614.81,30654.61,30604.86,30621.56,,
1781611200,30621.56,30634.36,30497.56,30509.36,,
1781614800,30509.36,30570.890000000003,30433.390000000003,30489.890000000003,,
1781618400,30489.890000000003,30538.260000000002,30246.06,30284.140000000003,,
1781622000,30284.140000000003,30347.140000000003,30091.81,30151.390000000003,,
1781625600,30151.390000000003,30258.010000000002,30130.06,30176.640000000003,,
1781629200,30176.640000000003,30196.390000000003,30080.260000000002,30154.010000000002,,
1781632800,30154.010000000002,30173.260000000002,30101.56,30120.140000000003,,
1781636400,30120.140000000003,30157.140000000003,29973.56,29982.390000000003,,
1781640000,29982.390000000003,30002.81,29945.31,29979.81,,
1781647200,29979.81,30064.32,29979.81,30054.57,,
1781650800,30054.57,30056.07,29984.07,30007.32,,
1781654400,30007.32,30080.32,30007.32,30060.82,,
1781658000,30060.82,30127.32,30044.07,30124.32,,
1781661600,30124.32,30139.870000000003,30110.07,30117.82,,
1781665200,30117.82,30147.620000000003,30095.07,30143.82,,
1781668800,30143.82,30164.870000000003,30125.32,30164.57,,
1781672400,30164.57,30205.75,30159.07,30177.57,,
1781676000,30177.57,30223.120000000003,30163.82,30220.82,,
1781679600,30220.82,30256.870000000003,30214.82,30237.370000000003,,
1781683200,30237.370000000003,30261.870000000003,30141.82,30185.32,,
1781686800,30185.32,30200.5,30122,30135.370000000003,,
1781690400,30135.370000000003,30175.32,30095.07,30135.32,,
1781694000,30135.32,30168.32,30065.82,30093.82,,
1781697600,30093.82,30195.120000000003,30092.07,30165.57,,
1781701200,30165.57,30218.27,30023.57,30024.82,,
1781704800,30024.82,30221.9,29965.82,30035.82,,
1781708400,30035.82,30135.52,30024.07,30125.32,,
1781712000,30125.32,30148.9,30074.07,30086.57,,
1781715600,30086.57,30153.82,29998.07,30147.07,,
1781719200,30147.07,30202.57,29756.32,29956.07,,
1781722800,29956.07,30051.32,29605.32,29675.32,,
1781726400,29675.32,29842.57,29672.07,29825.82,,
1781733600,29825.82,29945.850000000002,29782.800000000003,29922.480000000003,,
1781737200,29922.480000000003,30000.230000000003,29912.730000000003,30000.230000000003,,
1781740800,30000.230000000003,30119.230000000003,29993.600000000002,30054.100000000002,,
1781744400,30054.100000000002,30125.980000000003,30050.350000000002,30068.480000000003,,
1781748000,30068.480000000003,30117.730000000003,30060.980000000003,30087.850000000002,,
1781751600,30087.850000000002,30106.230000000003,30057.480000000003,30087.100000000002,,
1781755200,30087.100000000002,30092.350000000002,29970.600000000002,30028.600000000002,,
1781758800,30028.600000000002,30065.100000000002,30010.800000000003,30041.600000000002,,
1781762400,30041.600000000002,30113.100000000002,30009.050000000003,30107.230000000003,,
1781766000,30107.230000000003,30131.980000000003,30069.800000000003,30131.730000000003,,
1781769600,30131.730000000003,30186.350000000002,30074.980000000003,30083.230000000003,,
1781773200,30083.230000000003,30182.480000000003,30074.550000000003,30175.350000000002,,
1781776800,30175.350000000002,30181.480000000003,30108.730000000003,30122.100000000002,,
1781780400,30122.100000000002,30144.850000000002,30042.800000000003,30110.230000000003,,
1781784000,30110.230000000003,30223.730000000003,30083.850000000002,30202.230000000003,,
1781787600,30202.230000000003,30302.38,30078.550000000003,30155.13,,
1781791200,30155.13,30348.13,30136.88,30310.38,,
1781794800,30310.38,30363.13,30183.88,30328.13,,
1781798400,30328.13,30395.25,30316.25,30372.5,,
1781802000,30372.5,30424,30344.38,30395.88,,
1781805600,30395.88,30406.13,30353.75,30378.13,,
1781809200,30378.13,30470.63,30332.75,30381.63,,
1781812800,30381.63,30434.850000000002,30369.850000000002,30413.93,,
1781820000,30413.93,30467.600000000002,30347.600000000002,30359.730000000003,,
1781823600,30359.730000000003,30400.350000000002,30354.300000000003,30388.600000000002,,
1781827200,30388.600000000002,30391.800000000003,30325.350000000002,30339.850000000002,,
1781830800,30339.850000000002,30360.980000000003,30289.480000000003,30292.600000000002,,
1781834400,30292.600000000002,30316.730000000003,30272.350000000002,30290.980000000003,,
1781838000,30290.980000000003,30302.850000000002,30202.600000000002,30215.600000000002,,
1781841600,30215.600000000002,30223.730000000003,30102.800000000003,30130.980000000003,,
1781845200,30130.980000000003,30180.480000000003,30085.800000000003,30178.730000000003,,
1781848800,30178.730000000003,30258.600000000002,30175.730000000003,30251.730000000003,,
1781852400,30251.730000000003,30329.600000000002,30248.050000000003,30326.600000000002,,
1781856000,30326.600000000002,30357.100000000002,30304.550000000003,30346.350000000002,,
1781859600,30346.350000000002,30363.480000000003,30307.980000000003,30322.980000000003,,
1781863200,30322.980000000003,30330.100000000002,30236.230000000003,30270.980000000003,,
1781866800,30270.980000000003,30297.980000000003,30233.300000000003,30287.980000000003,,
1781870400,30287.980000000003,30366.600000000002,30223.050000000003,30349.850000000002,,
1781874000,30349.850000000002,30392,30323.730000000003,30379.13,,
1781877600,30379.13,30395.38,30345.88,30387.75,,
1781881200,30387.75,30402,30350.88,30381.5,,
1781884800,30381.5,30399.38,30337.800000000003,30342.800000000003,,
1782079200,30342.800000000003,30342.800000000003,30171.31,30230.36,,
1782082800,30230.36,30231.74,30045.11,30061.74,,
1782086400,30061.74,30331.49,30055.11,30324.61,,
1782090000,30324.61,30366.36,30311.36,30314.86,,
1782093600,30314.86,30333.86,30284.99,30292.24,,
1782097200,30292.24,30323.61,30253.11,30263.36,,
1782100800,30263.36,30299.24,30231.86,30290.61,,
1782104400,30290.61,30372.11,30279.11,30348.36,,
1782108000,30348.36,30449.99,30345.11,30444.11,,
1782111600,30444.11,30489.24,30441.11,30466.24,,
1782115200,30466.24,30472.86,30394.49,30437.86,,
1782118800,30437.86,30464.99,30406.24,30407.11,,
1782122400,30407.11,30473.61,30406.36,30427.49,,
1782126000,30427.49,30536.24,30418.81,30463.99,,
1782129600,30463.99,30552.24,30459.74,30508.24,,
1782133200,30508.24,30645.140000000003,30465.260000000002,30644.760000000002,,
1782136800,30644.760000000002,30675.890000000003,30253.390000000003,30347.260000000002,,
1782140400,30371.010000000002,30387.510000000002,30249.140000000003,30264.510000000002,,
1782144000,30264.510000000002,30323.140000000003,30211.140000000003,30297.260000000002,,
1782147600,30297.260000000002,30357.890000000003,30240.390000000003,30322.890000000003,,
1782151200,30322.890000000003,30370.890000000003,30258.760000000002,30266.390000000003,,
1782154800,30266.390000000003,30380.890000000003,30242.140000000003,30361.760000000002,,
1782158400,30361.760000000002,30385.36,30346.86,30370.68,,
1782165600,30370.68,30416.61,30284.06,30299.86,,
1782169200,30299.86,30306.24,30258.31,30292.74,,
1782172800,30292.74,30352.86,30178.31,30318.74,,
1782176400,30318.74,30333.74,30124.24,30177.61,,
1782180000,30177.61,30191.36,30107.06,30122.49,,
1782183600,30122.49,30130.36,30018.86,30117.61,,
1782187200,30117.61,30132.49,29948.74,29959.36,,
1782190800,29959.36,29985.99,29810.24,29825.86,,
1782194400,29825.86,29851.11,29667.99,29686.61,,
1782198000,29686.61,29771.36,29606.61,29625.36,,
1782201600,29625.36,29636.36,29494.11,29545.86,,
1782205200,29545.86,29650.99,29541.49,29604.11,,
1782208800,29604.11,29634.11,29469.99,29534.74,,
1782212400,29534.74,29601.49,29505.36,29590.36,,
1782216000,29590.36,29618.24,29424.81,29452.24,,
1782219600,29452.24,29652.140000000003,29334.640000000003,29644.640000000003,,
1782223200,29644.640000000003,29764.890000000003,29531.010000000002,29572.510000000002,,
1782226800,29572.510000000002,29603.890000000003,29413.640000000003,29515.760000000002,,
1782230400,29515.760000000002,29633.510000000002,29508.260000000002,29581.510000000002,,
1782234000,29581.510000000002,29614.140000000003,29450.010000000002,29450.510000000002,,
1782237600,29450.510000000002,29500.640000000003,29295.260000000002,29347.140000000003,,
1782241200,29347.140000000003,29471.010000000002,29330.390000000003,29362.890000000003,,
1782244800,29362.890000000003,29474.61,29350.49,29468.56,,
1782252000,29468.56,29530.31,29359.56,29406.31,,
1782255600,29406.31,29491.56,29313.010000000002,29475.06,,
1782259200,29475.06,29618.56,29463.690000000002,29573.06,,
1782262800,29573.06,29579.690000000002,29488.760000000002,29553.440000000002,,
1782266400,29553.440000000002,29565.440000000002,29363.190000000002,29364.940000000002,,
1782270000,29364.940000000002,29506.190000000002,29343.06,29472.940000000002,,
1782273600,29472.940000000002,29517.940000000002,29381.56,29512.190000000002,,
1782277200,29512.190000000002,29611.190000000002,29506.690000000002,29547.06,,
1782280800,29547.06,29592.440000000002,29524.010000000002,29549.81,,
1782284400,29549.81,29568.31,29490.56,29497.56,,
1782288000,29497.56,29593.940000000002,29490.440000000002,29546.31,,
1782291600,29546.31,29570.940000000002,29481.440000000002,29536.06,,
1782295200,29536.06,29578.940000000002,29501.760000000002,29520.940000000002,,
1782298800,29520.940000000002,29592.440000000002,29461.760000000002,29588.56,,
1782302400,29588.56,29599.81,29479.56,29490.690000000002,,
1782306000,29490.690000000002,29568.710000000003,29290.010000000002,29411.760000000002,,
1782309600,29411.760000000002,29620.460000000003,29252.760000000002,29618.210000000003,,
1782313200,29618.210000000003,29634.59,29427.59,29483.460000000003,,
1782316800,29483.460000000003,29532.09,29323.210000000003,29333.710000000003,,
1782320400,29333.710000000003,29388.59,29092.59,29116.09,,
1782324000,29116.09,29290.59,29052.09,29072.710000000003,,
1782327600,29072.710000000003,29256.34,28991.84,29241.09,,
1782331200,29241.09,29884.31,29213.010000000002,29823.140000000003,,
1782338400,29823.140000000003,29904.940000000002,29783.940000000002,29788.81,,
1782342000,29788.81,29872.690000000002,29784.690000000002,29833.31,,
1782345600,29833.31,29839.56,29673.690000000002,29703.81,,
1782349200,29703.81,29768.31,29687.81,29735.190000000002,,
1782352800,29735.190000000002,29757.56,29662.06,29735.31,,
1782356400,29735.31,29781.690000000002,29718.260000000002,29770.81,,
1782360000,29770.81,29800.440000000002,29735.31,29777.56,,
1782363600,29777.56,29858.440000000002,29776.56,29825.940000000002,,
1782367200,29825.940000000002,29868.440000000002,29814.760000000002,29842.690000000002,,
1782370800,29842.690000000002,29923.56,29842.690000000002,29917.440000000002,,
1782374400,29917.440000000002,29955.06,29847.690000000002,29857.440000000002,,
1782378000,29857.440000000002,29894.690000000002,29850.31,29869.190000000002,,
1782381600,29869.190000000002,29922.440000000002,29861.690000000002,29896.690000000002,,
1782385200,29896.690000000002,29930.190000000002,29836.31,29868.06,,
1782388800,29868.06,29999.010000000002,29854.06,29938.940000000002,,
1782392400,29938.940000000002,29951.940000000002,29033.510000000002,29053.010000000002,,
1782396000,29053.010000000002,29513.59,29044.010000000002,29371.710000000003,,
1782399600,29385.59,29499.59,29199.960000000003,29396.960000000003,,
1782403200,29396.960000000003,29608.960000000003,29323.710000000003,29419.09,,
1782406800,29419.09,29548.34,29409.460000000003,29531.460000000003,,
1782410400,29531.460000000003,29628.460000000003,29416.510000000002,29510.710000000003,,
1782414000,29510.710000000003,29514.460000000003,29353.210000000003,29487.210000000003,,
1782417600,29487.210000000003,29659.440000000002,29485.06,29497.13,,
1782424800,29497.13,29507.530000000002,29352.530000000002,29425.15,,
1782428400,29425.15,29639.530000000002,29413.100000000002,29452.65,,
1782432000,29452.65,29518.530000000002,29362.600000000002,29383.280000000002,,
1782435600,29383.280000000002,29422.9,29208.780000000002,29238.850000000002,,
1782439200,29238.850000000002,29251.9,28977.350000000002,29011.350000000002,,
1782442800,29011.350000000002,29115.9,28907.600000000002,29112.530000000002,,
1782446400,29112.530000000002,29132.15,28999.100000000002,29016.9,,
1782450000,29016.9,29156.15,29002.530000000002,29072.15,,
1782453600,29072.15,29282.280000000002,29036.15,29249.600000000002,,
1782457200,29249.600000000002,29309.4,29182.15,29273.4,,
1782460800,29273.4,29303.9,29110.530000000002,29145.350000000002,,
1782464400,29145.350000000002,29191.030000000002,29091.280000000002,29117.530000000002,,
1782468000,29117.530000000002,29146.030000000002,29064.600000000002,29107.850000000002,,
1782471600,29107.850000000002,29172.15,29051.4,29097.15,,
1782475200,29097.15,29196.4,29044.780000000002,29062.280000000002,,
1782478800,29062.280000000002,29210.800000000003,28928.850000000002,29187.350000000002,,
1782482400,29187.350000000002,29410.93,29165.100000000002,29248.93,,
1782486000,29248.93,29463.050000000003,29156.100000000002,29367.050000000003,,
1782489600,29367.050000000003,29391.800000000003,29241.100000000002,29358.800000000003,,
1782493200,29358.800000000003,29447.43,29282.43,29291.550000000003,,
1782496800,29291.550000000003,29328.93,29136.050000000003,29162.68,,
1782500400,29162.68,29316.300000000003,29031.350000000002,29046.350000000002,,
1782504000,29046.350000000002,29156.600000000002,29003.65,29017.980000000003,,
1782684000,29017.980000000003,29363.100000000002,29017.980000000003,29325.780000000002,,
1782687600,29325.780000000002,29449.9,29316.100000000002,29386.4,,
1782691200,29386.4,29388.780000000002,29130.530000000002,29259.780000000002,,
1782694800,29259.780000000002,29325.030000000002,29187.600000000002,29282.850000000002,,
1782698400,29282.850000000002,29311.15,29155.600000000002,29289.600000000002,,
1782702000,29289.600000000002,29371.9,29248.530000000002,29359.780000000002,,
1782705600,29359.780000000002,29360.780000000002,29271.850000000002,29285.100000000002,,
1782709200,29285.100000000002,29438.4,29258.100000000002,29435.600000000002,,
1782712800,29435.600000000002,29450.780000000002,29357.350000000002,29397.280000000002,,
1782716400,29397.280000000002,29462.530000000002,29342.850000000002,29429.350000000002,,
1782720000,29429.350000000002,29498.15,29419.850000000002,29425.780000000002,,
1782723600,29425.780000000002,29454.530000000002,29386.600000000002,29431.280000000002,,
1782727200,29431.280000000002,29512.530000000002,29429.850000000002,29508.15,,
1782730800,29508.15,29525.65,29450.65,29471.280000000002,,
1782734400,29471.280000000002,29505.780000000002,29417.030000000002,29471.4,,
1782738000,29471.4,29605.550000000003,29324.300000000003,29385.300000000003,,
1782741600,29385.300000000003,29483.68,29041.43,29481.050000000003,,
1782745200,29481.050000000003,29614.300000000003,29426.68,29606.300000000003,,
1782748800,29606.300000000003,29699.68,29601.43,29682.800000000003,,
1782752400,29682.800000000003,29804.93,29682.800000000003,29770.550000000003,,
1782756000,29770.550000000003,29835.93,29753.800000000003,29799.550000000003,,
1782759600,29799.550000000003,29835.550000000003,29740.68,29813.93,,
1782763200,29813.93,29815.780000000002,29758.4,29761.730000000003,,
1782770400,29761.730000000003,29811.06,29746.63,29787.68,,
1782774000,29787.68,29830.18,29781.43,29815.43,,
1782777600,29815.43,29861.68,29711.31,29785.56,,
1782781200,29785.56,29855.18,29726.81,29829.68,,
1782784800,29829.68,29832.18,29753.56,29795.93,,
1782788400,29795.93,29905.81,29787.18,29871.93,,
1782792000,29871.93,29984.43,29870.43,29961.93,,
1782795600,29961.93,29992.18,29892.31,29942.68,,
1782799200,29942.68,29948.56,29874.31,29908.93,,
1782802800,29908.93,29926.06,29844.38,29857.43,,
1782806400,29857.43,29910.31,29794.63,29845.68,,
1782810000,29845.68,29869.43,29810.31,29858.06,,
1782813600,29858.06,29927.31,29843.93,29915.81,,
1782817200,29915.81,29950.93,29890.31,29913.68,,
1782820800,29913.68,29918.56,29780.06,29788.81,,
1782824400,29788.81,30142.210000000003,29772.43,30140.38,,
1782828000,30140.38,30217.83,30050.83,30081.08,,
1782831600,30081.08,30257.83,30075.83,30236.210000000003,,
1782835200,30236.210000000003,30322.58,30229.08,30303.960000000003,,
1782838800,30303.960000000003,30338.710000000003,30291.960000000003,30300.710000000003,,
1782842400,30300.710000000003,30351.33,30274.960000000003,30330.210000000003,,
1782846000,30330.210000000003,30375.710000000003,30286.58,30292.88,,
1782849600,30292.88,30319.06,30260.31,30276.63,,
1782856800,30276.63,30321.58,30272.530000000002,30296.210000000003,,
1782860400,30296.210000000003,30328.710000000003,30295.460000000003,30319.08,,
1782864000,30319.08,30339.08,30293.33,30309.460000000003,,
1782867600,30309.460000000003,30315.58,30237.58,30238.83,,
1782871200,30238.83,30241.710000000003,30152.960000000003,30223.710000000003,,
1782874800,30223.710000000003,30263.210000000003,30215.460000000003,30252.58,,
1782878400,30252.58,30260.460000000003,30214.960000000003,30229.83,,
1782882000,30229.83,30248.960000000003,30208.33,30215.33,,
1782885600,30215.33,30229.83,30150.33,30177.33,,
1782889200,30177.33,30181.08,30085.08,30159.960000000003,,
1782892800,30159.960000000003,30164.210000000003,30103.710000000003,30163.08,,
1782896400,30163.08,30171.710000000003,30124.33,30169.960000000003,,
1782900000,30169.960000000003,30200.08,30137.58,30193.33,,
1782903600,30193.33,30221.33,30140.710000000003,30148.33,,
1782907200,30148.33,30180.460000000003,30019.33,30052.58,,
1782910800,30052.58,30099.960000000003,29873.980000000003,30066.030000000002,,
1782914400,30066.030000000002,30113.36,29923.230000000003,29978.980000000003,,
1782918000,29978.980000000003,30141.230000000003,29972.480000000003,30040.86,,
1782921600,30040.86,30067.36,29959.280000000002,29975.86,,
1782925200,29975.86,30026.730000000003,29938.780000000002,29949.480000000003,,
1782928800,29949.480000000003,29976.230000000003,29885.36,29918.86,,
1782932400,29918.86,30017.730000000003,29840.230000000003,29866.230000000003,,
1782936000,29866.230000000003,29872.33,29794.780000000002,29851.16,,
1782943200,29851.16,29909.36,29845.36,29900.86,,
1782946800,29900.86,29903.61,29804.31,29838.36,,
1782950400,29838.36,29910.86,29746.56,29902.99,,
1782954000,29902.99,30021.36,29891.06,29996.49,,
1782957600,29996.49,30032.24,29974.36,30000.86,,
1782961200,30000.86,30006.86,29928.11,29966.11,,
1782964800,29966.11,29981.99,29843.81,29906.49,,
1782968400,29906.49,29952.49,29831.24,29843.99,,
1782972000,29843.99,29860.11,29688.36,29713.49,,
1782975600,29713.49,29737.49,29619.61,29684.74,,
1782979200,29684.74,29831.74,29620.61,29826.99,,
1782982800,29826.99,29827.11,29737.49,29751.86,,
1782986400,29751.86,29801.74,29713.49,29797.11,,
1782990000,29797.11,29872.36,29761.06,29828.11,,
1782993600,29828.11,30112.86,29815.49,29976.49,,
1782997200,29976.49,30055.140000000003,29801.390000000003,30050.640000000003,,
1783000800,30050.640000000003,30086.890000000003,29524.81,29634.140000000003,,
1783004400,29634.140000000003,29645.390000000003,29404.760000000002,29470.010000000002,,
1783008000,29470.010000000002,29482.010000000002,29228.010000000002,29255.510000000002,,
1783011600,29255.510000000002,29276.760000000002,29122.390000000003,29132.640000000003,,
1783015200,29132.640000000003,29321.390000000003,29124.510000000002,29282.260000000002,,
1783018800,29282.260000000002,29381.640000000003,29143.260000000002,29333.390000000003,,
1783022400,29333.390000000003,29358.11,29307.61,29345.93,,
1783029600,29345.93,29423.58,29345.93,29417.95,,
1783033200,29417.95,29419.58,29353.9,29401.4,,
1783036800,29401.4,29439.95,29324.15,29338.4,,
1783040400,29338.4,29500.08,29335.15,29483.95,,
1783044000,29483.95,29556.7,29482.4,29551.58,,
1783047600,29551.58,29576.08,29519.45,29569.33,,
1783051200,29569.33,29621.7,29564.45,29603.95,,
1783054800,29603.95,29642.45,29591.4,29626.33,,
1783058400,29626.33,29688.95,29622.33,29642.33,,
1783062000,29642.33,29670.08,29627.7,29646.2,,
1783065600,29646.2,29674.83,29633.33,29650.83,,
1783069200,29650.83,29701.83,29629.33,29672.58,,
1783072800,29672.58,29695.45,29658.15,29681.83,,
1783076400,29681.83,29709.45,29667.7,29702.2,,
1783080000,29702.2,29724.45,29677.58,29703.83,,
1783083600,29703.83,29757.230000000003,29687.7,29741.230000000003,,
1783087200,29741.230000000003,29746.600000000002,29690.730000000003,29720.480000000003,,
1783090800,29720.480000000003,29726.730000000003,29686.9,29708.230000000003,,
1783094400,29708.230000000003,29726.600000000002,29693.230000000003,29703.9,,
1783288800,29703.9,29787.350000000002,29669.170000000002,29753.47,,
1783292400,29753.47,29817.72,29734.600000000002,29793.22,,
1783296000,29793.22,29812.600000000002,29652.850000000002,29733.22,,
1783299600,29733.22,29739.600000000002,29558.47,29600.600000000002,,
1783303200,29600.600000000002,29626.47,29491.350000000002,29533.97,,
1783306800,29533.97,29614.47,29501.600000000002,29538.600000000002,,
1783310400,29538.600000000002,29648.350000000002,29511.350000000002,29636.72,,
1783314000,29636.72,29640.22,29560.850000000002,29598.600000000002,,
1783317600,29598.600000000002,29665.97,29562.850000000002,29655.22,,
1783321200,29655.22,29683.350000000002,29624.22,29659.97,,
1783324800,29659.97,29692.22,29587.97,29677.47,,
1783328400,29677.47,29696.100000000002,29634.97,29685.47,,
1783332000,29685.47,29699.22,29655.100000000002,29692.600000000002,,
1783335600,29692.600000000002,29722.850000000002,29649.47,29686.47,,
1783339200,29686.47,29744.100000000002,29673.47,29741.97,,
1783342800,29741.97,29816.370000000003,29584.920000000002,29739.920000000002,,
1783346400,29739.920000000002,29875.870000000003,29711.920000000002,29833.870000000003,,
1783350000,29833.870000000003,29892.120000000003,29749.75,29882,,
1783353600,29882,29902.25,29789.5,29797.5,,
1783357200,29797.5,29844.620000000003,29690.5,29705,,
1783360800,29705,29812.25,29703.870000000003,29798.75,,
1783364400,29798.75,29860.25,29739.870000000003,29759.25,,
1783368000,29759.25,29780.72,29739.47,29755.050000000003,,
1783375200,29755.050000000003,29780.83,29696.83,29701.58,,
1783378800,29701.58,29736.58,29647.08,29660.08,,
1783382400,29660.08,29721.45,29615.83,29625.08,,
1783386000,29625.08,29642.33,29524.58,29580.33,,
1783389600,29580.33,29626.83,29546.4,29554.7,,
1783393200,29554.7,29591.7,29436.58,29476.33,,
1783396800,29476.33,29488.2,29415.2,29432.7,,
1783400400,29432.7,29511.83,29365.83,29495.83,,
1783404000,29495.83,29508.45,29438.95,29496.95,,
1783407600,29496.95,29551.45,29451.08,29453.7,,
1783411200,29453.7,29517.08,29449.2,29466.58,,
1783414800,29466.58,29501.33,29429.95,29470.45,,
1783418400,29470.45,29496.58,29432.83,29466.33,,
1783422000,29466.33,29468.58,29399.08,29448.95,,
1783425600,29448.95,29523.7,29429.83,29450.2,,
1783429200,29450.2,29492.350000000002,29228.350000000002,29277.730000000003,,
1783432800,29277.730000000003,29313.100000000002,29017.980000000003,29110.600000000002,,
1783436400,29110.600000000002,29196.850000000002,29056.230000000003,29195.350000000002,,
1783440000,29195.350000000002,29366.230000000003,29184.730000000003,29347.730000000003,,
1783443600,29347.730000000003,29388.600000000002,29318.100000000002,29374.980000000003,,
1783447200,29374.980000000003,29382.230000000003,29192.480000000003,29198.600000000002,,
1783450800,29198.600000000002,29218.100000000002,29078.600000000002,29203.350000000002,,
1783454400,29203.350000000002,29244.83,29195.33,29227.280000000002,,
1783461600,29227.280000000002,29227.280000000002,29133.480000000003,29196.16,,
1783465200,29196.16,29220.41,29106.480000000003,29114.280000000002,,
1783468800,29114.280000000002,29360.030000000002,29079.91,29356.41,,
1783472400,29356.41,29371.030000000002,29240.530000000002,29249.91,,
1783476000,29249.91,29288.530000000002,29201.66,29274.41,,
1783479600,29274.41,29345.530000000002,29274.41,29280.530000000002,,
1783483200,29280.530000000002,29286.91,29189.780000000002,29229.16,,
1783486800,29229.16,29260.280000000002,29125.66,29160.91,,
1783490400,29160.91,29176.91,29096.230000000003,29143.530000000002,,
1783494000,29143.530000000002,29221.91,29095.030000000002,29195.030000000002,,
1783497600,29195.030000000002,29228.530000000002,28771.230000000003,28823.16,,
1783501200,28823.16,28847.280000000002,28722.980000000003,28772.030000000002,,
1783504800,28772.030000000002,28873.980000000003,28736.730000000003,28832.230000000003,,
1783508400,28832.230000000003,28938.41,28786.480000000003,28902.530000000002,,
1783512000,28902.530000000002,29052.66,28866.980000000003,28967.66,,
1783515600,28967.66,29212.81,28962.030000000002,29180.31,,
1783519200,29180.31,29203.18,28965.06,29025.06,,
1783522800,29025.06,29038.06,28848.18,28910.81,,
1783526400,28910.81,29190.93,28906.480000000003,29186.68,,
1783530000,29186.68,29271.68,29138.06,29166.93,,
1783533600,29166.93,29239.18,29142.730000000003,29219.18,,
1783537200,29219.18,29313.93,29190.31,29271.81,,
1783540800,29271.81,29282.280000000002,29166.280000000002,29204.36,,
1783548000,29204.36,29264.61,29204.36,29240.99,,
1783551600,29240.99,29318.61,29211.31,29307.74,,
1783555200,29307.74,29398.49,29302.56,29319.24,,
1783558800,29319.24,29370.74,29260.56,29265.24,,
1783562400,29265.24,29392.74,29235.31,29245.24,,
1783566000,29245.24,29333.24,29212.36,29321.99,,
1783569600,29321.99,29374.61,29278.49,29368.36,,
1783573200,29368.36,29425.11,29290.24,29422.74,,
1783576800,29422.74,29458.86,29387.86,29428.11,,
1783580400,29428.11,29522.11,29419.36,29500.24,,
1783584000,29500.24,29551.11,29458.99,29477.24,,
1783587600,29477.24,29485.49,29428.99,29460.49,,
1783591200,29460.49,29484.74,29379.61,29416.36,,
1783594800,29416.36,29536.49,29393.99,29511.99,,
1783598400,29511.99,29602.11,29496.36,29551.36,,
1783602000,29551.36,29746.640000000003,29487.510000000002,29726.760000000002,,
1783605600,29726.760000000002,29738.510000000002,29430.140000000003,29603.010000000002,,
1783609200,29603.010000000002,29721.260000000002,29595.640000000003,29702.140000000003,,
1783612800,29702.140000000003,29739.890000000003,29680.31,29713.140000000003,,
1783616400,29713.140000000003,29809.260000000002,29709.260000000002,29790.140000000003,,
1783620000,29790.140000000003,29800.510000000002,29745.390000000003,29755.260000000002,,
1783623600,29755.260000000002,29773.890000000003,29713.010000000002,29764.260000000002,,
1783627200,29764.260000000002,29789.24,29741.99,29746.18,,
1783634400,29746.18,29777.010000000002,29720.960000000003,29738.010000000002,,
1783638000,29738.010000000002,29779.890000000003,29723.890000000003,29749.260000000002,,
1783641600,29749.260000000002,29768.390000000003,29621.010000000002,29683.260000000002,,
1783645200,29683.260000000002,29739.010000000002,29634.390000000003,29708.640000000003,,
1783648800,29708.640000000003,29769.260000000002,29670.640000000003,29768.010000000002,,
1783652400,29768.010000000002,29779.640000000003,29728.760000000002,29749.140000000003,,
1783656000,29749.140000000003,29765.390000000003,29692.010000000002,29699.640000000003,,
1783659600,29699.640000000003,29713.640000000003,29656.760000000002,29662.140000000003,,
1783663200,29662.140000000003,29673.510000000002,29592.140000000003,29635.760000000002,,
1783666800,29635.760000000002,29642.140000000003,29579.760000000002,29589.890000000003,,
1783670400,29589.890000000003,29620.760000000002,29559.890000000003,29590.140000000003,,
1783674000,29590.140000000003,29643.890000000003,29532.960000000003,29631.640000000003,,
1783677600,29631.640000000003,29678.640000000003,29622.210000000003,29666.890000000003,,
1783681200,29666.890000000003,29703.890000000003,29623.260000000002,29631.890000000003,,
1783684800,29631.890000000003,29695.760000000002,29588.140000000003,29616.760000000002,,
1783688400,29616.760000000002,29785.16,29607.140000000003,29739.16,,
1783692000,29739.16,29782.54,29492.960000000003,29634.66,,
1783695600,29634.66,29808.41,29597.41,29761.54,,
1783699200,29761.54,29859.54,29760.91,29843.66,,
1783702800,29843.66,29888.79,29813.66,29855.54,,
1783706400,29855.54,29886.54,29838.710000000003,29855.04,,
1783710000,29855.04,29893.41,29841.79,29853.91,,
1783713600,29853.91,29878.260000000002,29848.260000000002,29875.210000000003,,
1783893600,29138.79,29802.58,29138.79,29733.7,,
1783897200,29733.7,29734.33,29668.08,29715.95,,
1783900800,29715.95,29865.33,29631.45,29658.45,,
1783904400,29658.45,29673.83,29560.7,29584.33,,
1783908000,29584.33,29632.2,29538.45,29539.95,,
1783911600,29539.95,29551.08,29506.08,29511.83,,
1783915200,29511.83,29513.33,29436.7,29450.45,,
1783918800,29450.45,29516.83,29366.9,29473.08,,
1783922400,29473.08,29489.2,29409.08,29454.2,,
1783926000,29454.2,29513.33,29430.45,29476.95,,
1783929600,29476.95,29577.2,29470.7,29570.45,,
1783933200,29570.45,29600.08,29540.9,29594.45,,
1783936800,29594.45,29601.45,29559.45,29579.83,,
1783940400,29579.83,29622.95,29553.08,29564.33,,
1783944000,29564.33,29581.45,29479.58,29542.2,,
1783947600,29542.2,29571.33,29341.980000000003,29454.730000000003,,
1783951200,29454.730000000003,29547.850000000002,29312.730000000003,29541.480000000003,,
1783954800,29541.480000000003,29576.100000000002,29420.730000000003,29435.350000000002,,
1783958400,29435.350000000002,29462.480000000003,29284.480000000003,29350.100000000002,,
1783962000,29350.100000000002,29404.480000000003,29292.100000000002,29303.480000000003,,
1783965600,29303.480000000003,29363.230000000003,29278.600000000002,29316.850000000002,,
1783969200,29316.850000000002,29348.730000000003,29217.4,29290.350000000002,,
1783972800,29290.350000000002,29297.33,29210.08,29253.4,,
1783980000,29253.4,29308.670000000002,29223.550000000003,29228.550000000003,,
1783983600,29228.550000000003,29252.920000000002,29156.800000000003,29250.420000000002,,
1783987200,29250.420000000002,29363.670000000002,29155.370000000003,29351.170000000002,,
1783990800,29351.170000000002,29370.170000000002,29266.300000000003,29276.920000000002,,
1783994400,29276.920000000002,29318.170000000002,29195.300000000003,29217.300000000003,,
1783998000,29217.300000000003,29257.550000000003,29132.800000000003,29253.920000000002,,
1784001600,29253.920000000002,29345.670000000002,29201.050000000003,29338.670000000002,,
1784005200,29338.670000000002,29460.800000000003,29318.300000000003,29421.920000000002,,
1784008800,29421.920000000002,29478.420000000002,29392.300000000003,29392.920000000002,,
1784012400,29392.920000000002,29450.420000000002,29375.050000000003,29402.670000000002,,
1784016000,29402.670000000002,29465.050000000003,29377.050000000003,29401.550000000003,,
1784019600,29401.550000000003,29458.300000000003,29387.300000000003,29431.420000000002,,
1784023200,29431.420000000002,29461.920000000002,29407.420000000002,29435.920000000002,,
1784026800,29435.920000000002,29499.550000000003,29383.920000000002,29462.420000000002,,
1784030400,29462.420000000002,29750.300000000003,29397.870000000003,29602.170000000002,,
1784034000,29602.170000000002,29661.050000000003,29514.7,29610.45,,
1784037600,29610.45,29666.07,29397.2,29603.57,,
1784041200,29603.57,29725.32,29583.2,29615.45,,
1784044800,29615.45,29659.32,29534.2,29656.07,,
1784048400,29656.07,29695.95,29636.870000000003,29692.82,,
1784052000,29692.82,29707.2,29640.120000000003,29653.95,,
1784055600,29653.95,29667.45,29600.57,29616.82,,
1784059200,29616.82,29638.170000000002,29597.050000000003,29623.120000000003,,
1784066400,29623.120000000003,29638.730000000003,29578.230000000003,29606.16,,
1784070000,29606.16,29732.280000000002,29590.730000000003,29720.66,,
1784073600,29720.66,29764.980000000003,29669.980000000003,29750.780000000002,,
1784077200,29750.780000000002,29791.16,29693.030000000002,29789.030000000002,,
1784080800,29789.030000000002,29819.66,29781.780000000002,29792.91,,
1784084400,29792.91,29851.41,29779.780000000002,29844.91,,
1784088000,29844.91,29855.280000000002,29815.66,29854.280000000002,,
1784091600,29854.280000000002,29891.030000000002,29800.41,29863.780000000002,,
1784095200,29863.780000000002,29882.16,29842.16,29863.41,,
1784098800,29863.41,29894.91,29761.030000000002,29828.91,,
1784102400,29828.91,29831.280000000002,29704.280000000002,29769.530000000002,,
1784106000,29769.530000000002,29795.780000000002,29746.980000000003,29756.530000000002,,
1784109600,29756.530000000002,29779.780000000002,29718.730000000003,29759.280000000002,,
1784113200,29759.280000000002,29785.91,29737.66,29744.780000000002,,
1784116800,29744.780000000002,29827.780000000002,29688.66,29812.91,,
1784120400,29812.91,29831.66,29587.93,29655.93,,
1784124000,29655.93,29724.81,29369.81,29464.31,,
1784127600,29464.31,29494.43,29359.480000000003,29413.93,,
1784131200,29413.93,29432.43,29229.81,29345.56,,
1784134800,29345.56,29538.56,29337.68,29518.93,,
1784138400,29518.93,29575.68,29428.06,29445.56,,
1784142000,29445.56,29539.56,29422.31,29533.68,,
1784145600,29533.68,29569.66,29493.480000000003,29541.230000000003,,
1784152800,29541.230000000003,29585.65,29513.100000000002,29553.850000000002,,
1784156400,29553.850000000002,29573.15,29518.850000000002,29528.15,,
1784160000,29528.15,29599.9,29457.850000000002,29488.9,,
1784163600,29488.9,29523.530000000002,29431.280000000002,29487.15,,
1784167200,29487.15,29572.65,29457.530000000002,29563.780000000002,,
1784170800,29563.780000000002,29588.780000000002,29539.350000000002,29580.780000000002,,
1784174400,29580.780000000002,29592.9,29528.4,29545.530000000002,,
1784178000,29545.530000000002,29633.280000000002,29504.280000000002,29524.15,,
1784181600,29524.15,29585.9,29478.100000000002,29522.4,,
1784185200,29522.4,29524.4,29385.65,29399.9,,
1784188800,29399.9,29432.4,29315.4,29428.65,,
1784192400,29428.65,29481.9,29365.100000000002,29368.030000000002,,
1784196000,29368.030000000002,29398.65,29340.280000000002,29366.9,,
1784199600,29366.9,29368.65,29197.850000000002,29283.780000000002,,
1784203200,29283.780000000002,29295.15,29200.780000000002,29229.9,,
1784206800,29229.9,29368.550000000003,29093.100000000002,29184.68,,
1784210400,29184.68,29349.100000000002,29152.850000000002,29272.800000000003,,
1784214000,29272.800000000003,29303.550000000003,29173.43,29229.550000000003,,
1784217600,29229.550000000003,29233.18,29099.350000000002,29176.550000000003,,
1784221200,29176.550000000003,29182.18,29056.68,29081.300000000003,,
1784224800,29081.300000000003,29141.800000000003,29035.300000000003,29048.18,,
1784228400,29048.18,29079.68,28916.300000000003,29055.050000000003,,
1784232000,29055.050000000003,29068.280000000002,28999.030000000002,29015.22,,
1784239200,29015.22,29062.91,28958.91,28978.79,,
1784242800,28978.79,28988.04,28903.86,28939.41,,
1784246400,28939.41,28967.41,28836.86,28900.11,,
1784250000,28900.11,28948.91,28788.91,28814.79,,
1784253600,28814.79,28829.79,28745.91,28768.41,,
1784257200,28768.41,28868.91,28753.79,28754.66,,
1784260800,28754.66,28755.91,28617.79,28648.66,,
1784264400,28648.66,28665.66,28569.11,28598.91,,
1784268000,28598.91,28667.66,28566.29,28586.79,,
1784271600,28586.79,28610.66,28526.36,28529.54,,
1784275200,28529.54,28577.79,28393.66,28472.16,,
1784278800,28472.16,28570.41,28461.91,28553.91,,
1784282400,28553.91,28668.91,28535.11,28627.16,,
1784286000,28627.16,28651.41,28556.86,28583.41,,
1784289600,28583.41,28588.54,28488.41,28508.41,,
1784293200,28508.41,28528.940000000002,28251.940000000002,28517.61,,
1784296800,28517.61,28739.190000000002,28508.61,28570.31,,
1784300400,28570.31,28792.190000000002,28516.06,28776.940000000002,,
1784304000,28776.940000000002,28871.690000000002,28689.190000000002,28817.440000000002,,
1784307600,28817.440000000002,28893.81,28727.31,28739.56,,
1784311200,28739.56,28778.940000000002,28640.190000000002,28704.940000000002,,
1784314800,28704.940000000002,28713.190000000002,28562.190000000002,28607.940000000002,,
1784318400,28607.940000000002,28612.04,28555.91,28610.36,,
1784498400,28610.36,28704.72,28564.72,28669.04,,
1784502000,28669.04,28731.34,28636.04,28723.47,,
1784505600,28723.47,28817.59,28660.22,28712.79,,
1784509200,28712.79,28772.72,28617.72,28650.72,,
1784512800,28650.72,28793.97,28647.04,28740.72,,
1784516400,28740.72,28791.84,28704.97,28751.72,,
1784520000,28751.72,28796.47,28698.59,28751.09,,
1784523600,28751.09,28757.22,28643.09,28661.47,,
1784527200,28661.47,28677.59,28619.97,28659.09,,
1784530800,28659.09,28780.09,28652.47,28763.59,,
1784534400,28763.59,28793.84,28714.84,28735.34,,
1784538000,28735.34,28852.47,28708.84,28806.72,,
1784541600,28806.72,28834.22,28775.47,28824.34,,
1784545200,28824.34,28963.47,28817.84,28927.34,,
1784548800,28927.34,28930.47,28836.04,28878.59,,
1784552400,28878.59,29046.99,28834.620000000003,28851.24,,
1784556000,28851.24,28904.620000000003,28729.120000000003,28746.120000000003,,
1784559600,28746.120000000003,28920.870000000003,28727.74,28905.870000000003,,
1784563200,28905.870000000003,28973.370000000003,28810.870000000003,28837.99,,
1784566800,28837.99,28853.99,28755.24,28811.370000000003,,
1784570400,28811.370000000003,28864.620000000003,28710.620000000003,28725.620000000003,,
1784574000,28725.620000000003,28750.99,28622.74,28639.870000000003,,
1784577600,28639.870000000003,28686.47,28604.97,28631.29,,
1784584800,28631.29,28657.100000000002,28557.550000000003,28573.730000000003,,
1784588400,28573.730000000003,28685.480000000003,28568.550000000003,28635.730000000003,,
1784592000,28635.730000000003,28753.730000000003,28563.600000000002,28714.600000000002,,
1784595600,28714.600000000002,28777.980000000003,28693.980000000003,28740.600000000002,,
1784599200,28740.600000000002,28813.350000000002,28716.350000000002,28811.350000000002,,
1784602800,28811.350000000002,28934.600000000002,28808.600000000002,28928.980000000003,,
1784606400,28928.980000000003,28945.850000000002,28905.480000000003,28912.230000000003,,
1784610000,28912.230000000003,28961.350000000002,28873.850000000002,28955.230000000003,,
1784613600,28955.230000000003,29012.230000000003,28952.480000000003,29003.600000000002,,
1784617200,29003.600000000002,29017.730000000003,28944.730000000003,28974.100000000002,,
1784620800,28974.100000000002,29032.980000000003,28961.230000000003,29024.230000000003,,
1784624400,29024.230000000003,29052.480000000003,29008.100000000002,29011.350000000002,,
1784628000,29011.350000000002,29060.100000000002,29011.350000000002,29023.730000000003,,
1784631600,29023.730000000003,29040.850000000002,28977.050000000003,29010.100000000002,,
1784635200,29010.100000000002,29051.600000000002,28968.480000000003,29029.230000000003,,
1784638800,29029.230000000003,29103.38,28949.88,29010.38,,
1784642400,29010.38,29113.38,28921.25,29094.88,,
1784646000,29094.88,29177,29039,29116.88,,
1784649600,29116.88,29209.5,29111.75,29188.88,,
1784653200,29188.88,29220,29180.38,29198.75,,
1784656800,29198.75,29218.88,29167.88,29185.25,,
1784660400,29185.25,29208.25,29148,29169,,
1784664000,29169,29173.480000000003,29136.100000000002,29146.550000000003,,
1784671200,29146.550000000003,29165.91,29107.91,29129.530000000002,,
1784674800,29129.530000000002,29159.280000000002,29116.66,29152.66,,
1784678400,29152.66,29191.91,29113.980000000003,29143.66,,
1784682000,29143.66,29161.41,29087.030000000002,29132.030000000002,,
1784685600,29132.030000000002,29139.66,29083.980000000003,29094.66,,
1784689200,29094.66,29122.66,29045.780000000002,29054.780000000002,,
1784692800,29054.780000000002,29093.780000000002,29043.530000000002,29076.780000000002,,
1784696400,29076.780000000002,29080.91,28995.91,29028.16,,
1784700000,29028.16,29028.41,28915.280000000002,28947.780000000002,,
1784703600,28947.780000000002,28979.41,28881.41,28911.41,,
1784707200,28911.41,28972.780000000002,28894.480000000003,28965.530000000002,,
1784710800,28965.530000000002,29004.91,28944.730000000003,28982.780000000002,,
1784714400,28982.780000000002,29028.530000000002,28968.91,29009.91,,
1784718000,29009.91,29020.41,28873.280000000002,28909.91,,
1784721600,28909.91,28926.780000000002,28811.230000000003,28872.030000000002,,
1784725200,28872.030000000002,29132.81,28871.91,29132.43,,
1784728800,29132.43,29139.31,29028.56,29096.43,,
1784732400,29096.43,29197.93,29096.06,29185.56,,
1784736000,29185.56,29190.56,29132.31,29166.43,,
1784739600,29166.43,29186.56,29089.93,29099.81,,
1784743200,29099.81,29126.68,29063.56,29101.06,,
1784746800,29101.06,29115.18,29014.06,29015.81,,
1784750400,29015.81,29114.91,28974.480000000003,29021.730000000003,,
1784757600,29021.730000000003,29021.730000000003,28897.74,28930.36,,
1784761200,28930.36,29001.36,28880.31,29001.11,,
1784764800,29001.11,29139.99,28990.81,29113.74,,
1784768400,29113.74,29131.61,29033.99,29034.74,,
1784772000,29034.74,29058.61,28915.81,28949.61,,
1784775600,28949.61,28986.24,28888.36,28969.74,,
1784779200,28969.74,29023.74,28925.86,28982.49,,
1784782800,28982.49,29041.49,28936.99,28945.11,,
1784786400,28945.11,28977.74,28932.81,28941.99,,
1784790000,28941.99,28945.36,28780.24,28845.36,,
1784793600,28845.36,28969.24,28816.99,28961.24,,
1784797200,28961.24,28995.61,28903.36,28912.99,,
1784800800,28912.99,28980.49,28894.99,28960.61,,
1784804400,28960.61,28965.61,28771.49,28822.86,,
1784808000,28822.86,28825.61,28612.81,28645.11,,
1784811600,28645.11,28741.390000000003,28515.760000000002,28566.760000000002,,
1784815200,28566.760000000002,28659.510000000002,28435.890000000003,28455.260000000002,,
1784818800,28455.260000000002,28463.510000000002,28291.260000000002,28446.760000000002,,
1784822400,28446.760000000002,28596.890000000003,28431.510000000002,28499.760000000002,,
1784826000,28499.760000000002,28535.140000000003,28424.010000000002,28425.890000000003,,
1784829600,28425.890000000003,28461.640000000003,28384.010000000002,28408.640000000003,,
1784833200,28408.640000000003,28491.760000000002,28344.640000000003,28472.890000000003,,
1784836800,28472.890000000003,28639.61,28469.06,28598.68,,
1784844000,28598.68,28598.68,28487.04,28592.79,,
1784847600,28592.79,28596.91,28521.41,28542.16,,
1784851200,28542.16,28587.16,28478.79,28533.66,,
1784854800,28533.66,28564.16,28470.36,28476.04,,
1784858400,28476.04,28494.66,28378.61,28382.04,,
1784862000,28382.04,28423.54,28343.91,28348.16,,
1784865600,28348.16,28434.04,28328.61,28427.79,,
1784869200,28427.79,28469.66,28406.66,28408.29,,
1784872800,28408.29,28438.54,28344.16,28405.91,,
1784876400,28405.91,28526.04,28402.41,28478.29,,
1784880000,28478.29,28512.16,28419.79,28483.79,,
1784883600,28483.79,28566.79,28474.16,28562.41,,
1784887200,28562.41,28568.41,28495.79,28501.79,,
1784890800,28501.79,28561.54,28464.66,28541.79,,
1784894400,28541.79,28557.91,28450.16,28454.54,,
1784898000,28454.54,28484.940000000002,28176.81,28187.06,,
1784901600,28187.06,28324.190000000002,28117.440000000002,28311.81,,
1784905200,28311.81,28446.06,28217.940000000002,28439.56,,
1784908800,28439.56,28493.81,28323.690000000002,28357.690000000002,,
1784912400,28357.690000000002,28407.31,28290.440000000002,28329.440000000002,,
1784916000,28329.440000000002,28349.190000000002,28122.06,28164.81,,
1784919600,28164.81,28191.440000000002,28075.81,28146.190000000002,,
1784923200,28146.190000000002,28192.04,28122.61,28168.24,,
1785103200,28168.24,28548.08,28168.24,28482.510000000002,,
1785106800,28482.510000000002,28603.63,28470.510000000002,28600.88,,
1785110400,28600.88,28605.63,28454.510000000002,28468.760000000002,,
1785114000,28468.760000000002,28506.760000000002,28399.58,28486.63,,
1785117600,28486.63,28530.760000000002,28459.510000000002,28486.88,,
1785121200,28486.88,28523.510000000002,28465.760000000002,28486.13,,
1785124800,28486.13,28535.63,28470.010000000002,28517.010000000002,,
1785128400,28517.010000000002,28576.760000000002,28510.510000000002,28567.510000000002,,
1785132000,28567.510000000002,28600.760000000002,28553.13,28566.010000000002,,
1785135600,28566.010000000002,28604.260000000002,28534.260000000002,28534.260000000002,,
1785139200,28534.260000000002,28621.38,28531.33,28609.13,,
1785142800,28609.13,28635.38,28591.13,28617.38,,
1785146400,28617.38,28630.760000000002,28599.38,28614.010000000002,,
1785150000,28614.010000000002,28617.010000000002,28518.510000000002,28545.510000000002,,
1785153600,28545.510000000002,28570.010000000002,28501.760000000002,28563.260000000002,,
1785157200,28563.260000000002,28572.510000000002,28214.41,28220.280000000002,,
1785160800,28220.280000000002,28245.16,27812.16,28043.280000000002,,
1785164400,28043.280000000002,28071.41,27853.41,27935.530000000002,,
1785168000,27935.530000000002,28077.16,27900.280000000002,27919.66,,
1785171600,27919.66,27979.280000000002,27859.33,27977.780000000002,,
1785175200,27977.780000000002,28064.16,27892.41,28061.41,,
1785178800,28061.41,28127.91,28028.41,28065.030000000002,,
1785182400,28065.030000000002,28103.510000000002,28041.760000000002,28082.95,,
1785189600,28082.95,28102.11,27998.93,28007.480000000003,,
1785193200,28007.480000000003,28053.61,27980.36,28038.11,,
1785196800,28038.11,28069.230000000003,27927.93,27946.230000000003,,
1785200400,27946.230000000003,27972.11,27843.980000000003,27895.730000000003,,
1785204000,27895.730000000003,27904.86,27826.36,27867.230000000003,,
1785207600,27867.230000000003,27945.480000000003,27807.36,27923.36,,
1785211200,27923.36,27923.730000000003,27826.230000000003,27830.86,,
1785214800,27830.86,27857.730000000003,27746.11,27755.61,,
1785218400,27755.61,27833.230000000003,27714.230000000003,27821.11,,
1785222000,27821.11,27862.980000000003,27782.86,27807.980000000003,,
1785225600,27807.980000000003,27926.730000000003,27754.980000000003,27868.36,,
1785229200,27868.36,27890.86,27816.61,27831.480000000003,,
1785232800,27831.480000000003,27854.730000000003,27779.480000000003,27817.86,,
1785236400,27817.86,27848.980000000003,27723.86,27837.86,,
1785240000,27837.86,27907.230000000003,27823.480000000003,27868.61,,
1785243600,27868.61,27903.230000000003,27517.43,27537.68,,
1785247200,27537.68,27765.010000000002,27479.010000000002,27677.510000000002,,
1785250800,27677.510000000002,27937.63,27643.010000000002,27923.260000000002,,
1785254400,27923.260000000002,27954.63,27829.260000000002,27932.260000000002,,
1785258000,27932.260000000002,27941.260000000002,27799.760000000002,27848.510000000002,,
1785261600,27848.510000000002,27874.510000000002,27787.760000000002,27848.010000000002,,
1785265200,27848.010000000002,27898.510000000002,27786.38,27794.38,,
1785268800,27794.38,27865.61,27759.18,27835.56,,
1785276000,27835.56,27893.82,27636.52,27637.45,,
1785279600,27637.45,27984.45,27609.02,27983.32,,
1785283200,27983.32,28056.02,27880.95,27890.82,,
1785286800,27890.82,27921.32,27664.07,27665.82,,
1785290400,27665.82,27791.95,27650.82,27719.82,,
1785294000,27719.82,27762.32,27582.32,27597.2,,
1785297600,27597.2,27639.2,27520.77,27636.95,,
1785301200,27636.95,27733.82,27615.57,27675.32,,
1785304800,27675.32,27821.82,27616.95,27809.57,,
1785308400,27809.57,27842.07,27771.57,27786.95,,
1785312000,27786.95,27819.07,27700.07,27783.45,,
1785315600,27783.45,27940.2,27780.77,27898.82,,
1785319200,27898.82,27925.2,27811.57,27829.32,,
1785322800,27829.32,27903.2,27813.77,27882.7,,
1785326400,27882.7,27886.95,27724.82,27788.57,,
1785330000,27788.57,27876.47,27548.350000000002,27614.850000000002,,
1785333600,27614.850000000002,27706.850000000002,27390.52,27480.47,,
1785337200,27480.47,27536.850000000002,27344.850000000002,27398.100000000002,,
1785340800,27398.100000000002,27484.100000000002,27289.47,27483.850000000002,,
1785344400,27483.850000000002,27630.100000000002,27475.77,27595.52,,
1785348000,27595.52,27977.350000000002,27589.52,27937.72,,
1785351600,27937.72,27979.600000000002,27197.850000000002,27216.77,,
1785355200,27216.77,27242.2,27082.27,27139.4,,
1785362400,27139.4,27378.57,27091.190000000002,27339.82,,
1785366000,27339.82,27448.190000000002,27335.390000000003,27411.140000000003,,
1785369600,27411.140000000003,27499.940000000002,27361.890000000003,27436.07,,
1785373200,27436.07,27585.82,27423.890000000003,27540.190000000002,,
1785376800,27540.190000000002,27577.190000000002,27428.57,27430.57,,
1785380400,27430.57,27465.940000000002,27361.07,27420.190000000002,,
1785384000,27420.190000000002,27433.940000000002,27324.440000000002,27336.32,,
1785387600,27336.32,27435.690000000002,27310.82,27377.190000000002,,
1785391200,27377.190000000002,27395.690000000002,27304.640000000003,27324.07,,
1785394800,27324.07,27411.07,27240.940000000002,27283.82,,
1785398400,27283.82,27416.32,27226.690000000002,27374.440000000002,,
1785402000,27374.440000000002,27475.190000000002,27359.640000000003,27405.82,,
1785405600,27405.82,27537.32,27377.82,27507.440000000002,,
1785409200,27507.440000000002,27634.57,27501.890000000003,27614.07,,
1785412800,27614.07,27711.07,27585.440000000002,27695.190000000002,,
1785416400,27695.190000000002,28044.72,27682.440000000002,28040.72,,
1785420000,28040.72,28134.59,27912.97,27960.97,,
1785423600,27960.97,28026.22,27886.34,27968.72,,
1785427200,27968.72,28082.34,27945.09,28016.22,,
1785430800,28016.22,28097.47,28015.72,28067.22,,
1785434400,28067.22,28094.72,28038.09,28070.84,,
1785438000,28070.84,28187.22,28069.84,28120.09,,
1785441600,28120.09,28291.640000000003,28095.190000000002,28222.390000000003,,
1785448800,28222.390000000003,28298.940000000002,28187.510000000002,28279.940000000002,,
1785452400,28279.940000000002,28331.31,28247.81,28309.06,,
1785456000,28309.06,28410.690000000002,28283.440000000002,28408.06,,
1785459600,28408.06,28457.690000000002,28341.440000000002,28362.81,,
1785463200,28362.81,28385.06,28275.440000000002,28318.190000000002,,
1785466800,28318.190000000002,28364.06,28283.190000000002,28344.06,,
1785470400,28344.06,28442.31,28308.940000000002,28435.440000000002,,
1785474000,28435.440000000002,28476.56,28424.31,28471.940000000002,,
1785477600,28471.940000000002,28497.440000000002,28336.31,28371.940000000002,,
1785481200,28371.940000000002,28469.81,28341.440000000002,28459.56,,
1785484800,28459.56,28496.56,28410.06,28488.190000000002,,
1785488400,28488.190000000002,28526.31,28415.010000000002,28416.940000000002,,
1785492000,28416.940000000002,28475.690000000002,28405.56,28450.56,,
1785495600,28450.56,28511.56,28408.440000000002,28439.690000000002,,
1785499200,28439.690000000002,28441.31,28318.06,28354.06,,
1785502800,28354.06,28611.960000000003,28181.960000000003,28243.260000000002,,
1785506400,28243.260000000002,28276.710000000003,27965.84,28194.460000000003,,
1785510000,28194.460000000003,28228.59,28001.84,28159.84,,
1785513600,28159.84,28276.34,28129.960000000003,28253.34,,
1785517200,28253.34,28389.09,28246.210000000003,28315.09,,
1785520800,28315.09,28348.09,28281.59,28320.09,,
1785524400,28320.09,28410.34,28269.84,28288.960000000003,,
1785528000,28288.960000000003,28319.81,28226.440000000002,28267.390000000003,,
1785708000,28267.390000000003,28534.77,28267.390000000003,28463.27,,
1785711600,28463.27,28530.02,28438.89,28507.39,,
1785715200,28507.39,28523.52,28432.14,28515.39,,
1785718800,28515.39,28543.14,28458.64,28538.02,,
1785722400,28538.02,28574.14,28525.14,28554.77,,
1785726000,28554.77,28591.52,28534.52,28563.89,,
1785729600,28563.89,28582.14,28542.39,28545.02,,
1785733200,28545.02,28560.64,28511.64,28535.02,,
1785736800,28535.02,28554.39,28469.77,28487.27,,
1785740400,28487.27,28527.52,28452.39,28480.89,,
1785744000,28480.89,28488.64,28366.52,28487.39,,
1785747600,28487.39,28493.27,28415.02,28452.02,,
1785751200,28452.02,28458.14,28383.14,28435.27,,
1785754800,28435.27,28440.39,28297.64,28314.64,,
1785758400,28314.64,28384.39,28277.02,28353.27,,
1785762000,28353.27,28520.09,28208.67,28518.54,,
1785765600,28518.54,28697.04,28425.17,28695.54,,
1785769200,28695.54,28706.17,28618.29,28686.29,,
1785772800,28686.29,28741.04,28684.29,28716.04,,
1785776400,28716.04,28815.54,28708.42,28811.42,,
1785780000,28811.42,28857.54,28777.42,28801.29,,
1785783600,28801.29,28837.54,28760.42,28794.79,,
1785787200,28794.79,28835.02,28772.64,28823.59,,
1785794400,28823.59,28856.05,28812.87,28839.8,,
1785798000,28839.8,28865.8,28825.3,28865.42,,
1785801600,28865.42,28870.67,28759.3,28773.17,,
1785805200,28773.17,28942.17,28726.17,28935.55,,
1785808800,28935.55,28939.05,28837.67,28867.42,,
1785812400,28867.42,28899.92,28826.92,28890.05,,
1785816000,28890.05,28917.8,28862.8,28910.17,,
1785819600,28910.17,28968.92,28873.42,28967.42,,
1785823200,28967.42,28992.8,28937.17,28967.42,,
1785826800,28967.42,29012.17,28932.8,28965.92,,
1785830400,28965.92,29026.17,28933.05,28963.3,,
1785834000,28963.3,28979.92,28902.05,28972.17,,
1785837600,28972.17,29036.92,28961.3,29010.55,,
1785841200,29010.55,29139.67,29008.92,29131.67,,
1785844800,29131.67,29131.67,29082.8,29097.05,,
1785848400,29097.05,29397.2,29086.05,29359.82,,
1785852000,29359.82,29461.45,29329.2,29444.2,,
1785855600,29444.2,29591.32,29440.07,29566.2,,
1785859200,29566.2,29639.32,29556.57,29637.95,,
1785862800,29637.95,29792.32,29634.82,29728.62,,
1785866400,29728.62,29789.82,29703.12,29776.2,,
1785870000,29776.2,29851.07,29743.45,29767.07,,
1785873600,29767.07,29843.05,29656.37,29713.87,,
1785880800,29713.87,29736.41,29667.23,29719.03,,
1785884400,29719.03,29749.16,29696.03,29728.03,,
1785888000,29728.03,29768.78,29705.91,29741.28,,
1785891600,29741.28,29772.66,29691.03,29762.03,,
1785895200,29762.03,29780.53,29735.28,29752.78,,
1785898800,29752.78,29786.16,29749.03,29782.03,,
1785902400,29782.03,29808.91,29752.28,29795.41,,
1785906000,29795.41,29877.78,29787.41,29873.16,,
1785909600,29873.16,29882.41,29818.03,29861.66,,
1785913200,29861.66,29879.16,29777.78,29795.91,,
1785916800,29795.91,29817.91,29691.28,29729.53,,
1785920400,29729.53,29786.28,29707.28,29750.66,,
1785924000,29750.66,29763.78,29726.66,29756.280000000002,,
1785927600,29756.280000000002,29836.030000000002,29756.280000000002,29812.030000000002,,
1785931200,29812.030000000002,29839.030000000002,29784.230000000003,29807.780000000002,,
1785934800,29807.780000000002,29966.81,29787.730000000003,29941.730000000003,,
1785938400,29941.730000000003,29941.730000000003,29681.43,29741.43,,
1785942000,29741.43,29783.68,29606.56,29631.93,,
1785945600,29631.93,29732.68,29594.93,29702.31,,
1785949200,29702.31,29712.68,29627.68,29649.81,,
1785952800,29649.81,29679.230000000003,29615.980000000003,29619.31,,
1785956400,29619.31,29672.06,29485.730000000003,29500.68,,
1785960000,29500.68,29510.91,29423.730000000003,29485.86,,
1785967200,29485.86,29574.940000000002,29459.510000000002,29518.940000000002,,
1785970800,29518.940000000002,29545.940000000002,29463.440000000002,29480.690000000002,,
1785974400,29480.690000000002,29505.31,29432.440000000002,29435.940000000002,,
1785978000,29435.940000000002,29437.56,29351.31,29395.190000000002,,
1785981600,29395.190000000002,29517.690000000002,29386.56,29490.31,,
1785985200,29490.31,29505.690000000002,29422.31,29478.440000000002,,
1785988800,29478.440000000002,29497.190000000002,29432.06,29471.81,,
1785992400,29471.81,29493.06,29441.190000000002,29476.190000000002,,
1785996000,29476.190000000002,29477.81,29381.31,29417.940000000002,,
1785999600,29417.940000000002,29459.56,29397.56,29403.440000000002,,
1786003200,29403.440000000002,29429.31,29340.940000000002,29414.56,,
1786006800,29414.56,29427.440000000002,29334.81,29422.81,,
1786010400,29422.81,29430.81,29364.440000000002,29381.81,,
1786014000,29381.81,29412.190000000002,29261.690000000002,29363.56,,
1786017600,29363.56,29372.81,29284.81,29296.190000000002,,
1786021200,29296.190000000002,29447.710000000003,29138.460000000003,29424.710000000003,,
1786024800,29424.710000000003,29563.59,29385.09,29554.210000000003,,
1786028400,29554.210000000003,29583.460000000003,29403.210000000003,29413.09,,
1786032000,29413.09,29455.460000000003,29346.09,29453.84,,
1786035600,29453.84,29471.460000000003,29390.960000000003,29425.84,,
1786039200,29425.84,29472.84,29395.960000000003,29412.960000000003,,
1786042800,29412.960000000003,29467.460000000003,29372.210000000003,29394.710000000003,,
1786046400,29394.710000000003,29448.190000000002,29377.190000000002,29400.88,,
1786053600,29400.88,29481.38,29394.08,29465.510000000002,,
1786057200,29465.510000000002,29503.760000000002,29454.83,29494.88,,
1786060800,29494.88,29519.010000000002,29397.13,29461.63,,
1786064400,29461.63,29482.13,29383.010000000002,29426.510000000002,,
1786068000,29426.510000000002,29448.38,29376.38,29426.510000000002,,
1786071600,29426.510000000002,29446.88,29385.510000000002,29388.260000000002,,
1786075200,29388.260000000002,29425.38,29354.08,29409.760000000002,,
1786078800,29409.760000000002,29456.760000000002,29405.38,29422.88,,
1786082400,29422.88,29483.63,29420.38,29453.010000000002,,
1786086000,29453.010000000002,29492.510000000002,29432.13,29483.88,,
1786089600,29483.88,29547.63,29483.510000000002,29533.13,,
1786093200,29533.13,29549.63,29516.13,29517.88,,
1786096800,29517.88,29528.260000000002,29492.08,29507.260000000002,,
1786100400,29507.260000000002,29569.760000000002,29505.08,29513.760000000002,,
1786104000,29513.760000000002,29767.38,29505.13,29743.760000000002,,
1786107600,29743.760000000002,29751.260000000002,29544.66,29579.41,,
1786111200,29579.41,29679.66,29464.91,29620.91,,
1786114800,29620.91,29755.41,29609.530000000002,29714.280000000002,,
1786118400,29714.280000000002,29730.530000000002,29569.66,29640.530000000002,,
1786122000,29640.530000000002,29668.66,29626.780000000002,29643.780000000002,,
1786125600,29643.780000000002,29655.030000000002,29577.41,29625.280000000002,,
1786129200,29625.280000000002,29760.66,29623.66,29734.41,,
1786132800,29734.41,29750.510000000002,29702.88,29714.710000000003,,
1786312800,29714.710000000003,29801.18,29711.13,29749.68,,
1786316400,29749.68,29786.93,29733.81,29735.18,,
1786320000,29735.18,29811.31,29694.63,29707.93,,
1786323600,29707.93,29800.06,29697.13,29790.31,,
1786327200,29790.31,29804.68,29754.06,29786.68,,
1786330800,29786.68,29804.18,29774.31,29783.68,,
1786334400,29783.68,29809.43,29770.31,29787.06,,
1786338000,29787.06,29836.06,29786.06,29834.93,,
1786341600,29834.93,29867.68,29811.81,29814.31,,
1786345200,29814.31,29889.56,29792.18,29858.56,,
1786348800,29858.56,29886.43,29844.93,29877.06,,
1786352400,29877.06,29889.06,29841.31,29843.93,,
1786356000,29843.93,29864.31,29814.68,29817.68,,
1786359600,29817.68,29831.31,29751.31,29776.93,,
1786363200,29776.93,29789.06,29677.31,29683.06,,
1786366800,29683.06,29746.83,29624.83,29712.460000000003,,
1786370400,29712.460000000003,29805.710000000003,29683.58,29685.210000000003,,
1786374000,29685.210000000003,29760.33,29646.83,29749.960000000003,,
1786377600,29749.960000000003,29764.58,29636.210000000003,29685.58,,
1786381200,29685.58,29717.08,29650.460000000003,29665.08,,
1786384800,29665.08,29690.33,29648.08,29688.33,,
1786388400,29688.33,29701.83,29628.460000000003,29649.960000000003,,
1786392000,29649.960000000003,29675.31,29642.68,29670.260000000002,,
1786399200,29670.260000000002,29697.07,29631.57,29641.57,,
1786402800,29641.57,29643.45,29586.57,29612.07,,
1786406400,29612.07,29702.57,29575.2,29693.95,,
1786410000,29693.95,29751.2,29673.32,29727.32,,
1786413600,29727.32,29752.95,29721.32,29727.2,,
1786417200,29727.2,29756.2,29723.82,29740.82,,
1786420800,29740.82,29770.45,29740.82,29747.95,,
1786424400,29747.95,29762.95,29697.02,29701.82,,
1786428000,29701.82,29736.2,29641.32,29663.82,,
1786431600,29663.82,29689.07,29637.2,29683.32,,
1786435200,29683.32,29713.07,29626.7,29657.7,,
1786438800,29657.7,29692.45,29627.32,29678.07,,
1786442400,29678.07,29741.95,29659.32,29726.32,,
1786446000,29726.32,29795.57,29720.07,29740.95,,
1786449600,29740.95,29780.07,29728.2,29741.32,,
1786453200,29741.32,29759.95,29541.27,29642.600000000002,,
1786456800,29642.600000000002,29713.97,29628.100000000002,29685.47,,
1786460400,29685.47,29701.350000000002,29568.47,29572.22,,
1786464000,29572.22,29590.850000000002,29524.27,29535.350000000002,,
1786467600,29535.350000000002,29549.97,29481.97,29538.22,,
1786471200,29538.22,29544.47,29442.600000000002,29491.850000000002,,
1786474800,29491.850000000002,29569.47,29480.72,29544.600000000002,,
1786478400,29544.600000000002,29585.7,29523.7,29556.02,,
1786485600,29556.02,29577.480000000003,29539.43,29561.980000000003,,
1786489200,29561.980000000003,29574.61,29546.36,29574.11,,
1786492800,29574.11,29591.61,29536.980000000003,29578.730000000003,,
1786496400,29578.730000000003,29595.36,29551.480000000003,29570.86,,
1786500000,29570.86,29614.980000000003,29561.730000000003,29614.36,,
1786503600,29614.36,29621.86,29597.11,29606.730000000003,,
1786507200,29606.730000000003,29627.61,29595.36,29625.61,,
1786510800,29625.61,29629.86,29580.480000000003,29627.36,,
1786514400,29627.36,29648.980000000003,29609.61,29648.36,,
1786518000,29648.36,29666.480000000003,29639.730000000003,29662.980000000003,,
1786521600,29662.980000000003,29711.230000000003,29659.730000000003,29706.11,,
1786525200,29706.11,29760.730000000003,29705.230000000003,29727.980000000003,,
1786528800,29727.980000000003,29757.11,29698.18,29727.230000000003,,
1786532400,29727.230000000003,29758.230000000003,29717.480000000003,29757.61,,
1786536000,29757.61,29870.18,29662.93,29831.480000000003,,
1786539600,29831.480000000003,29913.63,29765.88,29819.63,,
1786543200,29819.63,29857.760000000002,29740.88,29779.760000000002,,
1786546800,29779.760000000002,29803.88,29731.13,29744.510000000002,,
1786550400,29744.510000000002,29830.13,29741.510000000002,29817.760000000002,,
1786554000,29817.760000000002,29836.63,29801.88,29822.63,,
1786557600,29822.63,29844.260000000002,29797.510000000002,29802.63,,
1786561200,29802.63,29816.88,29738.260000000002,29764.88,,
1786564800,29764.88,29817.980000000003,29716.480000000003,29719.06,,
1786572000,29719.06,29743.980000000003,29692.93,29711.66,,
1786575600,29711.66,29728.780000000002,29706.530000000002,29719.030000000002,,
1786579200,29718.41,29780.28,29710.91,29760.78,,
1786582800,29760.78,29778.91,29723.53,29771.03,,
1786586400,29771.03,29791.16,29747.91,29782.91,,
1786590000,29782.91,29793.91,29779.53,29792.66,,
1786593600,29792.66,29809.66,29768.03,29793.03,,
1786597200,29793.03,29837.53,29789.03,29798.16,,
1786600800,29798.16,29819.28,29773.03,29802.78,,
1786604400,29802.78,29807.28,29759.28,29773.16,,
1786608000,29773.16,29788.91,29742.28,29775.03,,
1786611600,29775.03,29793.53,29735.66,29791.28,,
1786615200,29791.28,29799.53,29777.41,29794.91,,
1786618800,29794.91,29808.78,29769.91,29782.66,,
1786622400,29782.66,29800.48,29727.16,29793.91,,
1786626000,29793.91,30094.93,29778.18,30090.81,,
1786629600,30090.81,30181.18,30071.18,30113.81,,
1786633200,30113.81,30152.81,30019.43,30029.56,,
1786636800,30029.56,30117.18,30028.93,30107.93,,
1786640400,30107.93,30164.18,30107.93,30118.93,,
1786644000,30118.93,30160.18,30095.93,30158.43,,
1786647600,30158.43,30186.93,30089.06,30110.68,,
1786651200,30110.68,30132.91,30059.73,30129.36,,
1786658400,30129.36,30130.72,30102.47,30118.09,,
1786662000,30118.09,30140.09,30105.47,30117.97,,
1786665600,30117.97,30146.47,30081.47,30084.47,,
1786669200,30084.47,30084.47,30039.22,30066.47,,
1786672800,30066.47,30095.34,30064.47,30068.97,,
1786676400,30068.97,30095.47,30065.22,30067.22,,
1786680000,30067.22,30079.72,30052.84,30062.47,,
1786683600,30062.47,30096.22,30043.22,30088.84,,
1786687200,30088.84,30092.72,30063.09,30087.47,,
1786690800,30087.47,30117.72,30085.97,30108.84,,
1786694400,30108.84,30154.09,30102.34,30135.97,,
1786698000,30135.97,30150.09,30121.84,30149.34,,
1786701600,30149.34,30166.22,30137.34,30166.09,,
1786705200,30166.09,30182.22,30152.09,30178.97,,
1786708800,30178.97,30194.47,30125.59,30182.97,,
1786712400,30182.97,30196.34,30086.87,30140.62,,
1786716000,30140.62,30186.49,30038.24,30038.24,,
1786719600,30038.24,30056.24,29945.12,29981.37,,
1786723200,29981.37,30022.24,29966.12,29973.74,,
1786726800,29973.74,29999.24,29963.37,29995.99,,
1786730400,29995.99,30018.74,29978.24,30003.37,,
1786734000,30003.37,30062.74,29991.99,30059.49,,
1786737600,30059.49,30067.47,30042.34,30056.79,,
1786917600,30056.79,30134.2,30056.79,30129.08,,
1786921200,30129.08,30150.95,30115.2,30138.58,,
1786924800,30138.58,30149.95,30109.33,30124.83,,
1786928400,30124.83,30161.7,30110.58,30115.33,,
1786932000,30115.33,30154.2,30109.33,30146.08,,
1786935600,30146.08,30169.95,30145.83,30169.83,,
1786939200,30169.83,30176.7,30156.7,30158.45,,
1786942800,30158.45,30197.33,30154.45,30196.08,,
1786946400,30196.08,30249.95,30191.08,30247.95,,
1786950000,30247.95,30254.2,30184.83,30236.2,,
1786953600,30236.2,30250.95,30208.2,30221.45,,
1786957200,30221.45,30226.2,30191.08,30204.83,,
1786960800,30204.83,30262.7,30199.95,30238.33,,
1786964400,30238.33,30247.83,30209.83,30209.83,,
1786968000,30209.83,30211.95,30104.83,30125.58,,
1786971600,30125.58,30188.98,30090.48,30157.1,,
1786975200,30157.1,30169.35,30081.6,30167.48,,
1786978800,30167.48,30210.23,30133.1,30163.35,,
1786982400,30163.35,30167.1,30099.48,30107.6,,
1786986000,30107.6,30110.35,30011.6,30025.98,,
1786989600,30025.98,30060.1,30003.6,30046.1,,
1786993200,30046.1,30047.98,29990.6,30014.35,,
1786996800,30014.35,30020.83,29978.7,30002.9,,
1787004000,30002.9,30017.53,29988.78,30005.15,,
1787007600,30005.15,30026.4,29996.65,30020.78,,
1787011200,30020.78,30046.65,30010.15,30024.9,,
1787014800,30024.9,30035.78,29899.53,29939.15,,
1787018400,29939.15,29947.78,29807.15,29834.78,,
1787022000,29834.78,29841.78,29779.65,29819.4,,
1787025600,29819.4,29853.03,29796.78,29843.65,,
1787029200,29843.65,29844.65,29762.9,29767.03,,
1787032800,29767.03,29821.15,29712.03,29818.78,,
1787036400,29818.78,29822.78,29735.15,29736.53,,
1787040000,29736.53,29740.28,29662.03,29693.03,,
1787043600,29693.03,29703.78,29613.65,29658.9,,
1787047200,29658.9,29678.4,29631.28,29664.65,,
1787050800,29664.65,29699.65,29653.65,29674.03,,
1787054400,29674.03,29711.15,29608.03,29639.53,,
1787058000,29639.53,29695.43,29531.93,29573.55,,
1787061600,29573.55,29631.43,29463.43,29473.93,,
1787065200,29473.93,29567.3,29441.05,29563.05,,
1787068800,29563.05,29596.68,29530.55,29576.05,,
1787072400,29576.05,29587.18,29492.3,29492.3,,
1787076000,29492.3,29540.55,29473.8,29497.8,,
1787079600,29497.8,29534.18,29486.55,29511.93,,
1787083200,29511.93,29522.9,29476.53,29487.72,,
1787090400,29487.72,29523.38,29448.25,29450.13,,
1787094000,29450.13,29497.5,29445.88,29458.5,,
1787097600,29458.5,29516.13,29376.5,29470.88,,
1787101200,29470.88,29540,29461,29509,,
1787104800,29509,29514,29446.38,29462,,
1787108400,29462,29497.13,29446.88,29456.25,,
1787112000,29456.25,29473.75,29394.88,29436.25,,
1787115600,29436.25,29465,29377.5,29387.38,,
1787119200,29387.38,29491.88,29361.63,29489.13,,
1787122800,29489.13,29537,29451.5,29531.13,,
1787126400,29531.13,29571.13,29523.5,29538.5,,
1787130000,29538.5,29560.5,29467.5,29484.5,,
1787133600,29484.5,29489.13,29441.13,29451.88,,
1787137200,29451.88,29508,29438.13,29466.13,,
1787140800,29466.13,29687,29442,29673.13,,
1787144400,29673.13,29678.38,29339.780000000002,29427.030000000002,,
1787148000,29427.030000000002,29497.65,29309.280000000002,29496.280000000002,,